[22:22:04] [main/INFO] (FabricLoader/GameProvider) Loading Minecraft 1.20.1 with Fabric Loader 0.19.5
[22:22:04] [main/DEBUG] (FabricLoader/GamePatch) Found game constructor: net.minecraft.client.main.Main -> net.minecraft.client.MinecraftClient
[22:22:04] [main/DEBUG] (FabricLoader/GamePatch) Patching game constructor <init>(Lnet/minecraft/client/RunArgs;)V
[22:22:04] [main/DEBUG] (FabricLoader/GamePatch) Run directory field is thought to be net/minecraft/client/MinecraftClient/runDirectory
[22:22:04] [main/DEBUG] (FabricLoader/GamePatch) Applying brand name hook to net/minecraft/client/ClientBrandRetriever::getClientModName
[22:22:04] [main/DEBUG] (FabricLoader/GamePatch) Applying brand name hook to net/minecraft/server/MinecraftServer::getServerModName
[22:22:04] [main/DEBUG] (FabricLoader/GamePatch) Patched 3 classs
[22:22:04] [main/DEBUG] (FabricLoader/Discovery) Mod discovery time: 39.6 ms
[22:22:05] [main/DEBUG] (FabricLoader/Resolution) Mod resolution time: 125.7 ms
[22:22:05] [main/INFO] (FabricLoader) Loading 64 mods:
	- baritone 1.10.5
	- fabric-api 0.92.12+1.20.1
	- fabric-api-base 0.4.32+1802ada577
	- fabric-api-lookup-api-v1 1.6.37+1802ada577
	- fabric-biome-api-v1 13.0.15+93aa238b77
	- fabric-block-api-v1 1.0.12+1802ada577
	- fabric-block-view-api-v2 1.0.3+924f046a77
	- fabric-blockrenderlayer-v1 1.1.42+1802ada577
	- fabric-client-tags-api-v1 1.2.0+238242b777
	- fabric-command-api-v1 1.2.35+f71b366f77
	- fabric-command-api-v2 2.2.14+1802ada577
	- fabric-commands-v0 0.2.52+df3654b377
	- fabric-containers-v0 0.1.68+df3654b377
	- fabric-content-registries-v0 4.0.13+1802ada577
	- fabric-convention-tags-v1 1.5.6+1802ada577
	- fabric-crash-report-info-v1 0.2.20+1802ada577
	- fabric-data-attachment-api-v1 1.0.2+de0fd6d177
	- fabric-data-generation-api-v1 12.4.0+238242b777
	- fabric-dimensions-v1 2.1.55+1802ada577
	- fabric-entity-events-v1 1.6.1+1c78457f77
	- fabric-events-interaction-v0 0.6.6+13a40c6677
	- fabric-events-lifecycle-v0 0.2.64+df3654b377
	- fabric-game-rule-api-v1 1.0.41+1802ada577
	- fabric-gametest-api-v1 1.2.15+1802ada577
	- fabric-item-api-v1 2.1.29+1802ada577
	- fabric-item-group-api-v1 4.0.14+1802ada577
	- fabric-key-binding-api-v1 1.0.38+1802ada577
	- fabric-keybindings-v0 0.2.36+df3654b377
	- fabric-lifecycle-events-v1 2.2.23+1802ada577
	- fabric-loot-api-v2 1.2.3+1802ada577
	- fabric-loot-tables-v1 1.1.47+9e7660c677
	- fabric-message-api-v1 5.1.10+1802ada577
	- fabric-mining-level-api-v1 2.1.52+1802ada577
	- fabric-model-loading-api-v1 1.0.4+1802ada577
	- fabric-models-v0 0.4.3+9386d8a777
	- fabric-networking-api-v1 1.3.15+0caff8d077
	- fabric-networking-v0 0.3.55+df3654b377
	- fabric-object-builder-api-v1 11.1.5+e35120df77
	- fabric-particles-v1 1.1.3+1802ada577
	- fabric-recipe-api-v1 1.0.25+1802ada577
	- fabric-registry-sync-v0 2.4.1+4c0a70e677
	- fabric-renderer-api-v1 3.2.2+1802ada577
	- fabric-renderer-indigo 1.5.3+85287f9f77
	- fabric-renderer-registries-v1 3.2.48+df3654b377
	- fabric-rendering-data-attachment-v1 0.3.39+92a0d36777
	- fabric-rendering-fluids-v1 3.0.29+1802ada577
	- fabric-rendering-v0 1.1.51+df3654b377
	- fabric-rendering-v1 3.0.10+54550fb677
	- fabric-resource-conditions-api-v1 2.3.9+1802ada577
	- fabric-resource-loader-v0 0.11.12+fb82e9d777
	- fabric-screen-api-v1 2.0.9+1802ada577
	- fabric-screen-handler-api-v1 1.3.34+1802ada577
	- fabric-sound-api-v1 1.0.14+1802ada577
	- fabric-tag-api-v1 1.3.0+238242b777
	- fabric-transfer-api-v1 3.3.6+8dd72ea377
	- fabric-transitive-access-wideners-v1 4.3.2+1802ada577
	- fabricloader 0.19.5
	- java 21
	- lazymaterialgathering 0.0.7-1.20.1
	- litematica 0.15.4
	- malilib 0.16.0
	- minecraft 1.20.1
	- mixinextras 0.5.5
	- modmenu 7.2.2
[22:22:10] [main/DEBUG] (FabricLoader/Knot) Adding C:\Users\360mcv\Downloads\lazymaterialgathering-template-1.20.1\.gradle\loom-cache\remapped_mods\remapped\net\fabricmc\fabric-api\fabric-object-builder-api-v1-ceaf4ab3\11.1.5+e35120df77\fabric-object-builder-api-v1-ceaf4ab3-11.1.5+e35120df77.jar to classpath.
[22:22:10] [main/DEBUG] (FabricLoader/Knot) Adding C:\Users\360mcv\Downloads\lazymaterialgathering-template-1.20.1\.gradle\loom-cache\remapped_mods\remapped\net\fabricmc\fabric-api\fabric-loot-api-v2-ceaf4ab3\1.2.3+1802ada577\fabric-loot-api-v2-ceaf4ab3-1.2.3+1802ada577.jar to classpath.
[22:22:10] [main/DEBUG] (FabricLoader/Knot) Adding C:\Users\360mcv\Downloads\lazymaterialgathering-template-1.20.1\.gradle\loom-cache\remapped_mods\remapped\net\fabricmc\fabric-api\fabric-keybindings-v0-ceaf4ab3\0.2.36+df3654b377\fabric-keybindings-v0-ceaf4ab3-0.2.36+df3654b377.jar to classpath.
[22:22:10] [main/DEBUG] (FabricLoader/Knot) Adding C:\Users\360mcv\Downloads\lazymaterialgathering-template-1.20.1\.gradle\loom-cache\remapped_mods\remapped\net\fabricmc\fabric-api\fabric-lifecycle-events-v1-ceaf4ab3\2.2.23+1802ada577\fabric-lifecycle-events-v1-ceaf4ab3-2.2.23+1802ada577.jar to classpath.
[22:22:10] [main/DEBUG] (FabricLoader/Knot) Adding C:\Users\360mcv\Downloads\lazymaterialgathering-template-1.20.1\.gradle\loom-cache\remapped_mods\remapped\net\fabricmc\fabric-api\fabric-api-base-ceaf4ab3\0.4.32+1802ada577\fabric-api-base-ceaf4ab3-0.4.32+1802ada577.jar to classpath.
[22:22:10] [main/DEBUG] (FabricLoader/Knot) Adding C:\Users\360mcv\Downloads\lazymaterialgathering-template-1.20.1\.gradle\loom-cache\remapped_mods\remapped\net\fabricmc\fabric-api\fabric-model-loading-api-v1-ceaf4ab3\1.0.4+1802ada577\fabric-model-loading-api-v1-ceaf4ab3-1.0.4+1802ada577.jar to classpath.
[22:22:10] [main/DEBUG] (FabricLoader/Knot) Adding C:\Users\360mcv\Downloads\lazymaterialgathering-template-1.20.1\.gradle\loom-cache\remapped_mods\remapped\net\fabricmc\fabric-api\fabric-tag-api-v1-ceaf4ab3\1.3.0+238242b777\fabric-tag-api-v1-ceaf4ab3-1.3.0+238242b777.jar to classpath.
[22:22:10] [main/DEBUG] (FabricLoader/Knot) Adding C:\Users\360mcv\Downloads\lazymaterialgathering-template-1.20.1\.gradle\loom-cache\remapped_mods\remapped\unspecified\baritone-api-fabric-1.10.5-ceaf4ab3\2ec4cb8f94\baritone-api-fabric-1.10.5-ceaf4ab3-2ec4cb8f94.jar to classpath.
[22:22:10] [main/DEBUG] (FabricLoader/Knot) Adding C:\Users\360mcv\Downloads\lazymaterialgathering-template-1.20.1\.gradle\loom-cache\remapped_mods\remapped\net\fabricmc\fabric-api\fabric-rendering-v0-ceaf4ab3\1.1.51+df3654b377\fabric-rendering-v0-ceaf4ab3-1.1.51+df3654b377.jar to classpath.
[22:22:10] [main/DEBUG] (FabricLoader/Knot) Adding C:\Users\360mcv\Downloads\lazymaterialgathering-template-1.20.1\.gradle\loom-cache\remapped_mods\remapped\net\fabricmc\fabric-api\fabric-rendering-v1-ceaf4ab3\3.0.10+54550fb677\fabric-rendering-v1-ceaf4ab3-3.0.10+54550fb677.jar to classpath.
[22:22:10] [main/DEBUG] (FabricLoader/Knot) Adding C:\Users\360mcv\Downloads\lazymaterialgathering-template-1.20.1\.gradle\loom-cache\remapped_mods\remapped\net\fabricmc\fabric-api\fabric-data-generation-api-v1-ceaf4ab3\12.4.0+238242b777\fabric-data-generation-api-v1-ceaf4ab3-12.4.0+238242b777.jar to classpath.
[22:22:10] [main/DEBUG] (FabricLoader/Knot) Adding C:\Users\360mcv\Downloads\lazymaterialgathering-template-1.20.1\.gradle\loom-cache\remapped_mods\remapped\net\fabricmc\fabric-api\fabric-events-interaction-v0-ceaf4ab3\0.6.6+13a40c6677\fabric-events-interaction-v0-ceaf4ab3-0.6.6+13a40c6677.jar to classpath.
[22:22:10] [main/DEBUG] (FabricLoader/Knot) Adding C:\Users\360mcv\Downloads\lazymaterialgathering-template-1.20.1\.gradle\loom-cache\remapped_mods\remapped\fi\dy\masa\malilib\malilib-fabric-1.20.1-ceaf4ab3\0.16.0\malilib-fabric-1.20.1-ceaf4ab3-0.16.0.jar to classpath.
[22:22:10] [main/DEBUG] (FabricLoader/Knot) Adding C:\Users\360mcv\Downloads\lazymaterialgathering-template-1.20.1\.gradle\loom-cache\remapped_mods\remapped\net\fabricmc\fabric-api\fabric-recipe-api-v1-ceaf4ab3\1.0.25+1802ada577\fabric-recipe-api-v1-ceaf4ab3-1.0.25+1802ada577.jar to classpath.
[22:22:10] [main/DEBUG] (FabricLoader/Knot) Adding C:\Users\360mcv\Downloads\lazymaterialgathering-template-1.20.1\.gradle\loom-cache\remapped_mods\remapped\net\fabricmc\fabric-api\fabric-command-api-v1-ceaf4ab3\1.2.35+f71b366f77\fabric-command-api-v1-ceaf4ab3-1.2.35+f71b366f77.jar to classpath.
[22:22:10] [main/DEBUG] (FabricLoader/Knot) Adding C:\Users\360mcv\Downloads\lazymaterialgathering-template-1.20.1\.gradle\loom-cache\remapped_mods\remapped\net\fabricmc\fabric-api\fabric-transfer-api-v1-ceaf4ab3\3.3.6+8dd72ea377\fabric-transfer-api-v1-ceaf4ab3-3.3.6+8dd72ea377.jar to classpath.
[22:22:10] [main/DEBUG] (FabricLoader/Knot) Adding C:\Users\360mcv\Downloads\lazymaterialgathering-template-1.20.1\.gradle\loom-cache\remapped_mods\remapped\net\fabricmc\fabric-api\fabric-networking-v0-ceaf4ab3\0.3.55+df3654b377\fabric-networking-v0-ceaf4ab3-0.3.55+df3654b377.jar to classpath.
[22:22:10] [main/DEBUG] (FabricLoader/Knot) Adding C:\Users\360mcv\Downloads\lazymaterialgathering-template-1.20.1\.gradle\loom-cache\remapped_mods\remapped\net\fabricmc\fabric-api\fabric-crash-report-info-v1-ceaf4ab3\0.2.20+1802ada577\fabric-crash-report-info-v1-ceaf4ab3-0.2.20+1802ada577.jar to classpath.
[22:22:10] [main/DEBUG] (FabricLoader/Knot) Adding C:\Users\360mcv\Downloads\lazymaterialgathering-template-1.20.1\.gradle\loom-cache\remapped_mods\remapped\net\fabricmc\fabric-api\fabric-content-registries-v0-ceaf4ab3\4.0.13+1802ada577\fabric-content-registries-v0-ceaf4ab3-4.0.13+1802ada577.jar to classpath.
[22:22:10] [main/DEBUG] (FabricLoader/Knot) Adding C:\Users\360mcv\Downloads\lazymaterialgathering-template-1.20.1\.gradle\loom-cache\remapped_mods\remapped\net\fabricmc\fabric-api\fabric-renderer-registries-v1-ceaf4ab3\3.2.48+df3654b377\fabric-renderer-registries-v1-ceaf4ab3-3.2.48+df3654b377.jar to classpath.
[22:22:10] [main/DEBUG] (FabricLoader/Knot) Adding C:\Users\360mcv\Downloads\lazymaterialgathering-template-1.20.1\.gradle\loom-cache\remapped_mods\remapped\net\fabricmc\fabric-api\fabric-block-view-api-v2-ceaf4ab3\1.0.3+924f046a77\fabric-block-view-api-v2-ceaf4ab3-1.0.3+924f046a77.jar to classpath.
[22:22:10] [main/DEBUG] (FabricLoader/Knot) Adding C:\Users\360mcv\Downloads\lazymaterialgathering-template-1.20.1\.gradle\loom-cache\remapped_mods\remapped\net\fabricmc\fabric-api\fabric-entity-events-v1-ceaf4ab3\1.6.1+1c78457f77\fabric-entity-events-v1-ceaf4ab3-1.6.1+1c78457f77.jar to classpath.
[22:22:10] [main/DEBUG] (FabricLoader/Knot) Adding C:\Users\360mcv\Downloads\lazymaterialgathering-template-1.20.1\.gradle\loom-cache\remapped_mods\remapped\net\fabricmc\fabric-api\fabric-convention-tags-v1-ceaf4ab3\1.5.6+1802ada577\fabric-convention-tags-v1-ceaf4ab3-1.5.6+1802ada577.jar to classpath.
[22:22:10] [main/DEBUG] (FabricLoader/Knot) Adding C:\Users\360mcv\Downloads\lazymaterialgathering-template-1.20.1\.gradle\loom-cache\remapped_mods\remapped\net\fabricmc\fabric-api\fabric-rendering-fluids-v1-ceaf4ab3\3.0.29+1802ada577\fabric-rendering-fluids-v1-ceaf4ab3-3.0.29+1802ada577.jar to classpath.
[22:22:10] [main/DEBUG] (FabricLoader/Knot) Adding C:\Users\360mcv\Downloads\lazymaterialgathering-template-1.20.1\.gradle\loom-cache\remapped_mods\remapped\net\fabricmc\fabric-api\fabric-block-api-v1-ceaf4ab3\1.0.12+1802ada577\fabric-block-api-v1-ceaf4ab3-1.0.12+1802ada577.jar to classpath.
[22:22:10] [main/DEBUG] (FabricLoader/Knot) Adding C:\Users\360mcv\Downloads\lazymaterialgathering-template-1.20.1\run\.fabric\processedMods\modmenu-7.2.2-64b5720b4b825f21.jar to classpath.
[22:22:10] [main/DEBUG] (FabricLoader/Knot) Adding C:\Users\360mcv\Downloads\lazymaterialgathering-template-1.20.1\.gradle\loom-cache\remapped_mods\remapped\net\fabricmc\fabric-api\fabric-api-lookup-api-v1-ceaf4ab3\1.6.37+1802ada577\fabric-api-lookup-api-v1-ceaf4ab3-1.6.37+1802ada577.jar to classpath.
[22:22:10] [main/DEBUG] (FabricLoader/Knot) Adding C:\Users\360mcv\Downloads\lazymaterialgathering-template-1.20.1\.gradle\loom-cache\remapped_mods\remapped\net\fabricmc\fabric-api\fabric-game-rule-api-v1-ceaf4ab3\1.0.41+1802ada577\fabric-game-rule-api-v1-ceaf4ab3-1.0.41+1802ada577.jar to classpath.
[22:22:10] [main/DEBUG] (FabricLoader/Knot) Adding C:\Users\360mcv\Downloads\lazymaterialgathering-template-1.20.1\build\resources\main to classpath.
[22:22:10] [main/DEBUG] (FabricLoader/Knot) Adding C:\Users\360mcv\Downloads\lazymaterialgathering-template-1.20.1\.gradle\loom-cache\remapped_mods\remapped\net\fabricmc\fabric-api\fabric-networking-api-v1-ceaf4ab3\1.3.15+0caff8d077\fabric-networking-api-v1-ceaf4ab3-1.3.15+0caff8d077.jar to classpath.
[22:22:10] [main/DEBUG] (FabricLoader/Knot) Adding C:\Users\360mcv\Downloads\lazymaterialgathering-template-1.20.1\.gradle\loom-cache\remapped_mods\remapped\net\fabricmc\fabric-api\fabric-biome-api-v1-ceaf4ab3\13.0.15+93aa238b77\fabric-biome-api-v1-ceaf4ab3-13.0.15+93aa238b77.jar to classpath.
[22:22:10] [main/DEBUG] (FabricLoader/Knot) Adding C:\Users\360mcv\Downloads\lazymaterialgathering-template-1.20.1\.gradle\loom-cache\remapped_mods\remapped\net\fabricmc\fabric-api\fabric-models-v0-ceaf4ab3\0.4.3+9386d8a777\fabric-models-v0-ceaf4ab3-0.4.3+9386d8a777.jar to classpath.
[22:22:10] [main/DEBUG] (FabricLoader/Knot) Adding C:\Users\360mcv\Downloads\lazymaterialgathering-template-1.20.1\.gradle\loom-cache\remapped_mods\remapped\net\fabricmc\fabric-api\fabric-commands-v0-ceaf4ab3\0.2.52+df3654b377\fabric-commands-v0-ceaf4ab3-0.2.52+df3654b377.jar to classpath.
[22:22:10] [main/DEBUG] (FabricLoader/Knot) Adding C:\Users\360mcv\Downloads\lazymaterialgathering-template-1.20.1\.gradle\loom-cache\remapped_mods\remapped\net\fabricmc\fabric-api\fabric-containers-v0-ceaf4ab3\0.1.68+df3654b377\fabric-containers-v0-ceaf4ab3-0.1.68+df3654b377.jar to classpath.
[22:22:10] [main/DEBUG] (FabricLoader/Knot) Adding C:\Users\360mcv\Downloads\lazymaterialgathering-template-1.20.1\.gradle\loom-cache\remapped_mods\remapped\net\fabricmc\fabric-api\fabric-screen-api-v1-ceaf4ab3\2.0.9+1802ada577\fabric-screen-api-v1-ceaf4ab3-2.0.9+1802ada577.jar to classpath.
[22:22:10] [main/DEBUG] (FabricLoader/Knot) Adding C:\Users\360mcv\Downloads\lazymaterialgathering-template-1.20.1\.gradle\loom-cache\remapped_mods\remapped\net\fabricmc\fabric-api\fabric-sound-api-v1-ceaf4ab3\1.0.14+1802ada577\fabric-sound-api-v1-ceaf4ab3-1.0.14+1802ada577.jar to classpath.
[22:22:10] [main/DEBUG] (FabricLoader/Knot) Adding C:\Users\360mcv\Downloads\lazymaterialgathering-template-1.20.1\.gradle\loom-cache\remapped_mods\remapped\net\fabricmc\fabric-api\fabric-dimensions-v1-ceaf4ab3\2.1.55+1802ada577\fabric-dimensions-v1-ceaf4ab3-2.1.55+1802ada577.jar to classpath.
[22:22:10] [main/DEBUG] (FabricLoader/Knot) Adding C:\Users\360mcv\Downloads\lazymaterialgathering-template-1.20.1\.gradle\loom-cache\remapped_mods\remapped\net\fabricmc\fabric-api\fabric-rendering-data-attachment-v1-ceaf4ab3\0.3.39+92a0d36777\fabric-rendering-data-attachment-v1-ceaf4ab3-0.3.39+92a0d36777.jar to classpath.
[22:22:10] [main/DEBUG] (FabricLoader/Knot) Adding C:\Users\360mcv\Downloads\lazymaterialgathering-template-1.20.1\.gradle\loom-cache\remapped_mods\remapped\net\fabricmc\fabric-api\fabric-blockrenderlayer-v1-ceaf4ab3\1.1.42+1802ada577\fabric-blockrenderlayer-v1-ceaf4ab3-1.1.42+1802ada577.jar to classpath.
[22:22:10] [main/DEBUG] (FabricLoader/Knot) Adding C:\Users\360mcv\Downloads\lazymaterialgathering-template-1.20.1\.gradle\loom-cache\remapped_mods\remapped\net\fabricmc\fabric-api\fabric-renderer-indigo-ceaf4ab3\1.5.3+85287f9f77\fabric-renderer-indigo-ceaf4ab3-1.5.3+85287f9f77.jar to classpath.
[22:22:10] [main/DEBUG] (FabricLoader/Knot) Adding C:\Users\360mcv\.gradle\caches\modules-2\files-2.1\io.github.llamalad7\mixinextras-fabric\0.5.5\d1055b99c0ab08a8403fe2da3d79ca28e6340a76\mixinextras-fabric-0.5.5.jar to classpath.
[22:22:10] [main/DEBUG] (FabricLoader/Knot) Adding C:\Users\360mcv\Downloads\lazymaterialgathering-template-1.20.1\.gradle\loom-cache\remapped_mods\remapped\net\fabricmc\fabric-api\fabric-loot-tables-v1-ceaf4ab3\1.1.47+9e7660c677\fabric-loot-tables-v1-ceaf4ab3-1.1.47+9e7660c677.jar to classpath.
[22:22:10] [main/DEBUG] (FabricLoader/Knot) Adding C:\Users\360mcv\Downloads\lazymaterialgathering-template-1.20.1\.gradle\loom-cache\remapped_mods\remapped\net\fabricmc\fabric-api\fabric-resource-loader-v0-ceaf4ab3\0.11.12+fb82e9d777\fabric-resource-loader-v0-ceaf4ab3-0.11.12+fb82e9d777.jar to classpath.
[22:22:10] [main/DEBUG] (FabricLoader/Knot) Adding C:\Users\360mcv\Downloads\lazymaterialgathering-template-1.20.1\.gradle\loom-cache\remapped_mods\remapped\net\fabricmc\fabric-api\fabric-mining-level-api-v1-ceaf4ab3\2.1.52+1802ada577\fabric-mining-level-api-v1-ceaf4ab3-2.1.52+1802ada577.jar to classpath.
[22:22:10] [main/DEBUG] (FabricLoader/Knot) Adding C:\Users\360mcv\Downloads\lazymaterialgathering-template-1.20.1\.gradle\loom-cache\remapped_mods\remapped\net\fabricmc\fabric-api\fabric-screen-handler-api-v1-ceaf4ab3\1.3.34+1802ada577\fabric-screen-handler-api-v1-ceaf4ab3-1.3.34+1802ada577.jar to classpath.
[22:22:10] [main/DEBUG] (FabricLoader/Knot) Adding C:\Users\360mcv\Downloads\lazymaterialgathering-template-1.20.1\.gradle\loom-cache\remapped_mods\remapped\net\fabricmc\fabric-api\fabric-message-api-v1-ceaf4ab3\5.1.10+1802ada577\fabric-message-api-v1-ceaf4ab3-5.1.10+1802ada577.jar to classpath.
[22:22:10] [main/DEBUG] (FabricLoader/Knot) Adding C:\Users\360mcv\Downloads\lazymaterialgathering-template-1.20.1\.gradle\loom-cache\remapped_mods\remapped\net\fabricmc\fabric-api\fabric-command-api-v2-ceaf4ab3\2.2.14+1802ada577\fabric-command-api-v2-ceaf4ab3-2.2.14+1802ada577.jar to classpath.
[22:22:10] [main/DEBUG] (FabricLoader/Knot) Adding C:\Users\360mcv\Downloads\lazymaterialgathering-template-1.20.1\.gradle\loom-cache\remapped_mods\remapped\net\fabricmc\fabric-api\fabric-item-api-v1-ceaf4ab3\2.1.29+1802ada577\fabric-item-api-v1-ceaf4ab3-2.1.29+1802ada577.jar to classpath.
[22:22:10] [main/DEBUG] (FabricLoader/Knot) Adding C:\Users\360mcv\Downloads\lazymaterialgathering-template-1.20.1\.gradle\loom-cache\remapped_mods\remapped\net\fabricmc\fabric-api\fabric-registry-sync-v0-ceaf4ab3\2.4.1+4c0a70e677\fabric-registry-sync-v0-ceaf4ab3-2.4.1+4c0a70e677.jar to classpath.
[22:22:10] [main/DEBUG] (FabricLoader/Knot) Adding C:\Users\360mcv\Downloads\lazymaterialgathering-template-1.20.1\.gradle\loom-cache\remapped_mods\remapped\net\fabricmc\fabric-api\fabric-renderer-api-v1-ceaf4ab3\3.2.2+1802ada577\fabric-renderer-api-v1-ceaf4ab3-3.2.2+1802ada577.jar to classpath.
[22:22:10] [main/DEBUG] (FabricLoader/Knot) Adding C:\Users\360mcv\Downloads\lazymaterialgathering-template-1.20.1\.gradle\loom-cache\remapped_mods\remapped\maven\modrinth\bEpr0Arc-ceaf4ab3\1ZTpW1lr\bEpr0Arc-ceaf4ab3-1ZTpW1lr.jar to classpath.
[22:22:10] [main/DEBUG] (FabricLoader/Knot) Adding C:\Users\360mcv\Downloads\lazymaterialgathering-template-1.20.1\.gradle\loom-cache\remapped_mods\remapped\net\fabricmc\fabric-api\fabric-client-tags-api-v1-ceaf4ab3\1.2.0+238242b777\fabric-client-tags-api-v1-ceaf4ab3-1.2.0+238242b777.jar to classpath.
[22:22:10] [main/DEBUG] (FabricLoader/Knot) Adding C:\Users\360mcv\Downloads\lazymaterialgathering-template-1.20.1\.gradle\loom-cache\remapped_mods\remapped\net\fabricmc\fabric-api\fabric-particles-v1-ceaf4ab3\1.1.3+1802ada577\fabric-particles-v1-ceaf4ab3-1.1.3+1802ada577.jar to classpath.
[22:22:10] [main/DEBUG] (FabricLoader/Knot) Adding C:\Users\360mcv\Downloads\lazymaterialgathering-template-1.20.1\.gradle\loom-cache\remapped_mods\remapped\net\fabricmc\fabric-api\fabric-gametest-api-v1-ceaf4ab3\1.2.15+1802ada577\fabric-gametest-api-v1-ceaf4ab3-1.2.15+1802ada577.jar to classpath.
[22:22:10] [main/DEBUG] (FabricLoader/Knot) Adding C:\Users\360mcv\Downloads\lazymaterialgathering-template-1.20.1\.gradle\loom-cache\remapped_mods\remapped\net\fabricmc\fabric-api\fabric-transitive-access-wideners-v1-ceaf4ab3\4.3.2+1802ada577\fabric-transitive-access-wideners-v1-ceaf4ab3-4.3.2+1802ada577.jar to classpath.
[22:22:10] [main/DEBUG] (FabricLoader/Knot) Adding C:\Users\360mcv\Downloads\lazymaterialgathering-template-1.20.1\.gradle\loom-cache\remapped_mods\remapped\net\fabricmc\fabric-api\fabric-data-attachment-api-v1-ceaf4ab3\1.0.2+de0fd6d177\fabric-data-attachment-api-v1-ceaf4ab3-1.0.2+de0fd6d177.jar to classpath.
[22:22:10] [main/DEBUG] (FabricLoader/Knot) Adding C:\Users\360mcv\Downloads\lazymaterialgathering-template-1.20.1\.gradle\loom-cache\remapped_mods\remapped\net\fabricmc\fabric-api\fabric-item-group-api-v1-ceaf4ab3\4.0.14+1802ada577\fabric-item-group-api-v1-ceaf4ab3-4.0.14+1802ada577.jar to classpath.
[22:22:10] [main/DEBUG] (FabricLoader/Knot) Adding C:\Users\360mcv\Downloads\lazymaterialgathering-template-1.20.1\.gradle\loom-cache\remapped_mods\remapped\net\fabricmc\fabric-api\fabric-key-binding-api-v1-ceaf4ab3\1.0.38+1802ada577\fabric-key-binding-api-v1-ceaf4ab3-1.0.38+1802ada577.jar to classpath.
[22:22:10] [main/DEBUG] (FabricLoader/Knot) Adding C:\Users\360mcv\Downloads\lazymaterialgathering-template-1.20.1\.gradle\loom-cache\remapped_mods\remapped\net\fabricmc\fabric-api\fabric-events-lifecycle-v0-ceaf4ab3\0.2.64+df3654b377\fabric-events-lifecycle-v0-ceaf4ab3-0.2.64+df3654b377.jar to classpath.
[22:22:10] [main/DEBUG] (FabricLoader/Knot) Adding C:\Users\360mcv\Downloads\lazymaterialgathering-template-1.20.1\.gradle\loom-cache\remapped_mods\remapped\net\fabricmc\fabric-api\fabric-api-ceaf4ab3\0.92.12+1.20.1\fabric-api-ceaf4ab3-0.92.12+1.20.1.jar to classpath.
[22:22:10] [main/DEBUG] (FabricLoader/Knot) Adding C:\Users\360mcv\Downloads\lazymaterialgathering-template-1.20.1\.gradle\loom-cache\remapped_mods\remapped\net\fabricmc\fabric-api\fabric-resource-conditions-api-v1-ceaf4ab3\2.3.9+1802ada577\fabric-resource-conditions-api-v1-ceaf4ab3-2.3.9+1802ada577.jar to classpath.
[22:22:10] [main/DEBUG] (FabricLoader/Entrypoint) Registering new-style initializer net.fabricmc.fabric.impl.client.event.lifecycle.ClientLifecycleEventsImpl for mod fabric-lifecycle-events-v1 (key client)
[22:22:10] [main/DEBUG] (FabricLoader/Entrypoint) Registering new-style initializer net.fabricmc.fabric.impl.event.lifecycle.LifecycleEventsImpl for mod fabric-lifecycle-events-v1 (key main)
[22:22:10] [main/DEBUG] (FabricLoader/Entrypoint) Registering new-style initializer net.fabricmc.fabric.impl.client.rendering.v0.RenderingCallbackInvoker for mod fabric-rendering-v0 (key client)
[22:22:10] [main/DEBUG] (FabricLoader/Entrypoint) Registering new-style initializer net.fabricmc.fabric.impl.event.interaction.InteractionEventsRouterClient for mod fabric-events-interaction-v0 (key client)
[22:22:10] [main/DEBUG] (FabricLoader/Entrypoint) Registering new-style initializer net.fabricmc.fabric.impl.event.interaction.InteractionEventsRouter for mod fabric-events-interaction-v0 (key main)
[22:22:10] [main/DEBUG] (FabricLoader/Entrypoint) Registering new-style initializer fi.dy.masa.malilib.compat.modmenu.ModMenuImpl for mod malilib (key modmenu)
[22:22:10] [main/DEBUG] (FabricLoader/Entrypoint) Registering new-style initializer fi.dy.masa.malilib.MaLiLib for mod malilib (key main)
[22:22:10] [main/DEBUG] (FabricLoader/Entrypoint) Registering new-style initializer net.fabricmc.fabric.impl.recipe.ingredient.client.CustomIngredientSyncClient for mod fabric-recipe-api-v1 (key client)
[22:22:10] [main/DEBUG] (FabricLoader/Entrypoint) Registering new-style initializer net.fabricmc.fabric.impl.recipe.ingredient.CustomIngredientInit for mod fabric-recipe-api-v1 (key main)
[22:22:10] [main/DEBUG] (FabricLoader/Entrypoint) Registering new-style initializer net.fabricmc.fabric.impl.recipe.ingredient.CustomIngredientSync for mod fabric-recipe-api-v1 (key main)
[22:22:10] [main/DEBUG] (FabricLoader/Entrypoint) Registering new-style initializer net.fabricmc.fabric.impl.command.v1.LegacyHandler for mod fabric-command-api-v1 (key main)
[22:22:10] [main/DEBUG] (FabricLoader/Entrypoint) Registering new-style initializer net.fabricmc.fabric.impl.client.networking.v0.OldClientNetworkingHooks for mod fabric-networking-v0 (key client)
[22:22:10] [main/DEBUG] (FabricLoader/Entrypoint) Registering new-style initializer net.fabricmc.fabric.impl.networking.v0.OldNetworkingHooks for mod fabric-networking-v0 (key main)
[22:22:10] [main/DEBUG] (FabricLoader/Entrypoint) Registering new-style initializer com.terraformersmc.modmenu.ModMenuModMenuCompat for mod modmenu (key modmenu)
[22:22:10] [main/DEBUG] (FabricLoader/Entrypoint) Registering new-style initializer com.terraformersmc.modmenu.ModMenu for mod modmenu (key client)
[22:22:10] [main/DEBUG] (FabricLoader/Entrypoint) Registering new-style initializer net.fabricmc.fabric.impl.lookup.ApiLookupImpl for mod fabric-api-lookup-api-v1 (key main)
[22:22:10] [main/DEBUG] (FabricLoader/Entrypoint) Registering new-style initializer net.lucy.compact.ModMenuImpl for mod lazymaterialgathering (key modmenu)
[22:22:10] [main/DEBUG] (FabricLoader/Entrypoint) Registering new-style initializer net.lucy.LazyMaterialGathering for mod lazymaterialgathering (key main)
[22:22:10] [main/DEBUG] (FabricLoader/Entrypoint) Registering new-style initializer net.fabricmc.fabric.impl.networking.client.ClientNetworkingImpl::clientInit for mod fabric-networking-api-v1 (key client)
[22:22:10] [main/DEBUG] (FabricLoader/Entrypoint) Registering new-style initializer net.fabricmc.fabric.impl.networking.NetworkingImpl::init for mod fabric-networking-api-v1 (key main)
[22:22:10] [main/DEBUG] (FabricLoader/Entrypoint) Registering new-style initializer net.fabricmc.fabric.impl.client.container.ScreenProviderRegistryImpl::init for mod fabric-containers-v0 (key client)
[22:22:10] [main/DEBUG] (FabricLoader/Entrypoint) Registering new-style initializer net.fabricmc.fabric.impl.client.indigo.Indigo for mod fabric-renderer-indigo (key client)
[22:22:10] [main/DEBUG] (FabricLoader/Entrypoint) Registering new-style initializer net.fabricmc.fabric.impl.loot.table.LootTablesV1Init for mod fabric-loot-tables-v1 (key main)
[22:22:10] [main/DEBUG] (FabricLoader/Entrypoint) Registering new-style initializer net.fabricmc.fabric.impl.screenhandler.client.ClientNetworking for mod fabric-screen-handler-api-v1 (key client)
[22:22:10] [main/DEBUG] (FabricLoader/Entrypoint) Registering new-style initializer net.fabricmc.fabric.impl.client.registry.sync.FabricRegistryClientInit for mod fabric-registry-sync-v0 (key client)
[22:22:10] [main/DEBUG] (FabricLoader/Entrypoint) Registering new-style initializer net.fabricmc.fabric.impl.registry.sync.FabricRegistryInit for mod fabric-registry-sync-v0 (key main)
[22:22:10] [main/DEBUG] (FabricLoader/Entrypoint) Registering new-style initializer fi.dy.masa.litematica.compat.modmenu.ModMenuImpl for mod litematica (key modmenu)
[22:22:10] [main/DEBUG] (FabricLoader/Entrypoint) Registering new-style initializer fi.dy.masa.litematica.Litematica for mod litematica (key main)
[22:22:10] [main/DEBUG] (FabricLoader/Entrypoint) Registering new-style initializer net.fabricmc.fabric.impl.gametest.FabricGameTestModInitializer for mod fabric-gametest-api-v1 (key main)
[22:22:10] [main/DEBUG] (FabricLoader/Entrypoint) Registering new-style initializer net.fabricmc.fabric.impl.attachment.AttachmentEntrypoint for mod fabric-data-attachment-api-v1 (key main)
[22:22:10] [main/DEBUG] (FabricLoader/Entrypoint) Registering new-style initializer net.fabricmc.fabric.impl.event.lifecycle.v0.client.LegacyClientEventInvokers for mod fabric-events-lifecycle-v0 (key client)
[22:22:10] [main/DEBUG] (FabricLoader/Entrypoint) Registering new-style initializer net.fabricmc.fabric.impl.event.lifecycle.v0.LegacyEventInvokers for mod fabric-events-lifecycle-v0 (key main)
[22:22:10] [main/INFO] (FabricLoader/Mixin) SpongePowered MIXIN Subsystem Version=0.8.7 Source=file:/C:/Users/360mcv/.gradle/caches/modules-2/files-2.1/net.fabricmc/sponge-mixin/0.17.4+mixin.0.8.7/5f66cc9f59b8efaa942155a3d5a30599bf6640dd/sponge-mixin-0.17.4+mixin.0.8.7.jar Service=Knot/Fabric Env=CLIENT
[22:22:10] [main/DEBUG] (FabricLoader/Mixin) Initialising Mixin Platform Manager
[22:22:10] [main/DEBUG] (FabricLoader/Mixin) Adding mixin platform agents for container ContainerHandleURI(file:///C:/Users/360mcv/.gradle/caches/modules-2/files-2.1/net.fabricmc/fabric-loader/0.19.5/ff9e65cffca4a67f31523e1807fe0855940fcbfa/fabric-loader-0.19.5.jar)
[22:22:10] [main/DEBUG] (FabricLoader/Mixin) Instancing new MixinPlatformAgentDefault for ContainerHandleURI(file:///C:/Users/360mcv/.gradle/caches/modules-2/files-2.1/net.fabricmc/fabric-loader/0.19.5/ff9e65cffca4a67f31523e1807fe0855940fcbfa/fabric-loader-0.19.5.jar)
[22:22:10] [main/DEBUG] (FabricLoader/Mixin) MixinPlatformAgentDefault accepted container ContainerHandleURI(file:///C:/Users/360mcv/.gradle/caches/modules-2/files-2.1/net.fabricmc/fabric-loader/0.19.5/ff9e65cffca4a67f31523e1807fe0855940fcbfa/fabric-loader-0.19.5.jar)
[22:22:10] [main/DEBUG] (FabricLoader/Mixin) Instancing new MixinPlatformAgentDefault for ContainerHandleURI(file:///C:/Users/360mcv/.gradle/caches/modules-2/files-2.1/net.fabricmc/fabric-loader/0.19.5/ff9e65cffca4a67f31523e1807fe0855940fcbfa/fabric-loader-0.19.5.jar)
[22:22:10] [main/DEBUG] (FabricLoader/Mixin) MixinPlatformAgentDefault accepted container ContainerHandleURI(file:///C:/Users/360mcv/.gradle/caches/modules-2/files-2.1/net.fabricmc/fabric-loader/0.19.5/ff9e65cffca4a67f31523e1807fe0855940fcbfa/fabric-loader-0.19.5.jar)
[22:22:10] [main/DEBUG] (FabricLoader/Mixin) Processing prepare() for PlatformAgent[MixinPlatformAgentDefault:ContainerHandleURI(file:///C:/Users/360mcv/.gradle/caches/modules-2/files-2.1/net.fabricmc/fabric-loader/0.19.5/ff9e65cffca4a67f31523e1807fe0855940fcbfa/fabric-loader-0.19.5.jar)]
[22:22:10] [main/DEBUG] (FabricLoader/Mixin) Processing prepare() for PlatformAgent[MixinPlatformAgentDefault:ContainerHandleURI(file:///C:/Users/360mcv/.gradle/caches/modules-2/files-2.1/net.fabricmc/fabric-loader/0.19.5/ff9e65cffca4a67f31523e1807fe0855940fcbfa/fabric-loader-0.19.5.jar)]
[22:22:10] [main/INFO] (FabricLoader/Mixin) Loaded Fabric development mappings for mixin remapper!
[22:22:10] [main/DEBUG] (FabricLoader/Mixin) Compatibility level JAVA_16 specified by fabric-object-builder-v1.mixins.json is higher than the maximum level supported by this version of mixin (JAVA_13).
[22:22:10] [main/DEBUG] (FabricLoader/Mixin) Compatibility level set to JAVA_16
[22:22:10] [main/DEBUG] (FabricLoader/Mixin) Mixin config fabric-object-builder-v1.mixins.json does not specify "minVersion" or "requiredFeatures" property
[22:22:10] [main/DEBUG] (FabricLoader/Mixin) Mixin config fabric-object-builder-v1.client.mixins.json does not specify "minVersion" or "requiredFeatures" property
[22:22:10] [main/DEBUG] (FabricLoader/Mixin) Mixin config fabric-loot-api-v2.mixins.json does not specify "minVersion" or "requiredFeatures" property
[22:22:10] [main/DEBUG] (FabricLoader/Mixin) Mixin config fabric-lifecycle-events-v1.mixins.json does not specify "minVersion" or "requiredFeatures" property
[22:22:10] [main/DEBUG] (FabricLoader/Mixin) Mixin config fabric-lifecycle-events-v1.client.mixins.json does not specify "minVersion" or "requiredFeatures" property
[22:22:10] [main/DEBUG] (FabricLoader/Mixin) Compatibility level JAVA_17 specified by fabric-model-loading-api-v1.mixins.json is higher than the maximum level supported by this version of mixin (JAVA_13).
[22:22:10] [main/DEBUG] (FabricLoader/Mixin) Compatibility level set to JAVA_17
[22:22:10] [main/DEBUG] (FabricLoader/Mixin) Mixin config fabric-model-loading-api-v1.mixins.json does not specify "minVersion" or "requiredFeatures" property
[22:22:10] [main/DEBUG] (FabricLoader/Mixin) Mixin config fabric-tag-api-v1.mixins.json does not specify "minVersion" or "requiredFeatures" property
[22:22:10] [main/DEBUG] (FabricLoader/Mixin) Mixin config mixins.baritone.json does not specify "minVersion" or "requiredFeatures" property
[22:22:10] [main/DEBUG] (FabricLoader/Mixin) Compatibility level JAVA_16 specified by fabric-rendering-v1.mixins.json is higher than the maximum level supported by this version of mixin (JAVA_13).
[22:22:10] [main/DEBUG] (FabricLoader/Mixin) Mixin config fabric-rendering-v1.mixins.json does not specify "minVersion" or "requiredFeatures" property
[22:22:10] [main/DEBUG] (FabricLoader/Mixin) Compatibility level JAVA_16 specified by fabric-data-generation-api-v1.mixins.json is higher than the maximum level supported by this version of mixin (JAVA_13).
[22:22:10] [main/DEBUG] (FabricLoader/Mixin) Mixin config fabric-data-generation-api-v1.mixins.json does not specify "minVersion" or "requiredFeatures" property
[22:22:10] [main/DEBUG] (FabricLoader/Mixin) Compatibility level JAVA_16 specified by fabric-data-generation-api-v1.client.mixins.json is higher than the maximum level supported by this version of mixin (JAVA_13).
[22:22:10] [main/DEBUG] (FabricLoader/Mixin) Mixin config fabric-data-generation-api-v1.client.mixins.json does not specify "minVersion" or "requiredFeatures" property
[22:22:10] [main/DEBUG] (FabricLoader/Mixin) Compatibility level JAVA_16 specified by fabric-events-interaction-v0.mixins.json is higher than the maximum level supported by this version of mixin (JAVA_13).
[22:22:10] [main/DEBUG] (FabricLoader/Mixin) Mixin config fabric-events-interaction-v0.mixins.json does not specify "minVersion" or "requiredFeatures" property
[22:22:10] [main/DEBUG] (FabricLoader/Mixin) Compatibility level JAVA_16 specified by fabric-events-interaction-v0.client.mixins.json is higher than the maximum level supported by this version of mixin (JAVA_13).
[22:22:10] [main/DEBUG] (FabricLoader/Mixin) Mixin config fabric-events-interaction-v0.client.mixins.json does not specify "minVersion" or "requiredFeatures" property
[22:22:10] [main/DEBUG] (FabricLoader/Mixin) Mixin config fabric-recipe-api-v1.mixins.json does not specify "minVersion" or "requiredFeatures" property
[22:22:10] [main/DEBUG] (FabricLoader/Mixin) Compatibility level JAVA_16 specified by fabric-transfer-api-v1.mixins.json is higher than the maximum level supported by this version of mixin (JAVA_13).
[22:22:10] [main/DEBUG] (FabricLoader/Mixin) Mixin config fabric-transfer-api-v1.mixins.json does not specify "minVersion" or "requiredFeatures" property
[22:22:10] [main/DEBUG] (FabricLoader/Mixin) Compatibility level JAVA_16 specified by fabric-crash-report-info-v1.mixins.json is higher than the maximum level supported by this version of mixin (JAVA_13).
[22:22:10] [main/DEBUG] (FabricLoader/Mixin) Mixin config fabric-crash-report-info-v1.mixins.json does not specify "minVersion" or "requiredFeatures" property
[22:22:10] [main/DEBUG] (FabricLoader/Mixin) Compatibility level JAVA_16 specified by fabric-content-registries-v0.mixins.json is higher than the maximum level supported by this version of mixin (JAVA_13).
[22:22:10] [main/DEBUG] (FabricLoader/Mixin) Mixin config fabric-content-registries-v0.mixins.json does not specify "minVersion" or "requiredFeatures" property
[22:22:10] [main/DEBUG] (FabricLoader/Mixin) Mixin config fabric-block-view-api-v2.mixins.json does not specify "minVersion" or "requiredFeatures" property
[22:22:10] [main/DEBUG] (FabricLoader/Mixin) Mixin config fabric-block-view-api-v2.client.mixins.json does not specify "minVersion" or "requiredFeatures" property
[22:22:10] [main/DEBUG] (FabricLoader/Mixin) Compatibility level JAVA_16 specified by fabric-entity-events-v1.mixins.json is higher than the maximum level supported by this version of mixin (JAVA_13).
[22:22:10] [main/DEBUG] (FabricLoader/Mixin) Mixin config fabric-entity-events-v1.mixins.json does not specify "minVersion" or "requiredFeatures" property
[22:22:10] [main/DEBUG] (FabricLoader/Mixin) Compatibility level JAVA_16 specified by fabric-entity-events-v1.client.mixins.json is higher than the maximum level supported by this version of mixin (JAVA_13).
[22:22:10] [main/DEBUG] (FabricLoader/Mixin) Mixin config fabric-entity-events-v1.client.mixins.json does not specify "minVersion" or "requiredFeatures" property
[22:22:10] [main/DEBUG] (FabricLoader/Mixin) Compatibility level JAVA_16 specified by fabric-rendering-fluids-v1.mixins.json is higher than the maximum level supported by this version of mixin (JAVA_13).
[22:22:10] [main/DEBUG] (FabricLoader/Mixin) Mixin config fabric-rendering-fluids-v1.mixins.json does not specify "minVersion" or "requiredFeatures" property
[22:22:10] [main/DEBUG] (FabricLoader/Mixin) Mixin config fabric-block-api-v1.mixins.json does not specify "minVersion" or "requiredFeatures" property
[22:22:10] [main/DEBUG] (FabricLoader/Mixin) Compatibility level JAVA_16 specified by mixins.modmenu.json is higher than the maximum level supported by this version of mixin (JAVA_13).
[22:22:10] [main/DEBUG] (FabricLoader/Mixin) Compatibility level JAVA_16 specified by fabric-api-lookup-api-v1.mixins.json is higher than the maximum level supported by this version of mixin (JAVA_13).
[22:22:10] [main/DEBUG] (FabricLoader/Mixin) Mixin config fabric-api-lookup-api-v1.mixins.json does not specify "minVersion" or "requiredFeatures" property
[22:22:10] [main/DEBUG] (FabricLoader/Mixin) Compatibility level JAVA_16 specified by fabric-game-rule-api-v1.mixins.json is higher than the maximum level supported by this version of mixin (JAVA_13).
[22:22:10] [main/DEBUG] (FabricLoader/Mixin) Mixin config fabric-game-rule-api-v1.mixins.json does not specify "minVersion" or "requiredFeatures" property
[22:22:10] [main/DEBUG] (FabricLoader/Mixin) Compatibility level JAVA_16 specified by fabric-game-rule-api-v1.client.mixins.json is higher than the maximum level supported by this version of mixin (JAVA_13).
[22:22:10] [main/DEBUG] (FabricLoader/Mixin) Mixin config fabric-game-rule-api-v1.client.mixins.json does not specify "minVersion" or "requiredFeatures" property
[22:22:10] [main/DEBUG] (FabricLoader/Mixin) Compatibility level JAVA_21 specified by lazymaterialgathering.mixins.json is higher than the maximum level supported by this version of mixin (JAVA_13).
[22:22:10] [main/DEBUG] (FabricLoader/Mixin) Compatibility level set to JAVA_21
[22:22:10] [main/DEBUG] (FabricLoader/Mixin) Mixin config lazymaterialgathering.mixins.json does not specify "minVersion" or "requiredFeatures" property
[22:22:10] [main/DEBUG] (FabricLoader/Mixin) Compatibility level JAVA_16 specified by fabric-networking-api-v1.mixins.json is higher than the maximum level supported by this version of mixin (JAVA_13).
[22:22:10] [main/DEBUG] (FabricLoader/Mixin) Mixin config fabric-networking-api-v1.mixins.json does not specify "minVersion" or "requiredFeatures" property
[22:22:10] [main/DEBUG] (FabricLoader/Mixin) Compatibility level JAVA_16 specified by fabric-networking-api-v1.client.mixins.json is higher than the maximum level supported by this version of mixin (JAVA_13).
[22:22:10] [main/DEBUG] (FabricLoader/Mixin) Mixin config fabric-networking-api-v1.client.mixins.json does not specify "minVersion" or "requiredFeatures" property
[22:22:10] [main/DEBUG] (FabricLoader/Mixin) Compatibility level JAVA_16 specified by fabric-biome-api-v1.mixins.json is higher than the maximum level supported by this version of mixin (JAVA_13).
[22:22:10] [main/DEBUG] (FabricLoader/Mixin) Mixin config fabric-biome-api-v1.mixins.json does not specify "minVersion" or "requiredFeatures" property
[22:22:10] [main/DEBUG] (FabricLoader/Mixin) Compatibility level JAVA_16 specified by fabric-containers-v0.mixins.json is higher than the maximum level supported by this version of mixin (JAVA_13).
[22:22:10] [main/DEBUG] (FabricLoader/Mixin) Mixin config fabric-containers-v0.mixins.json does not specify "minVersion" or "requiredFeatures" property
[22:22:10] [main/DEBUG] (FabricLoader/Mixin) Compatibility level JAVA_16 specified by fabric-containers-v0.accurate.mixins.json is higher than the maximum level supported by this version of mixin (JAVA_13).
[22:22:10] [main/DEBUG] (FabricLoader/Mixin) Mixin config fabric-containers-v0.accurate.mixins.json does not specify "minVersion" or "requiredFeatures" property
[22:22:10] [main/DEBUG] (FabricLoader/Mixin) Compatibility level JAVA_16 specified by fabric-screen-api-v1.mixins.json is higher than the maximum level supported by this version of mixin (JAVA_13).
[22:22:10] [main/DEBUG] (FabricLoader/Mixin) Mixin config fabric-screen-api-v1.mixins.json does not specify "minVersion" or "requiredFeatures" property
[22:22:10] [main/DEBUG] (FabricLoader/Mixin) Compatibility level JAVA_17 specified by fabric-sound-api-v1.mixins.json is higher than the maximum level supported by this version of mixin (JAVA_13).
[22:22:10] [main/DEBUG] (FabricLoader/Mixin) Mixin config fabric-sound-api-v1.mixins.json does not specify "minVersion" or "requiredFeatures" property
[22:22:10] [main/DEBUG] (FabricLoader/Mixin) Compatibility level JAVA_16 specified by fabric-dimensions-v1.mixins.json is higher than the maximum level supported by this version of mixin (JAVA_13).
[22:22:10] [main/DEBUG] (FabricLoader/Mixin) Mixin config fabric-dimensions-v1.mixins.json does not specify "minVersion" or "requiredFeatures" property
[22:22:10] [main/DEBUG] (FabricLoader/Mixin) Compatibility level JAVA_17 specified by fabric-rendering-data-attachment-v1.mixins.json is higher than the maximum level supported by this version of mixin (JAVA_13).
[22:22:10] [main/DEBUG] (FabricLoader/Mixin) Mixin config fabric-rendering-data-attachment-v1.mixins.json does not specify "minVersion" or "requiredFeatures" property
[22:22:10] [main/DEBUG] (FabricLoader/Mixin) Compatibility level JAVA_17 specified by fabric-rendering-data-attachment-v1.client.mixins.json is higher than the maximum level supported by this version of mixin (JAVA_13).
[22:22:10] [main/DEBUG] (FabricLoader/Mixin) Mixin config fabric-rendering-data-attachment-v1.client.mixins.json does not specify "minVersion" or "requiredFeatures" property
[22:22:10] [main/DEBUG] (FabricLoader/Mixin) Compatibility level JAVA_16 specified by fabric-blockrenderlayer-v1.mixins.json is higher than the maximum level supported by this version of mixin (JAVA_13).
[22:22:10] [main/DEBUG] (FabricLoader/Mixin) Mixin config fabric-blockrenderlayer-v1.mixins.json does not specify "minVersion" or "requiredFeatures" property
[22:22:10] [main/DEBUG] (FabricLoader/Mixin) Compatibility level JAVA_16 specified by fabric-renderer-indigo.mixins.json is higher than the maximum level supported by this version of mixin (JAVA_13).
[22:22:10] [main/DEBUG] (FabricLoader/Mixin) Mixin config fabric-renderer-indigo.mixins.json does not specify "minVersion" or "requiredFeatures" property
[22:22:10] [main/DEBUG] (FabricLoader/Mixin) Compatibility level JAVA_16 specified by fabric-loot-tables-v1.mixins.json is higher than the maximum level supported by this version of mixin (JAVA_13).
[22:22:10] [main/DEBUG] (FabricLoader/Mixin) Mixin config fabric-loot-tables-v1.mixins.json does not specify "minVersion" or "requiredFeatures" property
[22:22:10] [main/DEBUG] (FabricLoader/Mixin) Compatibility level JAVA_16 specified by fabric-resource-loader-v0.mixins.json is higher than the maximum level supported by this version of mixin (JAVA_13).
[22:22:10] [main/DEBUG] (FabricLoader/Mixin) Mixin config fabric-resource-loader-v0.mixins.json does not specify "minVersion" or "requiredFeatures" property
[22:22:10] [main/DEBUG] (FabricLoader/Mixin) Compatibility level JAVA_16 specified by fabric-resource-loader-v0.client.mixins.json is higher than the maximum level supported by this version of mixin (JAVA_13).
[22:22:10] [main/DEBUG] (FabricLoader/Mixin) Mixin config fabric-resource-loader-v0.client.mixins.json does not specify "minVersion" or "requiredFeatures" property
[22:22:10] [main/DEBUG] (FabricLoader/Mixin) Compatibility level JAVA_16 specified by fabric-mining-level-api-v1.mixins.json is higher than the maximum level supported by this version of mixin (JAVA_13).
[22:22:10] [main/DEBUG] (FabricLoader/Mixin) Mixin config fabric-mining-level-api-v1.mixins.json does not specify "minVersion" or "requiredFeatures" property
[22:22:10] [main/DEBUG] (FabricLoader/Mixin) Compatibility level JAVA_16 specified by fabric-screen-handler-api-v1.mixins.json is higher than the maximum level supported by this version of mixin (JAVA_13).
[22:22:10] [main/DEBUG] (FabricLoader/Mixin) Mixin config fabric-screen-handler-api-v1.mixins.json does not specify "minVersion" or "requiredFeatures" property
[22:22:10] [main/DEBUG] (FabricLoader/Mixin) Compatibility level JAVA_16 specified by fabric-message-api-v1.mixins.json is higher than the maximum level supported by this version of mixin (JAVA_13).
[22:22:10] [main/DEBUG] (FabricLoader/Mixin) Mixin config fabric-message-api-v1.mixins.json does not specify "minVersion" or "requiredFeatures" property
[22:22:10] [main/DEBUG] (FabricLoader/Mixin) Compatibility level JAVA_17 specified by fabric-message-api-v1.client.mixins.json is higher than the maximum level supported by this version of mixin (JAVA_13).
[22:22:10] [main/DEBUG] (FabricLoader/Mixin) Mixin config fabric-message-api-v1.client.mixins.json does not specify "minVersion" or "requiredFeatures" property
[22:22:10] [main/DEBUG] (FabricLoader/Mixin) Compatibility level JAVA_16 specified by fabric-command-api-v2.mixins.json is higher than the maximum level supported by this version of mixin (JAVA_13).
[22:22:10] [main/DEBUG] (FabricLoader/Mixin) Mixin config fabric-command-api-v2.mixins.json does not specify "minVersion" or "requiredFeatures" property
[22:22:10] [main/DEBUG] (FabricLoader/Mixin) Compatibility level JAVA_16 specified by fabric-command-api-v2.client.mixins.json is higher than the maximum level supported by this version of mixin (JAVA_13).
[22:22:10] [main/DEBUG] (FabricLoader/Mixin) Mixin config fabric-command-api-v2.client.mixins.json does not specify "minVersion" or "requiredFeatures" property
[22:22:10] [main/DEBUG] (FabricLoader/Mixin) Compatibility level JAVA_16 specified by fabric-item-api-v1.mixins.json is higher than the maximum level supported by this version of mixin (JAVA_13).
[22:22:10] [main/DEBUG] (FabricLoader/Mixin) Mixin config fabric-item-api-v1.mixins.json does not specify "minVersion" or "requiredFeatures" property
[22:22:10] [main/DEBUG] (FabricLoader/Mixin) Compatibility level JAVA_16 specified by fabric-item-api-v1.client.mixins.json is higher than the maximum level supported by this version of mixin (JAVA_13).
[22:22:10] [main/DEBUG] (FabricLoader/Mixin) Mixin config fabric-item-api-v1.client.mixins.json does not specify "minVersion" or "requiredFeatures" property
[22:22:10] [main/DEBUG] (FabricLoader/Mixin) Compatibility level JAVA_16 specified by fabric-registry-sync-v0.mixins.json is higher than the maximum level supported by this version of mixin (JAVA_13).
[22:22:10] [main/DEBUG] (FabricLoader/Mixin) Mixin config fabric-registry-sync-v0.mixins.json does not specify "minVersion" or "requiredFeatures" property
[22:22:10] [main/DEBUG] (FabricLoader/Mixin) Compatibility level JAVA_16 specified by fabric-registry-sync-v0.client.mixins.json is higher than the maximum level supported by this version of mixin (JAVA_13).
[22:22:10] [main/DEBUG] (FabricLoader/Mixin) Mixin config fabric-registry-sync-v0.client.mixins.json does not specify "minVersion" or "requiredFeatures" property
[22:22:10] [main/DEBUG] (FabricLoader/Mixin) Compatibility level JAVA_16 specified by fabric-renderer-api-v1.mixins.json is higher than the maximum level supported by this version of mixin (JAVA_13).
[22:22:10] [main/DEBUG] (FabricLoader/Mixin) Mixin config fabric-renderer-api-v1.mixins.json does not specify "minVersion" or "requiredFeatures" property
[22:22:10] [main/DEBUG] (FabricLoader/Mixin) Compatibility level JAVA_16 specified by fabric-renderer-api-v1.debughud.mixins.json is higher than the maximum level supported by this version of mixin (JAVA_13).
[22:22:10] [main/DEBUG] (FabricLoader/Mixin) Mixin config fabric-renderer-api-v1.debughud.mixins.json does not specify "minVersion" or "requiredFeatures" property
[22:22:10] [main/DEBUG] (FabricLoader/Mixin) Compatibility level JAVA_17 specified by mixins.litematica.json is higher than the maximum level supported by this version of mixin (JAVA_13).
[22:22:10] [main/DEBUG] (FabricLoader/Mixin) Compatibility level JAVA_16 specified by fabric-particles-v1.client.mixins.json is higher than the maximum level supported by this version of mixin (JAVA_13).
[22:22:10] [main/DEBUG] (FabricLoader/Mixin) Mixin config fabric-particles-v1.client.mixins.json does not specify "minVersion" or "requiredFeatures" property
[22:22:10] [main/DEBUG] (FabricLoader/Mixin) Compatibility level JAVA_16 specified by fabric-gametest-api-v1.mixins.json is higher than the maximum level supported by this version of mixin (JAVA_13).
[22:22:10] [main/DEBUG] (FabricLoader/Mixin) Mixin config fabric-gametest-api-v1.mixins.json does not specify "minVersion" or "requiredFeatures" property
[22:22:10] [main/DEBUG] (FabricLoader/Mixin) Compatibility level JAVA_17 specified by fabric-data-attachment-api-v1.mixins.json is higher than the maximum level supported by this version of mixin (JAVA_13).
[22:22:10] [main/DEBUG] (FabricLoader/Mixin) Mixin config fabric-data-attachment-api-v1.mixins.json does not specify "minVersion" or "requiredFeatures" property
[22:22:10] [main/DEBUG] (FabricLoader/Mixin) Compatibility level JAVA_17 specified by fabric-data-attachment-api-v1.client.mixins.json is higher than the maximum level supported by this version of mixin (JAVA_13).
[22:22:10] [main/DEBUG] (FabricLoader/Mixin) Mixin config fabric-data-attachment-api-v1.client.mixins.json does not specify "minVersion" or "requiredFeatures" property
[22:22:10] [main/DEBUG] (FabricLoader/Mixin) Compatibility level JAVA_17 specified by fabric-item-group-api-v1.mixins.json is higher than the maximum level supported by this version of mixin (JAVA_13).
[22:22:10] [main/DEBUG] (FabricLoader/Mixin) Mixin config fabric-item-group-api-v1.mixins.json does not specify "minVersion" or "requiredFeatures" property
[22:22:10] [main/DEBUG] (FabricLoader/Mixin) Compatibility level JAVA_17 specified by fabric-item-group-api-v1.client.mixins.json is higher than the maximum level supported by this version of mixin (JAVA_13).
[22:22:10] [main/DEBUG] (FabricLoader/Mixin) Mixin config fabric-item-group-api-v1.client.mixins.json does not specify "minVersion" or "requiredFeatures" property
[22:22:10] [main/DEBUG] (FabricLoader/Mixin) Compatibility level JAVA_16 specified by fabric-key-binding-api-v1.mixins.json is higher than the maximum level supported by this version of mixin (JAVA_13).
[22:22:10] [main/DEBUG] (FabricLoader/Mixin) Mixin config fabric-key-binding-api-v1.mixins.json does not specify "minVersion" or "requiredFeatures" property
[22:22:10] [main/DEBUG] (FabricLoader/Mixin) Compatibility level JAVA_16 specified by fabric-resource-conditions-api-v1.mixins.json is higher than the maximum level supported by this version of mixin (JAVA_13).
[22:22:10] [main/DEBUG] (FabricLoader/Mixin) Mixin config fabric-resource-conditions-api-v1.mixins.json does not specify "minVersion" or "requiredFeatures" property
[22:22:10] [main/DEBUG] (FabricLoader/Knot) Adding C:\Users\360mcv\Downloads\lazymaterialgathering-template-1.20.1\.gradle\loom-cache\minecraftMaven\net\minecraft\minecraft-merged-487d1d375f\1.20.1-net.fabricmc.yarn.1_20_1.1.20.1+build.10-v2\minecraft-merged-487d1d375f-1.20.1-net.fabricmc.yarn.1_20_1.1.20.1+build.10-v2.jar to classpath.
[22:22:10] [main/DEBUG] (FabricLoader/Knot) Adding C:\Users\360mcv\Downloads\lazymaterialgathering-template-1.20.1\build\classes\java\main to classpath.
[22:22:10] [main/DEBUG] (FabricLoader/Knot) Adding C:\Users\360mcv\Downloads\lazymaterialgathering-template-1.20.1\build\resources\main to classpath.
[22:22:10] [main/DEBUG] (FabricLoader/Knot) Adding C:\Users\360mcv\.gradle\caches\fabric-loom\1.20.1\net.fabricmc.yarn.1_20_1.1.20.1+build.10-v2\mappings.jar to classpath.
[22:22:10] [main/DEBUG] (FabricLoader/Knot) Adding C:\Users\360mcv\.gradle\caches\modules-2\files-2.1\com.google.code.findbugs\jsr305\3.0.2\25ea2e8b0c338a877313bd4672d3fe056ea78f0d\jsr305-3.0.2.jar to classpath.
[22:22:10] [main/DEBUG] (FabricLoader/Knot) Adding C:\Users\360mcv\.gradle\caches\modules-2\files-2.1\net.sandrohc\schematic4j\1.1.0\aacb0df40eb8585330608a0a9a0ffe3879d50cda\schematic4j-1.1.0.jar to classpath.
[22:22:10] [main/DEBUG] (FabricLoader/Knot) Adding C:\Users\360mcv\.gradle\caches\modules-2\files-2.1\org.json\json\20240303\ebb88e8fb5122b7506d5cf1d69f1ccdb790d22a\json-20240303.jar to classpath.
[22:22:10] [main/DEBUG] (FabricLoader/Knot) Adding C:\Users\360mcv\.gradle\caches\modules-2\files-2.1\io.github.llamalad7\mixinextras-fabric\0.5.5\d1055b99c0ab08a8403fe2da3d79ca28e6340a76\mixinextras-fabric-0.5.5.jar to classpath.
[22:22:10] [main/DEBUG] (FabricLoader/Knot) Adding C:\Users\360mcv\.gradle\caches\modules-2\files-2.1\net.fabricmc\dev-launch-injector\0.2.1+build.8\da8bef7e6e2f952da707f282bdb46882a0fce5e3\dev-launch-injector-0.2.1+build.8.jar to classpath.
[22:22:10] [main/DEBUG] (FabricLoader/Knot) Adding C:\Users\360mcv\.gradle\caches\modules-2\files-2.1\com.github.oshi\oshi-core\6.2.2\54f5efc19bca95d709d9a37d19ffcbba3d21c1a6\oshi-core-6.2.2.jar to classpath.
[22:22:10] [main/DEBUG] (FabricLoader/Knot) Adding C:\Users\360mcv\.gradle\caches\modules-2\files-2.1\com.google.guava\failureaccess\1.0.1\1dcf1de382a0bf95a3d8b0849546c88bac1292c9\failureaccess-1.0.1.jar to classpath.
[22:22:10] [main/DEBUG] (FabricLoader/Knot) Adding C:\Users\360mcv\.gradle\caches\modules-2\files-2.1\com.google.guava\guava\31.1-jre\60458f877d055d0c9114d9e1a2efb737b4bc282c\guava-31.1-jre.jar to classpath.
[22:22:10] [main/DEBUG] (FabricLoader/Knot) Adding C:\Users\360mcv\.gradle\caches\modules-2\files-2.1\com.ibm.icu\icu4j\71.1\9e7d3304c23f9ba5cb71915f7cce23231a57a445\icu4j-71.1.jar to classpath.
[22:22:10] [main/DEBUG] (FabricLoader/Knot) Adding C:\Users\360mcv\.gradle\caches\modules-2\files-2.1\com.mojang\blocklist\1.0.10\5c685c5ffa94c4cd39496c7184c1d122e515ecef\blocklist-1.0.10.jar to classpath.
[22:22:10] [main/DEBUG] (FabricLoader/Knot) Adding C:\Users\360mcv\.gradle\caches\modules-2\files-2.1\com.mojang\brigadier\1.1.8\5244ce82c3337bba4a196a3ce858bfaecc74404a\brigadier-1.1.8.jar to classpath.
[22:22:10] [main/DEBUG] (FabricLoader/Knot) Adding C:\Users\360mcv\.gradle\caches\modules-2\files-2.1\com.mojang\datafixerupper\6.0.8\3ba4a30557a9b057760af4011f909ba619fc5125\datafixerupper-6.0.8.jar to classpath.
[22:22:10] [main/DEBUG] (FabricLoader/Knot) Adding C:\Users\360mcv\.gradle\caches\modules-2\files-2.1\com.mojang\patchy\2.2.10\da05971b07cbb379d002cf7eaec6a2048211fefc\patchy-2.2.10.jar to classpath.
[22:22:10] [main/DEBUG] (FabricLoader/Knot) Adding C:\Users\360mcv\.gradle\caches\modules-2\files-2.1\com.mojang\text2speech\1.17.9\3cad216e3a7f0c19b4b394388bc9ffc446f13b14\text2speech-1.17.9.jar to classpath.
[22:22:10] [main/DEBUG] (FabricLoader/Knot) Adding C:\Users\360mcv\.gradle\caches\modules-2\files-2.1\commons-codec\commons-codec\1.15\49d94806b6e3dc933dacbd8acb0fdbab8ebd1e5d\commons-codec-1.15.jar to classpath.
[22:22:10] [main/DEBUG] (FabricLoader/Knot) Adding C:\Users\360mcv\.gradle\caches\modules-2\files-2.1\commons-io\commons-io\2.11.0\a2503f302b11ebde7ebc3df41daebe0e4eea3689\commons-io-2.11.0.jar to classpath.
[22:22:10] [main/DEBUG] (FabricLoader/Knot) Adding C:\Users\360mcv\.gradle\caches\modules-2\files-2.1\commons-logging\commons-logging\1.2\4bfc12adfe4842bf07b657f0369c4cb522955686\commons-logging-1.2.jar to classpath.
[22:22:10] [main/DEBUG] (FabricLoader/Knot) Adding C:\Users\360mcv\.gradle\caches\modules-2\files-2.1\io.netty\netty-buffer\4.1.82.Final\a544270cf1ae8b8077082f5036436a9a9971ea71\netty-buffer-4.1.82.Final.jar to classpath.
[22:22:10] [main/DEBUG] (FabricLoader/Knot) Adding C:\Users\360mcv\.gradle\caches\modules-2\files-2.1\io.netty\netty-codec\4.1.82.Final\b77200379acb345a9ffdece1c605e591ac3e4e0a\netty-codec-4.1.82.Final.jar to classpath.
[22:22:10] [main/DEBUG] (FabricLoader/Knot) Adding C:\Users\360mcv\.gradle\caches\modules-2\files-2.1\io.netty\netty-common\4.1.82.Final\22d148e85c3f5ebdacc0ce1f5aabb1d420f73f3\netty-common-4.1.82.Final.jar to classpath.
[22:22:10] [main/DEBUG] (FabricLoader/Knot) Adding C:\Users\360mcv\.gradle\caches\modules-2\files-2.1\io.netty\netty-handler\4.1.82.Final\644041d1fa96a5d3130a29e8978630d716d76e38\netty-handler-4.1.82.Final.jar to classpath.
[22:22:10] [main/DEBUG] (FabricLoader/Knot) Adding C:\Users\360mcv\.gradle\caches\modules-2\files-2.1\io.netty\netty-resolver\4.1.82.Final\38f665ae8dcd29032eea31245ba7806bed2e0fa8\netty-resolver-4.1.82.Final.jar to classpath.
[22:22:10] [main/DEBUG] (FabricLoader/Knot) Adding C:\Users\360mcv\.gradle\caches\modules-2\files-2.1\io.netty\netty-transport-classes-epoll\4.1.82.Final\e7c7dd18deac93105797f30057c912651ea76521\netty-transport-classes-epoll-4.1.82.Final.jar to classpath.
[22:22:10] [main/DEBUG] (FabricLoader/Knot) Adding C:\Users\360mcv\.gradle\caches\modules-2\files-2.1\io.netty\netty-transport-native-unix-common\4.1.82.Final\3e895b35ca1b8a0eca56cacff4c2dde5d2c6abce\netty-transport-native-unix-common-4.1.82.Final.jar to classpath.
[22:22:10] [main/DEBUG] (FabricLoader/Knot) Adding C:\Users\360mcv\.gradle\caches\modules-2\files-2.1\io.netty\netty-transport\4.1.82.Final\e431a218d91acb6476ccad5f5aafde50aa3945ca\netty-transport-4.1.82.Final.jar to classpath.
[22:22:10] [main/DEBUG] (FabricLoader/Knot) Adding C:\Users\360mcv\.gradle\caches\modules-2\files-2.1\it.unimi.dsi\fastutil\8.5.9\bb7ea75ecdb216654237830b3a96d87ad91f8cc5\fastutil-8.5.9.jar to classpath.
[22:22:10] [main/DEBUG] (FabricLoader/Knot) Adding C:\Users\360mcv\.gradle\caches\modules-2\files-2.1\net.java.dev.jna\jna-platform\5.12.1\97406a297c852f4a41e688a176ec675f72e8329\jna-platform-5.12.1.jar to classpath.
[22:22:10] [main/DEBUG] (FabricLoader/Knot) Adding C:\Users\360mcv\.gradle\caches\modules-2\files-2.1\net.java.dev.jna\jna\5.12.1\b1e93a735caea94f503e95e6fe79bf9cdc1e985d\jna-5.12.1.jar to classpath.
[22:22:10] [main/DEBUG] (FabricLoader/Knot) Adding C:\Users\360mcv\.gradle\caches\modules-2\files-2.1\net.sf.jopt-simple\jopt-simple\5.0.4\4fdac2fbe92dfad86aa6e9301736f6b4342a3f5c\jopt-simple-5.0.4.jar to classpath.
[22:22:10] [main/DEBUG] (FabricLoader/Knot) Adding C:\Users\360mcv\.gradle\caches\modules-2\files-2.1\org.apache.commons\commons-compress\1.21\4ec95b60d4e86b5c95a0e919cb172a0af98011ef\commons-compress-1.21.jar to classpath.
[22:22:10] [main/DEBUG] (FabricLoader/Knot) Adding C:\Users\360mcv\.gradle\caches\modules-2\files-2.1\org.apache.commons\commons-lang3\3.12.0\c6842c86792ff03b9f1d1fe2aab8dc23aa6c6f0e\commons-lang3-3.12.0.jar to classpath.
[22:22:10] [main/DEBUG] (FabricLoader/Knot) Adding C:\Users\360mcv\.gradle\caches\modules-2\files-2.1\org.apache.httpcomponents\httpclient\4.5.13\e5f6cae5ca7ecaac1ec2827a9e2d65ae2869cada\httpclient-4.5.13.jar to classpath.
[22:22:10] [main/DEBUG] (FabricLoader/Knot) Adding C:\Users\360mcv\.gradle\caches\modules-2\files-2.1\org.apache.httpcomponents\httpcore\4.4.15\7f2e0c573eaa7a74bac2e89b359e1f73d92a0a1d\httpcore-4.4.15.jar to classpath.
[22:22:10] [main/DEBUG] (FabricLoader/Knot) Adding C:\Users\360mcv\.gradle\caches\modules-2\files-2.1\org.joml\joml\1.10.5\22566d58af70ad3d72308bab63b8339906deb649\joml-1.10.5.jar to classpath.
[22:22:10] [main/DEBUG] (FabricLoader/Knot) Adding C:\Users\360mcv\.gradle\caches\modules-2\files-2.1\org.lwjgl\lwjgl-glfw\3.3.2\757920418805fb90bfebb3d46b1d9e7669fca2eb\lwjgl-glfw-3.3.2.jar to classpath.
[22:22:10] [main/DEBUG] (FabricLoader/Knot) Adding C:\Users\360mcv\.gradle\caches\modules-2\files-2.1\org.lwjgl\lwjgl-glfw\3.3.2\1251e3cb7e5d6159334cfb9244f789ce992f03b\lwjgl-glfw-3.3.2-natives-windows.jar to classpath.
[22:22:10] [main/DEBUG] (FabricLoader/Knot) Adding C:\Users\360mcv\.gradle\caches\modules-2\files-2.1\org.lwjgl\lwjgl-glfw\3.3.2\e79c4857a887bd79ba78bdf2d422a7d333028a2d\lwjgl-glfw-3.3.2-natives-windows-arm64.jar to classpath.
[22:22:10] [main/DEBUG] (FabricLoader/Knot) Adding C:\Users\360mcv\.gradle\caches\modules-2\files-2.1\org.lwjgl\lwjgl-glfw\3.3.2\17e1f9ec031ef72c2f7825c38eeb3a79c4d8bb17\lwjgl-glfw-3.3.2-natives-windows-x86.jar to classpath.
[22:22:10] [main/DEBUG] (FabricLoader/Knot) Adding C:\Users\360mcv\.gradle\caches\modules-2\files-2.1\org.lwjgl\lwjgl-jemalloc\3.3.2\877e17e39ebcd58a9c956dc3b5b777813de0873a\lwjgl-jemalloc-3.3.2.jar to classpath.
[22:22:10] [main/DEBUG] (FabricLoader/Knot) Adding C:\Users\360mcv\.gradle\caches\modules-2\files-2.1\org.lwjgl\lwjgl-jemalloc\3.3.2\db886c1f9e313c3fa2a25543b99ccd250d3f9fb5\lwjgl-jemalloc-3.3.2-natives-windows.jar to classpath.
[22:22:10] [main/DEBUG] (FabricLoader/Knot) Adding C:\Users\360mcv\.gradle\caches\modules-2\files-2.1\org.lwjgl\lwjgl-jemalloc\3.3.2\598790de603c286dbc4068b27829eacc37592786\lwjgl-jemalloc-3.3.2-natives-windows-arm64.jar to classpath.
[22:22:10] [main/DEBUG] (FabricLoader/Knot) Adding C:\Users\360mcv\.gradle\caches\modules-2\files-2.1\org.lwjgl\lwjgl-jemalloc\3.3.2\9b07558f81a5d54dfaeb861bab3ccc86bb4477c9\lwjgl-jemalloc-3.3.2-natives-windows-x86.jar to classpath.
[22:22:10] [main/DEBUG] (FabricLoader/Knot) Adding C:\Users\360mcv\.gradle\caches\modules-2\files-2.1\org.lwjgl\lwjgl-openal\3.3.2\ae5357ed6d934546d3533993ea84c0cfb75eed95\lwjgl-openal-3.3.2.jar to classpath.
[22:22:10] [main/DEBUG] (FabricLoader/Knot) Adding C:\Users\360mcv\.gradle\caches\modules-2\files-2.1\org.lwjgl\lwjgl-openal\3.3.2\e74f299a602192faaf14b917632e4cbbb493c940\lwjgl-openal-3.3.2-natives-windows.jar to classpath.
[22:22:10] [main/DEBUG] (FabricLoader/Knot) Adding C:\Users\360mcv\.gradle\caches\modules-2\files-2.1\org.lwjgl\lwjgl-openal\3.3.2\545ddec7959007a78b6662d616e00dacf00e1c29\lwjgl-openal-3.3.2-natives-windows-arm64.jar to classpath.
[22:22:10] [main/DEBUG] (FabricLoader/Knot) Adding C:\Users\360mcv\.gradle\caches\modules-2\files-2.1\org.lwjgl\lwjgl-openal\3.3.2\21fcb44d32ccf101017ec939fc740197677557d5\lwjgl-openal-3.3.2-natives-windows-x86.jar to classpath.
[22:22:10] [main/DEBUG] (FabricLoader/Knot) Adding C:\Users\360mcv\.gradle\caches\modules-2\files-2.1\org.lwjgl\lwjgl-opengl\3.3.2\ee8e95be0b438602038bc1f02dc5e3d011b1b216\lwjgl-opengl-3.3.2.jar to classpath.
[22:22:10] [main/DEBUG] (FabricLoader/Knot) Adding C:\Users\360mcv\.gradle\caches\modules-2\files-2.1\org.lwjgl\lwjgl-opengl\3.3.2\83cd34469d4e0bc335bf74c7f62206530a9480bf\lwjgl-opengl-3.3.2-natives-windows.jar to classpath.
[22:22:10] [main/DEBUG] (FabricLoader/Knot) Adding C:\Users\360mcv\.gradle\caches\modules-2\files-2.1\org.lwjgl\lwjgl-opengl\3.3.2\21df035bf03dbf5001f92291b24dc951da513481\lwjgl-opengl-3.3.2-natives-windows-arm64.jar to classpath.
[22:22:10] [main/DEBUG] (FabricLoader/Knot) Adding C:\Users\360mcv\.gradle\caches\modules-2\files-2.1\org.lwjgl\lwjgl-opengl\3.3.2\22fa4149159154b24f6c1bd46a342d4958a9fba1\lwjgl-opengl-3.3.2-natives-windows-x86.jar to classpath.
[22:22:10] [main/DEBUG] (FabricLoader/Knot) Adding C:\Users\360mcv\.gradle\caches\modules-2\files-2.1\org.lwjgl\lwjgl-stb\3.3.2\a2550795014d622b686e9caac50b14baa87d2c70\lwjgl-stb-3.3.2.jar to classpath.
[22:22:10] [main/DEBUG] (FabricLoader/Knot) Adding C:\Users\360mcv\.gradle\caches\modules-2\files-2.1\org.lwjgl\lwjgl-stb\3.3.2\1c4f4b8353bdb78c5264ab921436f03fc9aa1ba5\lwjgl-stb-3.3.2-natives-windows.jar to classpath.
[22:22:10] [main/DEBUG] (FabricLoader/Knot) Adding C:\Users\360mcv\.gradle\caches\modules-2\files-2.1\org.lwjgl\lwjgl-stb\3.3.2\c29df97c3cca97dc00d34e171936153764c9f78b\lwjgl-stb-3.3.2-natives-windows-arm64.jar to classpath.
[22:22:10] [main/DEBUG] (FabricLoader/Knot) Adding C:\Users\360mcv\.gradle\caches\modules-2\files-2.1\org.lwjgl\lwjgl-stb\3.3.2\a0de7bde6722fa68d25ba6afbd7395508c53c730\lwjgl-stb-3.3.2-natives-windows-x86.jar to classpath.
[22:22:10] [main/DEBUG] (FabricLoader/Knot) Adding C:\Users\360mcv\.gradle\caches\modules-2\files-2.1\org.lwjgl\lwjgl-tinyfd\3.3.2\9f65c248dd77934105274fcf8351abb75b34327c\lwjgl-tinyfd-3.3.2.jar to classpath.
[22:22:10] [main/DEBUG] (FabricLoader/Knot) Adding C:\Users\360mcv\.gradle\caches\modules-2\files-2.1\org.lwjgl\lwjgl-tinyfd\3.3.2\54a93ed247d20007a6f579355263fdc2c030753a\lwjgl-tinyfd-3.3.2-natives-windows.jar to classpath.
[22:22:10] [main/DEBUG] (FabricLoader/Knot) Adding C:\Users\360mcv\.gradle\caches\modules-2\files-2.1\org.lwjgl\lwjgl-tinyfd\3.3.2\500f5daa3b731ca282d4b90aeafda94c528d3e27\lwjgl-tinyfd-3.3.2-natives-windows-arm64.jar to classpath.
[22:22:10] [main/DEBUG] (FabricLoader/Knot) Adding C:\Users\360mcv\.gradle\caches\modules-2\files-2.1\org.lwjgl\lwjgl-tinyfd\3.3.2\c1dfa1c438e0262453e7bf625289540e5cbffb2\lwjgl-tinyfd-3.3.2-natives-windows-x86.jar to classpath.
[22:22:10] [main/DEBUG] (FabricLoader/Knot) Adding C:\Users\360mcv\.gradle\caches\modules-2\files-2.1\org.lwjgl\lwjgl\3.3.2\4421d94af68e35dcaa31737a6fc59136a1e61b94\lwjgl-3.3.2.jar to classpath.
[22:22:10] [main/DEBUG] (FabricLoader/Knot) Adding C:\Users\360mcv\.gradle\caches\modules-2\files-2.1\org.lwjgl\lwjgl\3.3.2\a55169ced70ffcd15f2162daf4a9c968578f6cd5\lwjgl-3.3.2-natives-windows.jar to classpath.
[22:22:10] [main/DEBUG] (FabricLoader/Knot) Adding C:\Users\360mcv\.gradle\caches\modules-2\files-2.1\org.lwjgl\lwjgl\3.3.2\d900e4678449ba97ff46fa64b22e0376bf8cd00e\lwjgl-3.3.2-natives-windows-arm64.jar to classpath.
[22:22:10] [main/DEBUG] (FabricLoader/Knot) Adding C:\Users\360mcv\.gradle\caches\modules-2\files-2.1\org.lwjgl\lwjgl\3.3.2\ed495259b2c8f068794da0ffedfa7ae7c130b3c5\lwjgl-3.3.2-natives-windows-x86.jar to classpath.
[22:22:10] [main/DEBUG] (FabricLoader/Knot) Adding C:\Users\360mcv\.gradle\caches\modules-2\files-2.1\io.netty\netty-transport-native-epoll\4.1.82.Final\c7350a71920f3ae9142945e25fed4846cce53374\netty-transport-native-epoll-4.1.82.Final-linux-x86_64.jar to classpath.
[22:22:10] [main/DEBUG] (FabricLoader/Knot) Adding C:\Users\360mcv\.gradle\caches\modules-2\files-2.1\io.netty\netty-transport-native-epoll\4.1.82.Final\476409d6255001ca53a55f65b01c13822f8dc93a\netty-transport-native-epoll-4.1.82.Final-linux-aarch_64.jar to classpath.
[22:22:10] [main/DEBUG] (FabricLoader/Knot) Adding C:\Users\360mcv\.gradle\caches\modules-2\files-2.1\dev.babbaj\nether-pathfinder\1.6\1d71ed0f8310e92117bd78ffa1a766e026b39d97\nether-pathfinder-1.6.jar to classpath.
[22:22:10] [main/DEBUG] (FabricLoader/Knot) Adding C:\Users\360mcv\Downloads\lazymaterialgathering-template-1.20.1\.gradle\loom-cache\remapped_mods\remapped\fi\dy\masa\malilib\malilib-fabric-1.20.1-ceaf4ab3\0.16.0\malilib-fabric-1.20.1-ceaf4ab3-0.16.0.jar to classpath.
[22:22:10] [main/DEBUG] (FabricLoader/Knot) Adding C:\Users\360mcv\Downloads\lazymaterialgathering-template-1.20.1\.gradle\loom-cache\remapped_mods\remapped\net\fabricmc\fabric-api\fabric-api-ceaf4ab3\0.92.12+1.20.1\fabric-api-ceaf4ab3-0.92.12+1.20.1.jar to classpath.
[22:22:10] [main/DEBUG] (FabricLoader/Knot) Adding C:\Users\360mcv\Downloads\lazymaterialgathering-template-1.20.1\.gradle\loom-cache\remapped_mods\remapped\maven\modrinth\bEpr0Arc-ceaf4ab3\1ZTpW1lr\bEpr0Arc-ceaf4ab3-1ZTpW1lr.jar to classpath.
[22:22:10] [main/DEBUG] (FabricLoader/Knot) Adding C:\Users\360mcv\Downloads\lazymaterialgathering-template-1.20.1\.gradle\loom-cache\remapped_mods\remapped\net\fabricmc\fabric-api\fabric-transfer-api-v1-ceaf4ab3\3.3.6+8dd72ea377\fabric-transfer-api-v1-ceaf4ab3-3.3.6+8dd72ea377.jar to classpath.
[22:22:10] [main/DEBUG] (FabricLoader/Knot) Adding C:\Users\360mcv\Downloads\lazymaterialgathering-template-1.20.1\.gradle\loom-cache\remapped_mods\remapped\net\fabricmc\fabric-api\fabric-api-lookup-api-v1-ceaf4ab3\1.6.37+1802ada577\fabric-api-lookup-api-v1-ceaf4ab3-1.6.37+1802ada577.jar to classpath.
[22:22:10] [main/DEBUG] (FabricLoader/Knot) Adding C:\Users\360mcv\Downloads\lazymaterialgathering-template-1.20.1\.gradle\loom-cache\remapped_mods\remapped\net\fabricmc\fabric-api\fabric-blockrenderlayer-v1-ceaf4ab3\1.1.42+1802ada577\fabric-blockrenderlayer-v1-ceaf4ab3-1.1.42+1802ada577.jar to classpath.
[22:22:10] [main/DEBUG] (FabricLoader/Knot) Adding C:\Users\360mcv\Downloads\lazymaterialgathering-template-1.20.1\.gradle\loom-cache\remapped_mods\remapped\net\fabricmc\fabric-api\fabric-client-tags-api-v1-ceaf4ab3\1.2.0+238242b777\fabric-client-tags-api-v1-ceaf4ab3-1.2.0+238242b777.jar to classpath.
[22:22:10] [main/DEBUG] (FabricLoader/Knot) Adding C:\Users\360mcv\Downloads\lazymaterialgathering-template-1.20.1\.gradle\loom-cache\remapped_mods\remapped\net\fabricmc\fabric-api\fabric-command-api-v1-ceaf4ab3\1.2.35+f71b366f77\fabric-command-api-v1-ceaf4ab3-1.2.35+f71b366f77.jar to classpath.
[22:22:10] [main/DEBUG] (FabricLoader/Knot) Adding C:\Users\360mcv\Downloads\lazymaterialgathering-template-1.20.1\.gradle\loom-cache\remapped_mods\remapped\net\fabricmc\fabric-api\fabric-commands-v0-ceaf4ab3\0.2.52+df3654b377\fabric-commands-v0-ceaf4ab3-0.2.52+df3654b377.jar to classpath.
[22:22:10] [main/DEBUG] (FabricLoader/Knot) Adding C:\Users\360mcv\Downloads\lazymaterialgathering-template-1.20.1\.gradle\loom-cache\remapped_mods\remapped\net\fabricmc\fabric-api\fabric-command-api-v2-ceaf4ab3\2.2.14+1802ada577\fabric-command-api-v2-ceaf4ab3-2.2.14+1802ada577.jar to classpath.
[22:22:10] [main/DEBUG] (FabricLoader/Knot) Adding C:\Users\360mcv\Downloads\lazymaterialgathering-template-1.20.1\.gradle\loom-cache\remapped_mods\remapped\net\fabricmc\fabric-api\fabric-content-registries-v0-ceaf4ab3\4.0.13+1802ada577\fabric-content-registries-v0-ceaf4ab3-4.0.13+1802ada577.jar to classpath.
[22:22:10] [main/DEBUG] (FabricLoader/Knot) Adding C:\Users\360mcv\Downloads\lazymaterialgathering-template-1.20.1\.gradle\loom-cache\remapped_mods\remapped\net\fabricmc\fabric-api\fabric-convention-tags-v1-ceaf4ab3\1.5.6+1802ada577\fabric-convention-tags-v1-ceaf4ab3-1.5.6+1802ada577.jar to classpath.
[22:22:10] [main/DEBUG] (FabricLoader/Knot) Adding C:\Users\360mcv\Downloads\lazymaterialgathering-template-1.20.1\.gradle\loom-cache\remapped_mods\remapped\net\fabricmc\fabric-api\fabric-data-attachment-api-v1-ceaf4ab3\1.0.2+de0fd6d177\fabric-data-attachment-api-v1-ceaf4ab3-1.0.2+de0fd6d177.jar to classpath.
[22:22:10] [main/DEBUG] (FabricLoader/Knot) Adding C:\Users\360mcv\Downloads\lazymaterialgathering-template-1.20.1\.gradle\loom-cache\remapped_mods\remapped\net\fabricmc\fabric-api\fabric-data-generation-api-v1-ceaf4ab3\12.4.0+238242b777\fabric-data-generation-api-v1-ceaf4ab3-12.4.0+238242b777.jar to classpath.
[22:22:10] [main/DEBUG] (FabricLoader/Knot) Adding C:\Users\360mcv\Downloads\lazymaterialgathering-template-1.20.1\.gradle\loom-cache\remapped_mods\remapped\net\fabricmc\fabric-api\fabric-dimensions-v1-ceaf4ab3\2.1.55+1802ada577\fabric-dimensions-v1-ceaf4ab3-2.1.55+1802ada577.jar to classpath.
[22:22:10] [main/DEBUG] (FabricLoader/Knot) Adding C:\Users\360mcv\Downloads\lazymaterialgathering-template-1.20.1\.gradle\loom-cache\remapped_mods\remapped\net\fabricmc\fabric-api\fabric-entity-events-v1-ceaf4ab3\1.6.1+1c78457f77\fabric-entity-events-v1-ceaf4ab3-1.6.1+1c78457f77.jar to classpath.
[22:22:10] [main/DEBUG] (FabricLoader/Knot) Adding C:\Users\360mcv\Downloads\lazymaterialgathering-template-1.20.1\.gradle\loom-cache\remapped_mods\remapped\net\fabricmc\fabric-api\fabric-events-interaction-v0-ceaf4ab3\0.6.6+13a40c6677\fabric-events-interaction-v0-ceaf4ab3-0.6.6+13a40c6677.jar to classpath.
[22:22:10] [main/DEBUG] (FabricLoader/Knot) Adding C:\Users\360mcv\Downloads\lazymaterialgathering-template-1.20.1\.gradle\loom-cache\remapped_mods\remapped\net\fabricmc\fabric-api\fabric-gametest-api-v1-ceaf4ab3\1.2.15+1802ada577\fabric-gametest-api-v1-ceaf4ab3-1.2.15+1802ada577.jar to classpath.
[22:22:10] [main/DEBUG] (FabricLoader/Knot) Adding C:\Users\360mcv\Downloads\lazymaterialgathering-template-1.20.1\.gradle\loom-cache\remapped_mods\remapped\net\fabricmc\fabric-api\fabric-events-lifecycle-v0-ceaf4ab3\0.2.64+df3654b377\fabric-events-lifecycle-v0-ceaf4ab3-0.2.64+df3654b377.jar to classpath.
[22:22:10] [main/DEBUG] (FabricLoader/Knot) Adding C:\Users\360mcv\Downloads\lazymaterialgathering-template-1.20.1\.gradle\loom-cache\remapped_mods\remapped\net\fabricmc\fabric-api\fabric-item-api-v1-ceaf4ab3\2.1.29+1802ada577\fabric-item-api-v1-ceaf4ab3-2.1.29+1802ada577.jar to classpath.
[22:22:10] [main/DEBUG] (FabricLoader/Knot) Adding C:\Users\360mcv\Downloads\lazymaterialgathering-template-1.20.1\.gradle\loom-cache\remapped_mods\remapped\net\fabricmc\fabric-api\fabric-item-group-api-v1-ceaf4ab3\4.0.14+1802ada577\fabric-item-group-api-v1-ceaf4ab3-4.0.14+1802ada577.jar to classpath.
[22:22:10] [main/DEBUG] (FabricLoader/Knot) Adding C:\Users\360mcv\Downloads\lazymaterialgathering-template-1.20.1\.gradle\loom-cache\remapped_mods\remapped\net\fabricmc\fabric-api\fabric-mining-level-api-v1-ceaf4ab3\2.1.52+1802ada577\fabric-mining-level-api-v1-ceaf4ab3-2.1.52+1802ada577.jar to classpath.
[22:22:10] [main/DEBUG] (FabricLoader/Knot) Adding C:\Users\360mcv\Downloads\lazymaterialgathering-template-1.20.1\.gradle\loom-cache\remapped_mods\remapped\net\fabricmc\fabric-api\fabric-lifecycle-events-v1-ceaf4ab3\2.2.23+1802ada577\fabric-lifecycle-events-v1-ceaf4ab3-2.2.23+1802ada577.jar to classpath.
[22:22:10] [main/DEBUG] (FabricLoader/Knot) Adding C:\Users\360mcv\Downloads\lazymaterialgathering-template-1.20.1\.gradle\loom-cache\remapped_mods\remapped\net\fabricmc\fabric-api\fabric-loot-tables-v1-ceaf4ab3\1.1.47+9e7660c677\fabric-loot-tables-v1-ceaf4ab3-1.1.47+9e7660c677.jar to classpath.
[22:22:10] [main/DEBUG] (FabricLoader/Knot) Adding C:\Users\360mcv\Downloads\lazymaterialgathering-template-1.20.1\.gradle\loom-cache\remapped_mods\remapped\net\fabricmc\fabric-api\fabric-loot-api-v2-ceaf4ab3\1.2.3+1802ada577\fabric-loot-api-v2-ceaf4ab3-1.2.3+1802ada577.jar to classpath.
[22:22:10] [main/DEBUG] (FabricLoader/Knot) Adding C:\Users\360mcv\Downloads\lazymaterialgathering-template-1.20.1\.gradle\loom-cache\remapped_mods\remapped\net\fabricmc\fabric-api\fabric-message-api-v1-ceaf4ab3\5.1.10+1802ada577\fabric-message-api-v1-ceaf4ab3-5.1.10+1802ada577.jar to classpath.
[22:22:10] [main/DEBUG] (FabricLoader/Knot) Adding C:\Users\360mcv\Downloads\lazymaterialgathering-template-1.20.1\.gradle\loom-cache\remapped_mods\remapped\net\fabricmc\fabric-api\fabric-models-v0-ceaf4ab3\0.4.3+9386d8a777\fabric-models-v0-ceaf4ab3-0.4.3+9386d8a777.jar to classpath.
[22:22:10] [main/DEBUG] (FabricLoader/Knot) Adding C:\Users\360mcv\Downloads\lazymaterialgathering-template-1.20.1\.gradle\loom-cache\remapped_mods\remapped\net\fabricmc\fabric-api\fabric-model-loading-api-v1-ceaf4ab3\1.0.4+1802ada577\fabric-model-loading-api-v1-ceaf4ab3-1.0.4+1802ada577.jar to classpath.
[22:22:10] [main/DEBUG] (FabricLoader/Knot) Adding C:\Users\360mcv\Downloads\lazymaterialgathering-template-1.20.1\.gradle\loom-cache\remapped_mods\remapped\net\fabricmc\fabric-api\fabric-recipe-api-v1-ceaf4ab3\1.0.25+1802ada577\fabric-recipe-api-v1-ceaf4ab3-1.0.25+1802ada577.jar to classpath.
[22:22:10] [main/DEBUG] (FabricLoader/Knot) Adding C:\Users\360mcv\Downloads\lazymaterialgathering-template-1.20.1\.gradle\loom-cache\remapped_mods\remapped\net\fabricmc\fabric-api\fabric-registry-sync-v0-ceaf4ab3\2.4.1+4c0a70e677\fabric-registry-sync-v0-ceaf4ab3-2.4.1+4c0a70e677.jar to classpath.
[22:22:10] [main/DEBUG] (FabricLoader/Knot) Adding C:\Users\360mcv\Downloads\lazymaterialgathering-template-1.20.1\.gradle\loom-cache\remapped_mods\remapped\net\fabricmc\fabric-api\fabric-screen-handler-api-v1-ceaf4ab3\1.3.34+1802ada577\fabric-screen-handler-api-v1-ceaf4ab3-1.3.34+1802ada577.jar to classpath.
[22:22:10] [main/DEBUG] (FabricLoader/Knot) Adding C:\Users\360mcv\Downloads\lazymaterialgathering-template-1.20.1\.gradle\loom-cache\remapped_mods\remapped\net\fabricmc\fabric-api\fabric-containers-v0-ceaf4ab3\0.1.68+df3654b377\fabric-containers-v0-ceaf4ab3-0.1.68+df3654b377.jar to classpath.
[22:22:10] [main/DEBUG] (FabricLoader/Knot) Adding C:\Users\360mcv\Downloads\lazymaterialgathering-template-1.20.1\.gradle\loom-cache\remapped_mods\remapped\net\fabricmc\fabric-api\fabric-networking-v0-ceaf4ab3\0.3.55+df3654b377\fabric-networking-v0-ceaf4ab3-0.3.55+df3654b377.jar to classpath.
[22:22:10] [main/DEBUG] (FabricLoader/Knot) Adding C:\Users\360mcv\Downloads\lazymaterialgathering-template-1.20.1\.gradle\loom-cache\remapped_mods\remapped\net\fabricmc\fabric-api\fabric-networking-api-v1-ceaf4ab3\1.3.15+0caff8d077\fabric-networking-api-v1-ceaf4ab3-1.3.15+0caff8d077.jar to classpath.
[22:22:10] [main/DEBUG] (FabricLoader/Knot) Adding C:\Users\360mcv\Downloads\lazymaterialgathering-template-1.20.1\.gradle\loom-cache\remapped_mods\remapped\net\fabricmc\fabric-api\fabric-object-builder-api-v1-ceaf4ab3\11.1.5+e35120df77\fabric-object-builder-api-v1-ceaf4ab3-11.1.5+e35120df77.jar to classpath.
[22:22:10] [main/DEBUG] (FabricLoader/Knot) Adding C:\Users\360mcv\Downloads\lazymaterialgathering-template-1.20.1\.gradle\loom-cache\remapped_mods\remapped\net\fabricmc\fabric-api\fabric-particles-v1-ceaf4ab3\1.1.3+1802ada577\fabric-particles-v1-ceaf4ab3-1.1.3+1802ada577.jar to classpath.
[22:22:10] [main/DEBUG] (FabricLoader/Knot) Adding C:\Users\360mcv\Downloads\lazymaterialgathering-template-1.20.1\.gradle\loom-cache\remapped_mods\remapped\net\fabricmc\fabric-api\fabric-renderer-indigo-ceaf4ab3\1.5.3+85287f9f77\fabric-renderer-indigo-ceaf4ab3-1.5.3+85287f9f77.jar to classpath.
[22:22:10] [main/DEBUG] (FabricLoader/Knot) Adding C:\Users\360mcv\Downloads\lazymaterialgathering-template-1.20.1\.gradle\loom-cache\remapped_mods\remapped\net\fabricmc\fabric-api\fabric-renderer-api-v1-ceaf4ab3\3.2.2+1802ada577\fabric-renderer-api-v1-ceaf4ab3-3.2.2+1802ada577.jar to classpath.
[22:22:10] [main/DEBUG] (FabricLoader/Knot) Adding C:\Users\360mcv\Downloads\lazymaterialgathering-template-1.20.1\.gradle\loom-cache\remapped_mods\remapped\net\fabricmc\fabric-api\fabric-rendering-fluids-v1-ceaf4ab3\3.0.29+1802ada577\fabric-rendering-fluids-v1-ceaf4ab3-3.0.29+1802ada577.jar to classpath.
[22:22:10] [main/DEBUG] (FabricLoader/Knot) Adding C:\Users\360mcv\Downloads\lazymaterialgathering-template-1.20.1\.gradle\loom-cache\remapped_mods\remapped\net\fabricmc\fabric-api\fabric-renderer-registries-v1-ceaf4ab3\3.2.48+df3654b377\fabric-renderer-registries-v1-ceaf4ab3-3.2.48+df3654b377.jar to classpath.
[22:22:10] [main/DEBUG] (FabricLoader/Knot) Adding C:\Users\360mcv\Downloads\lazymaterialgathering-template-1.20.1\.gradle\loom-cache\remapped_mods\remapped\net\fabricmc\fabric-api\fabric-rendering-v0-ceaf4ab3\1.1.51+df3654b377\fabric-rendering-v0-ceaf4ab3-1.1.51+df3654b377.jar to classpath.
[22:22:10] [main/DEBUG] (FabricLoader/Knot) Adding C:\Users\360mcv\Downloads\lazymaterialgathering-template-1.20.1\.gradle\loom-cache\remapped_mods\remapped\net\fabricmc\fabric-api\fabric-rendering-v1-ceaf4ab3\3.0.10+54550fb677\fabric-rendering-v1-ceaf4ab3-3.0.10+54550fb677.jar to classpath.
[22:22:10] [main/DEBUG] (FabricLoader/Knot) Adding C:\Users\360mcv\Downloads\lazymaterialgathering-template-1.20.1\.gradle\loom-cache\remapped_mods\remapped\net\fabricmc\fabric-api\fabric-screen-api-v1-ceaf4ab3\2.0.9+1802ada577\fabric-screen-api-v1-ceaf4ab3-2.0.9+1802ada577.jar to classpath.
[22:22:10] [main/DEBUG] (FabricLoader/Knot) Adding C:\Users\360mcv\Downloads\lazymaterialgathering-template-1.20.1\.gradle\loom-cache\remapped_mods\remapped\net\fabricmc\fabric-api\fabric-tag-api-v1-ceaf4ab3\1.3.0+238242b777\fabric-tag-api-v1-ceaf4ab3-1.3.0+238242b777.jar to classpath.
[22:22:10] [main/DEBUG] (FabricLoader/Knot) Adding C:\Users\360mcv\Downloads\lazymaterialgathering-template-1.20.1\.gradle\loom-cache\remapped_mods\remapped\net\fabricmc\fabric-api\fabric-api-base-ceaf4ab3\0.4.32+1802ada577\fabric-api-base-ceaf4ab3-0.4.32+1802ada577.jar to classpath.
[22:22:10] [main/DEBUG] (FabricLoader/Knot) Adding C:\Users\360mcv\Downloads\lazymaterialgathering-template-1.20.1\.gradle\loom-cache\remapped_mods\remapped\net\fabricmc\fabric-api\fabric-biome-api-v1-ceaf4ab3\13.0.15+93aa238b77\fabric-biome-api-v1-ceaf4ab3-13.0.15+93aa238b77.jar to classpath.
[22:22:10] [main/DEBUG] (FabricLoader/Knot) Adding C:\Users\360mcv\Downloads\lazymaterialgathering-template-1.20.1\.gradle\loom-cache\remapped_mods\remapped\net\fabricmc\fabric-api\fabric-block-api-v1-ceaf4ab3\1.0.12+1802ada577\fabric-block-api-v1-ceaf4ab3-1.0.12+1802ada577.jar to classpath.
[22:22:10] [main/DEBUG] (FabricLoader/Knot) Adding C:\Users\360mcv\Downloads\lazymaterialgathering-template-1.20.1\.gradle\loom-cache\remapped_mods\remapped\net\fabricmc\fabric-api\fabric-rendering-data-attachment-v1-ceaf4ab3\0.3.39+92a0d36777\fabric-rendering-data-attachment-v1-ceaf4ab3-0.3.39+92a0d36777.jar to classpath.
[22:22:10] [main/DEBUG] (FabricLoader/Knot) Adding C:\Users\360mcv\Downloads\lazymaterialgathering-template-1.20.1\.gradle\loom-cache\remapped_mods\remapped\net\fabricmc\fabric-api\fabric-block-view-api-v2-ceaf4ab3\1.0.3+924f046a77\fabric-block-view-api-v2-ceaf4ab3-1.0.3+924f046a77.jar to classpath.
[22:22:10] [main/DEBUG] (FabricLoader/Knot) Adding C:\Users\360mcv\Downloads\lazymaterialgathering-template-1.20.1\.gradle\loom-cache\remapped_mods\remapped\net\fabricmc\fabric-api\fabric-crash-report-info-v1-ceaf4ab3\0.2.20+1802ada577\fabric-crash-report-info-v1-ceaf4ab3-0.2.20+1802ada577.jar to classpath.
[22:22:10] [main/DEBUG] (FabricLoader/Knot) Adding C:\Users\360mcv\Downloads\lazymaterialgathering-template-1.20.1\.gradle\loom-cache\remapped_mods\remapped\net\fabricmc\fabric-api\fabric-game-rule-api-v1-ceaf4ab3\1.0.41+1802ada577\fabric-game-rule-api-v1-ceaf4ab3-1.0.41+1802ada577.jar to classpath.
[22:22:10] [main/DEBUG] (FabricLoader/Knot) Adding C:\Users\360mcv\Downloads\lazymaterialgathering-template-1.20.1\.gradle\loom-cache\remapped_mods\remapped\net\fabricmc\fabric-api\fabric-keybindings-v0-ceaf4ab3\0.2.36+df3654b377\fabric-keybindings-v0-ceaf4ab3-0.2.36+df3654b377.jar to classpath.
[22:22:10] [main/DEBUG] (FabricLoader/Knot) Adding C:\Users\360mcv\Downloads\lazymaterialgathering-template-1.20.1\.gradle\loom-cache\remapped_mods\remapped\net\fabricmc\fabric-api\fabric-key-binding-api-v1-ceaf4ab3\1.0.38+1802ada577\fabric-key-binding-api-v1-ceaf4ab3-1.0.38+1802ada577.jar to classpath.
[22:22:10] [main/DEBUG] (FabricLoader/Knot) Adding C:\Users\360mcv\Downloads\lazymaterialgathering-template-1.20.1\.gradle\loom-cache\remapped_mods\remapped\net\fabricmc\fabric-api\fabric-resource-conditions-api-v1-ceaf4ab3\2.3.9+1802ada577\fabric-resource-conditions-api-v1-ceaf4ab3-2.3.9+1802ada577.jar to classpath.
[22:22:10] [main/DEBUG] (FabricLoader/Knot) Adding C:\Users\360mcv\Downloads\lazymaterialgathering-template-1.20.1\.gradle\loom-cache\remapped_mods\remapped\net\fabricmc\fabric-api\fabric-resource-loader-v0-ceaf4ab3\0.11.12+fb82e9d777\fabric-resource-loader-v0-ceaf4ab3-0.11.12+fb82e9d777.jar to classpath.
[22:22:10] [main/DEBUG] (FabricLoader/Knot) Adding C:\Users\360mcv\Downloads\lazymaterialgathering-template-1.20.1\.gradle\loom-cache\remapped_mods\remapped\net\fabricmc\fabric-api\fabric-sound-api-v1-ceaf4ab3\1.0.14+1802ada577\fabric-sound-api-v1-ceaf4ab3-1.0.14+1802ada577.jar to classpath.
[22:22:10] [main/DEBUG] (FabricLoader/Knot) Adding C:\Users\360mcv\Downloads\lazymaterialgathering-template-1.20.1\.gradle\loom-cache\remapped_mods\remapped\net\fabricmc\fabric-api\fabric-transitive-access-wideners-v1-ceaf4ab3\4.3.2+1802ada577\fabric-transitive-access-wideners-v1-ceaf4ab3-4.3.2+1802ada577.jar to classpath.
[22:22:10] [main/DEBUG] (FabricLoader/Knot) Adding C:\Users\360mcv\Downloads\lazymaterialgathering-template-1.20.1\.gradle\loom-cache\remapped_mods\remapped\unspecified\baritone-api-fabric-1.10.5-ceaf4ab3\2ec4cb8f94\baritone-api-fabric-1.10.5-ceaf4ab3-2ec4cb8f94.jar to classpath.
[22:22:10] [main/DEBUG] (FabricLoader/Knot) Adding C:\Users\360mcv\.gradle\caches\modules-2\files-2.1\org.checkerframework\checker-qual\3.41.0\8be6df7f1e9bccb19f8f351b3651f0bac2f5e0c\checker-qual-3.41.0.jar to classpath.
[22:22:10] [main/DEBUG] (FabricLoader/Entrypoint) No subscribers for entrypoint 'preLaunch'
[22:22:10] [main/DEBUG] (FabricLoader/Mixin) Preparing mixins for MixinEnvironment[DEFAULT]
[22:22:10] [main/DEBUG] (FabricLoader/Mixin) Selecting config fabric-object-builder-v1.mixins.json
[22:22:10] [main/DEBUG] (FabricLoader/Mixin) Remapping refMap fabric-object-builder-api-v1-refmap.json using remapper chain
[22:22:10] [main/DEBUG] (FabricLoader/Mixin) Selecting config fabric-object-builder-v1.client.mixins.json
[22:22:10] [main/DEBUG] (FabricLoader/Mixin) Remapping refMap client-fabric-object-builder-api-v1-refmap.json using remapper chain
[22:22:10] [main/DEBUG] (FabricLoader/Mixin) Selecting config fabric-loot-api-v2.mixins.json
[22:22:10] [main/DEBUG] (FabricLoader/Mixin) Remapping refMap fabric-loot-api-v2-refmap.json using remapper chain
[22:22:10] [main/DEBUG] (FabricLoader/Mixin) Selecting config fabric-lifecycle-events-v1.mixins.json
[22:22:10] [main/DEBUG] (FabricLoader/Mixin) Remapping refMap fabric-lifecycle-events-v1-refmap.json using remapper chain
[22:22:10] [main/DEBUG] (FabricLoader/Mixin) Selecting config fabric-lifecycle-events-v1.client.mixins.json
[22:22:10] [main/DEBUG] (FabricLoader/Mixin) Remapping refMap client-fabric-lifecycle-events-v1-refmap.json using remapper chain
[22:22:10] [main/DEBUG] (FabricLoader/Mixin) Selecting config fabric-model-loading-api-v1.mixins.json
[22:22:10] [main/DEBUG] (FabricLoader/Mixin) Remapping refMap client-fabric-model-loading-api-v1-refmap.json using remapper chain
[22:22:10] [main/DEBUG] (FabricLoader/Mixin) Selecting config fabric-tag-api-v1.mixins.json
[22:22:10] [main/DEBUG] (FabricLoader/Mixin) Remapping refMap fabric-tag-api-v1-refmap.json using remapper chain
[22:22:10] [main/DEBUG] (FabricLoader/Mixin) Selecting config mixins.baritone.json
[22:22:10] [main/DEBUG] (FabricLoader/Mixin) Remapping refMap baritone.refmap.json using remapper chain
[22:22:10] [main/DEBUG] (FabricLoader/Mixin) Selecting config fabric-rendering-v1.mixins.json
[22:22:10] [main/DEBUG] (FabricLoader/Mixin) Remapping refMap client-fabric-rendering-v1-refmap.json using remapper chain
[22:22:10] [main/DEBUG] (FabricLoader/Mixin) Selecting config fabric-data-generation-api-v1.mixins.json
[22:22:10] [main/DEBUG] (FabricLoader/Mixin) Remapping refMap fabric-data-generation-api-v1-refmap.json using remapper chain
[22:22:10] [main/DEBUG] (FabricLoader/Mixin) Selecting config fabric-data-generation-api-v1.client.mixins.json
[22:22:10] [main/DEBUG] (FabricLoader/Mixin) Remapping refMap client-fabric-data-generation-api-v1-refmap.json using remapper chain
[22:22:10] [main/DEBUG] (FabricLoader/Mixin) Selecting config fabric-events-interaction-v0.mixins.json
[22:22:10] [main/DEBUG] (FabricLoader/Mixin) Remapping refMap fabric-events-interaction-v0-refmap.json using remapper chain
[22:22:10] [main/DEBUG] (FabricLoader/Mixin) Selecting config fabric-events-interaction-v0.client.mixins.json
[22:22:10] [main/DEBUG] (FabricLoader/Mixin) Remapping refMap client-fabric-events-interaction-v0-refmap.json using remapper chain
[22:22:10] [main/DEBUG] (FabricLoader/Mixin) Selecting config mixins.malilib.json
[22:22:10] [main/DEBUG] (FabricLoader/Mixin) Remapping refMap malilib-fabric-1.20.1-refmap.json using remapper chain
[22:22:10] [main/DEBUG] (FabricLoader/Mixin) Selecting config fabric-recipe-api-v1.mixins.json
[22:22:10] [main/DEBUG] (FabricLoader/Mixin) Remapping refMap fabric-recipe-api-v1-refmap.json using remapper chain
[22:22:10] [main/DEBUG] (FabricLoader/Mixin) Selecting config fabric-transfer-api-v1.mixins.json
[22:22:10] [main/DEBUG] (FabricLoader/Mixin) Remapping refMap fabric-transfer-api-v1-refmap.json using remapper chain
[22:22:10] [main/DEBUG] (FabricLoader/Mixin) Selecting config fabric-crash-report-info-v1.mixins.json
[22:22:10] [main/DEBUG] (FabricLoader/Mixin) Remapping refMap fabric-crash-report-info-v1-refmap.json using remapper chain
[22:22:10] [main/DEBUG] (FabricLoader/Mixin) Selecting config fabric-content-registries-v0.mixins.json
[22:22:10] [main/DEBUG] (FabricLoader/Mixin) Remapping refMap fabric-content-registries-v0-refmap.json using remapper chain
[22:22:10] [main/DEBUG] (FabricLoader/Mixin) Selecting config fabric-block-view-api-v2.mixins.json
[22:22:10] [main/DEBUG] (FabricLoader/Mixin) Remapping refMap fabric-block-view-api-v2-refmap.json using remapper chain
[22:22:10] [main/DEBUG] (FabricLoader/Mixin) Selecting config fabric-block-view-api-v2.client.mixins.json
[22:22:10] [main/DEBUG] (FabricLoader/Mixin) Remapping refMap client-fabric-block-view-api-v2-refmap.json using remapper chain
[22:22:10] [main/DEBUG] (FabricLoader/Mixin) Selecting config fabric-entity-events-v1.mixins.json
[22:22:10] [main/DEBUG] (FabricLoader/Mixin) Remapping refMap fabric-entity-events-v1-refmap.json using remapper chain
[22:22:10] [main/DEBUG] (FabricLoader/Mixin) Selecting config fabric-entity-events-v1.client.mixins.json
[22:22:10] [main/DEBUG] (FabricLoader/Mixin) Remapping refMap client-fabric-entity-events-v1-refmap.json using remapper chain
[22:22:10] [main/DEBUG] (FabricLoader/Mixin) Selecting config fabric-rendering-fluids-v1.mixins.json
[22:22:10] [main/DEBUG] (FabricLoader/Mixin) Remapping refMap client-fabric-rendering-fluids-v1-refmap.json using remapper chain
[22:22:10] [main/DEBUG] (FabricLoader/Mixin) Selecting config fabric-block-api-v1.mixins.json
[22:22:10] [main/DEBUG] (FabricLoader/Mixin) Remapping refMap fabric-block-api-v1-refmap.json using remapper chain
[22:22:10] [main/DEBUG] (FabricLoader/Mixin) Selecting config mixins.modmenu.json
[22:22:10] [main/DEBUG] (FabricLoader/Mixin) Remapping refMap modmenu-refmap.json using remapper chain
[22:22:10] [main/DEBUG] (FabricLoader/Mixin) Selecting config fabric-api-lookup-api-v1.mixins.json
[22:22:10] [main/DEBUG] (FabricLoader/Mixin) Remapping refMap fabric-api-lookup-api-v1-refmap.json using remapper chain
[22:22:10] [main/DEBUG] (FabricLoader/Mixin) Selecting config fabric-game-rule-api-v1.mixins.json
[22:22:10] [main/DEBUG] (FabricLoader/Mixin) Remapping refMap fabric-game-rule-api-v1-refmap.json using remapper chain
[22:22:10] [main/DEBUG] (FabricLoader/Mixin) Selecting config fabric-game-rule-api-v1.client.mixins.json
[22:22:10] [main/DEBUG] (FabricLoader/Mixin) Remapping refMap client-fabric-game-rule-api-v1-refmap.json using remapper chain
[22:22:10] [main/DEBUG] (FabricLoader/Mixin) Selecting config lazymaterialgathering.mixins.json
[22:22:10] [main/DEBUG] (FabricLoader/Mixin) Selecting config fabric-networking-api-v1.mixins.json
[22:22:10] [main/DEBUG] (FabricLoader/Mixin) Remapping refMap fabric-networking-api-v1-refmap.json using remapper chain
[22:22:10] [main/DEBUG] (FabricLoader/Mixin) Selecting config fabric-networking-api-v1.client.mixins.json
[22:22:10] [main/DEBUG] (FabricLoader/Mixin) Remapping refMap client-fabric-networking-api-v1-refmap.json using remapper chain
[22:22:10] [main/DEBUG] (FabricLoader/Mixin) Selecting config fabric-biome-api-v1.mixins.json
[22:22:10] [main/DEBUG] (FabricLoader/Mixin) Remapping refMap fabric-biome-api-v1-refmap.json using remapper chain
[22:22:10] [main/DEBUG] (FabricLoader/Mixin) Selecting config fabric-containers-v0.mixins.json
[22:22:10] [main/DEBUG] (FabricLoader/Mixin) Remapping refMap fabric-containers-v0-refmap.json using remapper chain
[22:22:10] [main/DEBUG] (FabricLoader/Mixin) Selecting config fabric-containers-v0.accurate.mixins.json
[22:22:10] [main/DEBUG] (FabricLoader/Mixin) Remapping refMap fabric-containers-v0-refmap.json using remapper chain
[22:22:10] [main/DEBUG] (FabricLoader/Mixin) Selecting config fabric-screen-api-v1.mixins.json
[22:22:10] [main/DEBUG] (FabricLoader/Mixin) Remapping refMap client-fabric-screen-api-v1-refmap.json using remapper chain
[22:22:10] [main/DEBUG] (FabricLoader/Mixin) Selecting config fabric-sound-api-v1.mixins.json
[22:22:10] [main/DEBUG] (FabricLoader/Mixin) Remapping refMap client-fabric-sound-api-v1-refmap.json using remapper chain
[22:22:10] [main/DEBUG] (FabricLoader/Mixin) Selecting config fabric-dimensions-v1.mixins.json
[22:22:10] [main/DEBUG] (FabricLoader/Mixin) Remapping refMap fabric-dimensions-v1-refmap.json using remapper chain
[22:22:10] [main/DEBUG] (FabricLoader/Mixin) Selecting config fabric-rendering-data-attachment-v1.mixins.json
[22:22:10] [main/DEBUG] (FabricLoader/Mixin) Remapping refMap fabric-rendering-data-attachment-v1-refmap.json using remapper chain
[22:22:10] [main/DEBUG] (FabricLoader/Mixin) Selecting config fabric-rendering-data-attachment-v1.client.mixins.json
[22:22:10] [main/DEBUG] (FabricLoader/Mixin) Remapping refMap client-fabric-rendering-data-attachment-v1-refmap.json using remapper chain
[22:22:10] [main/DEBUG] (FabricLoader/Mixin) Selecting config fabric-blockrenderlayer-v1.mixins.json
[22:22:10] [main/DEBUG] (FabricLoader/Mixin) Remapping refMap client-fabric-blockrenderlayer-v1-refmap.json using remapper chain
[22:22:10] [main/DEBUG] (FabricLoader/Mixin) Selecting config fabric-renderer-indigo.mixins.json
[22:22:10] [main/DEBUG] (FabricLoader/Mixin) Remapping refMap client-fabric-renderer-indigo-refmap.json using remapper chain
[22:22:10] [main/DEBUG] (FabricLoader/Mixin) Selecting config mixinextras.init.mixins.json
[22:22:10] [main/DEBUG] (FabricLoader/MixinExtras|Service) com.llamalad7.mixinextras.service.MixinExtrasServiceImpl(version=0.5.5) is taking over from null
[22:22:10] [main/DEBUG] (FabricLoader/Mixin) Registering new injector for @Inject with org.spongepowered.asm.mixin.injection.struct.CallbackInjectionInfo
[22:22:10] [main/DEBUG] (FabricLoader/Mixin) Registering new injector for @ModifyArg with org.spongepowered.asm.mixin.injection.struct.ModifyArgInjectionInfo
[22:22:10] [main/DEBUG] (FabricLoader/Mixin) Registering new injector for @ModifyArgs with org.spongepowered.asm.mixin.injection.struct.ModifyArgsInjectionInfo
[22:22:10] [main/DEBUG] (FabricLoader/Mixin) Registering new injector for @Redirect with org.spongepowered.asm.mixin.injection.struct.RedirectInjectionInfo
[22:22:10] [main/DEBUG] (FabricLoader/Mixin) Registering new injector for @ModifyVariable with org.spongepowered.asm.mixin.injection.struct.ModifyVariableInjectionInfo
[22:22:10] [main/DEBUG] (FabricLoader/Mixin) Registering new injector for @ModifyConstant with org.spongepowered.asm.mixin.injection.struct.ModifyConstantInjectionInfo
[22:22:10] [main/DEBUG] (FabricLoader/Mixin) Selecting config fabric-loot-tables-v1.mixins.json
[22:22:10] [main/DEBUG] (FabricLoader/Mixin) Remapping refMap fabric-loot-tables-v1-refmap.json using remapper chain
[22:22:10] [main/DEBUG] (FabricLoader/Mixin) Selecting config fabric-resource-loader-v0.mixins.json
[22:22:10] [main/DEBUG] (FabricLoader/Mixin) Remapping refMap fabric-resource-loader-v0-refmap.json using remapper chain
[22:22:10] [main/DEBUG] (FabricLoader/Mixin) Selecting config fabric-resource-loader-v0.client.mixins.json
[22:22:10] [main/DEBUG] (FabricLoader/Mixin) Remapping refMap client-fabric-resource-loader-v0-refmap.json using remapper chain
[22:22:10] [main/DEBUG] (FabricLoader/Mixin) Selecting config fabric-mining-level-api-v1.mixins.json
[22:22:10] [main/DEBUG] (FabricLoader/Mixin) Remapping refMap fabric-mining-level-api-v1-refmap.json using remapper chain
[22:22:10] [main/DEBUG] (FabricLoader/Mixin) Selecting config fabric-screen-handler-api-v1.mixins.json
[22:22:10] [main/DEBUG] (FabricLoader/Mixin) Remapping refMap fabric-screen-handler-api-v1-refmap.json using remapper chain
[22:22:10] [main/DEBUG] (FabricLoader/Mixin) Selecting config fabric-message-api-v1.mixins.json
[22:22:10] [main/DEBUG] (FabricLoader/Mixin) Remapping refMap fabric-message-api-v1-refmap.json using remapper chain
[22:22:10] [main/DEBUG] (FabricLoader/Mixin) Selecting config fabric-message-api-v1.client.mixins.json
[22:22:10] [main/DEBUG] (FabricLoader/Mixin) Remapping refMap client-fabric-message-api-v1-refmap.json using remapper chain
[22:22:10] [main/DEBUG] (FabricLoader/Mixin) Selecting config fabric-command-api-v2.mixins.json
[22:22:10] [main/DEBUG] (FabricLoader/Mixin) Remapping refMap fabric-command-api-v2-refmap.json using remapper chain
[22:22:10] [main/DEBUG] (FabricLoader/Mixin) Selecting config fabric-command-api-v2.client.mixins.json
[22:22:10] [main/DEBUG] (FabricLoader/Mixin) Remapping refMap client-fabric-command-api-v2-refmap.json using remapper chain
[22:22:10] [main/DEBUG] (FabricLoader/Mixin) Selecting config fabric-item-api-v1.mixins.json
[22:22:10] [main/DEBUG] (FabricLoader/Mixin) Remapping refMap fabric-item-api-v1-refmap.json using remapper chain
[22:22:10] [main/DEBUG] (FabricLoader/Mixin) Selecting config fabric-item-api-v1.client.mixins.json
[22:22:10] [main/DEBUG] (FabricLoader/Mixin) Remapping refMap client-fabric-item-api-v1-refmap.json using remapper chain
[22:22:10] [main/DEBUG] (FabricLoader/Mixin) Selecting config fabric-registry-sync-v0.mixins.json
[22:22:10] [main/DEBUG] (FabricLoader/Mixin) Remapping refMap fabric-registry-sync-v0-refmap.json using remapper chain
[22:22:10] [main/DEBUG] (FabricLoader/Mixin) Selecting config fabric-registry-sync-v0.client.mixins.json
[22:22:10] [main/DEBUG] (FabricLoader/Mixin) Remapping refMap client-fabric-registry-sync-v0-refmap.json using remapper chain
[22:22:10] [main/DEBUG] (FabricLoader/Mixin) Selecting config fabric-renderer-api-v1.mixins.json
[22:22:10] [main/DEBUG] (FabricLoader/Mixin) Remapping refMap client-fabric-renderer-api-v1-refmap.json using remapper chain
[22:22:10] [main/DEBUG] (FabricLoader/Mixin) Selecting config fabric-renderer-api-v1.debughud.mixins.json
[22:22:10] [main/DEBUG] (FabricLoader/Mixin) Remapping refMap client-fabric-renderer-api-v1-refmap.json using remapper chain
[22:22:10] [main/DEBUG] (FabricLoader/Mixin) Selecting config mixins.litematica.json
[22:22:10] [main/DEBUG] (FabricLoader/Mixin) Remapping refMap litematica-fabric-1.20.1-refmap.json using remapper chain
[22:22:10] [main/DEBUG] (FabricLoader/Mixin) Selecting config fabric-particles-v1.client.mixins.json
[22:22:10] [main/DEBUG] (FabricLoader/Mixin) Remapping refMap client-fabric-particles-v1-refmap.json using remapper chain
[22:22:10] [main/DEBUG] (FabricLoader/Mixin) Selecting config fabric-gametest-api-v1.mixins.json
[22:22:10] [main/DEBUG] (FabricLoader/Mixin) Remapping refMap fabric-gametest-api-v1-refmap.json using remapper chain
[22:22:10] [main/DEBUG] (FabricLoader/Mixin) Selecting config fabric-data-attachment-api-v1.mixins.json
[22:22:10] [main/DEBUG] (FabricLoader/Mixin) Remapping refMap fabric-data-attachment-api-v1-refmap.json using remapper chain
[22:22:10] [main/DEBUG] (FabricLoader/Mixin) Selecting config fabric-data-attachment-api-v1.client.mixins.json
[22:22:10] [main/DEBUG] (FabricLoader/Mixin) Remapping refMap client-fabric-data-attachment-api-v1-refmap.json using remapper chain
[22:22:10] [main/DEBUG] (FabricLoader/Mixin) Selecting config fabric-item-group-api-v1.mixins.json
[22:22:10] [main/DEBUG] (FabricLoader/Mixin) Remapping refMap fabric-item-group-api-v1-refmap.json using remapper chain
[22:22:10] [main/DEBUG] (FabricLoader/Mixin) Selecting config fabric-item-group-api-v1.client.mixins.json
[22:22:10] [main/DEBUG] (FabricLoader/Mixin) Remapping refMap client-fabric-item-group-api-v1-refmap.json using remapper chain
[22:22:10] [main/DEBUG] (FabricLoader/Mixin) Selecting config fabric-key-binding-api-v1.mixins.json
[22:22:10] [main/DEBUG] (FabricLoader/Mixin) Remapping refMap client-fabric-key-binding-api-v1-refmap.json using remapper chain
[22:22:10] [main/DEBUG] (FabricLoader/Mixin) Selecting config fabric-resource-conditions-api-v1.mixins.json
[22:22:10] [main/DEBUG] (FabricLoader/Mixin) Remapping refMap fabric-resource-conditions-api-v1-refmap.json using remapper chain
[22:22:10] [main/DEBUG] (FabricLoader/Mixin) Preparing fabric-object-builder-v1.mixins.json (7)
[22:22:10] [main/DEBUG] (FabricLoader/Mixin) Preparing fabric-object-builder-v1.client.mixins.json (5)
[22:22:10] [main/DEBUG] (FabricLoader/Mixin) Preparing fabric-loot-api-v2.mixins.json (5)
[22:22:10] [main/DEBUG] (FabricLoader/Mixin) Preparing fabric-lifecycle-events-v1.mixins.json (9)
[22:22:10] [main/DEBUG] (FabricLoader/Mixin) Preparing fabric-lifecycle-events-v1.client.mixins.json (6)
[22:22:11] [main/DEBUG] (FabricLoader/Mixin) Preparing fabric-model-loading-api-v1.mixins.json (3)
[22:22:11] [main/DEBUG] (FabricLoader/Mixin) Preparing fabric-tag-api-v1.mixins.json (3)
[22:22:11] [main/DEBUG] (FabricLoader/Mixin) Preparing mixins.baritone.json (19)
[22:22:11] [main/DEBUG] (FabricLoader/Mixin) Preparing fabric-rendering-v1.mixins.json (17)
[22:22:11] [main/DEBUG] (FabricLoader/Mixin) Preparing fabric-data-generation-api-v1.mixins.json (6)
[22:22:11] [main/DEBUG] (FabricLoader/Mixin) Preparing fabric-data-generation-api-v1.client.mixins.json (1)
[22:22:11] [main/DEBUG] (FabricLoader/Mixin) Preparing fabric-events-interaction-v0.mixins.json (5)
[22:22:11] [main/DEBUG] (FabricLoader/Mixin) Preparing fabric-events-interaction-v0.client.mixins.json (3)
[22:22:11] [main/DEBUG] (FabricLoader/Mixin) Preparing mixins.malilib.json (8)
[22:22:11] [main/DEBUG] (FabricLoader/Mixin) Preparing fabric-recipe-api-v1.mixins.json (3)
[22:22:11] [main/DEBUG] (FabricLoader/Mixin) Preparing fabric-transfer-api-v1.mixins.json (12)
[22:22:11] [main/DEBUG] (FabricLoader/Mixin) Preparing fabric-crash-report-info-v1.mixins.json (1)
[22:22:11] [main/DEBUG] (FabricLoader/Mixin) Preparing fabric-content-registries-v0.mixins.json (11)
[22:22:11] [main/DEBUG] (FabricLoader/Mixin) Preparing fabric-block-view-api-v2.mixins.json (3)
[22:22:11] [main/DEBUG] (FabricLoader/Mixin) Preparing fabric-block-view-api-v2.client.mixins.json (2)
[22:22:11] [main/DEBUG] (FabricLoader/Mixin) Preparing fabric-entity-events-v1.mixins.json (11)
[22:22:11] [main/DEBUG] (FabricLoader/Mixin) Preparing fabric-entity-events-v1.client.mixins.json (1)
[22:22:11] [main/DEBUG] (FabricLoader/Mixin) Preparing fabric-rendering-fluids-v1.mixins.json (1)
[22:22:11] [main/DEBUG] (FabricLoader/Mixin) Preparing fabric-block-api-v1.mixins.json (2)
[22:22:11] [main/DEBUG] (FabricLoader/Mixin) Preparing mixins.modmenu.json (3)
[22:22:11] [main/DEBUG] (FabricLoader/Mixin) Preparing fabric-api-lookup-api-v1.mixins.json (2)
[22:22:11] [main/DEBUG] (FabricLoader/Mixin) Preparing fabric-game-rule-api-v1.mixins.json (6)
[22:22:11] [main/DEBUG] (FabricLoader/Mixin) Preparing fabric-game-rule-api-v1.client.mixins.json (3)
[22:22:11] [main/DEBUG] (FabricLoader/Mixin) Preparing lazymaterialgathering.mixins.json (2)
[22:22:11] [main/DEBUG] (FabricLoader/Mixin) Preparing fabric-networking-api-v1.mixins.json (12)
[22:22:11] [main/DEBUG] (FabricLoader/Mixin) Preparing fabric-networking-api-v1.client.mixins.json (5)
[22:22:11] [main/DEBUG] (FabricLoader/Mixin) Preparing fabric-biome-api-v1.mixins.json (9)
[22:22:11] [main/DEBUG] (FabricLoader/Mixin) Preparing fabric-containers-v0.mixins.json (1)
[22:22:11] [main/DEBUG] (FabricLoader/Mixin) Preparing fabric-containers-v0.accurate.mixins.json (1)
[22:22:11] [main/DEBUG] (FabricLoader/Mixin) Preparing fabric-screen-api-v1.mixins.json (6)
[22:22:11] [main/DEBUG] (FabricLoader/Mixin) Preparing fabric-sound-api-v1.mixins.json (2)
[22:22:11] [main/DEBUG] (FabricLoader/Mixin) Preparing fabric-dimensions-v1.mixins.json (5)
[22:22:11] [main/DEBUG] (FabricLoader/Mixin) Preparing fabric-rendering-data-attachment-v1.mixins.json (2)
[22:22:11] [main/DEBUG] (FabricLoader/Mixin) Preparing fabric-rendering-data-attachment-v1.client.mixins.json (1)
[22:22:11] [main/DEBUG] (FabricLoader/Mixin) Preparing fabric-blockrenderlayer-v1.mixins.json (1)
[22:22:11] [main/DEBUG] (FabricLoader/Mixin) Preparing fabric-renderer-indigo.mixins.json (5)
[22:22:11] [main/DEBUG] (FabricLoader/Mixin) Preparing mixinextras.init.mixins.json (0)
[22:22:11] [main/DEBUG] (FabricLoader/Mixin) Preparing fabric-loot-tables-v1.mixins.json (2)
[22:22:11] [main/DEBUG] (FabricLoader/Mixin) Preparing fabric-resource-loader-v0.mixins.json (12)
[22:22:11] [main/DEBUG] (FabricLoader/Mixin) Preparing fabric-resource-loader-v0.client.mixins.json (6)
[22:22:11] [main/DEBUG] (FabricLoader/Mixin) Preparing fabric-mining-level-api-v1.mixins.json (3)
[22:22:11] [main/DEBUG] (FabricLoader/Mixin) Preparing fabric-screen-handler-api-v1.mixins.json (2)
[22:22:11] [main/DEBUG] (FabricLoader/Mixin) Preparing fabric-message-api-v1.mixins.json (2)
[22:22:11] [main/DEBUG] (FabricLoader/Mixin) Preparing fabric-message-api-v1.client.mixins.json (2)
[22:22:11] [main/DEBUG] (FabricLoader/Mixin) Preparing fabric-command-api-v2.mixins.json (5)
[22:22:11] [main/DEBUG] (FabricLoader/Mixin) Preparing fabric-command-api-v2.client.mixins.json (2)
[22:22:11] [main/DEBUG] (FabricLoader/Mixin) Preparing fabric-item-api-v1.mixins.json (7)
[22:22:11] [main/DEBUG] (FabricLoader/Mixin) Preparing fabric-item-api-v1.client.mixins.json (3)
[22:22:11] [main/DEBUG] (FabricLoader/Mixin) Preparing fabric-registry-sync-v0.mixins.json (15)
[22:22:11] [main/DEBUG] (FabricLoader/Mixin) Preparing fabric-registry-sync-v0.client.mixins.json (5)
[22:22:11] [main/DEBUG] (FabricLoader/Mixin) Preparing fabric-renderer-api-v1.mixins.json (5)
[22:22:11] [main/DEBUG] (FabricLoader/Mixin) Preparing fabric-renderer-api-v1.debughud.mixins.json (1)
[22:22:11] [main/DEBUG] (FabricLoader/Mixin) Preparing mixins.litematica.json (26)
[22:22:11] [main/DEBUG] (FabricLoader/Mixin) Preparing fabric-particles-v1.client.mixins.json (4)
[22:22:11] [main/DEBUG] (FabricLoader/Mixin) Preparing fabric-gametest-api-v1.mixins.json (7)
[22:22:11] [main/DEBUG] (FabricLoader/Mixin) Preparing fabric-data-attachment-api-v1.mixins.json (8)
[22:22:11] [main/DEBUG] (FabricLoader/Mixin) Preparing fabric-data-attachment-api-v1.client.mixins.json (1)
[22:22:11] [main/DEBUG] (FabricLoader/Mixin) Preparing fabric-item-group-api-v1.mixins.json (3)
[22:22:11] [main/DEBUG] (FabricLoader/Mixin) Preparing fabric-item-group-api-v1.client.mixins.json (1)
[22:22:11] [main/DEBUG] (FabricLoader/Mixin) Preparing fabric-key-binding-api-v1.mixins.json (2)
[22:22:11] [main/DEBUG] (FabricLoader/Mixin) Preparing fabric-resource-conditions-api-v1.mixins.json (6)
[22:22:11] [main/DEBUG] (FabricLoader/Mixin) Inner class net/fabricmc/fabric/mixin/transfer/ChiseledBookshelfBlockEntityMixin$1 in net/fabricmc/fabric/mixin/transfer/ChiseledBookshelfBlockEntityMixin on net/minecraft/block/entity/ChiseledBookshelfBlockEntity gets unique name net/minecraft/block/entity/ChiseledBookshelfBlockEntity$Anonymous$a08ab8b2fc87350bbf669dbd469efcde
[22:22:11] [main/DEBUG] (FabricLoader/Mixin) Inner class net/fabricmc/fabric/mixin/registry/sync/SimpleRegistryMixin$1 in net/fabricmc/fabric/mixin/registry/sync/SimpleRegistryMixin on net/minecraft/registry/SimpleRegistry gets unique name net/minecraft/registry/SimpleRegistry$Anonymous$8f163231c72d3935abe03facbece27ce
[22:22:11] [main/DEBUG] (FabricLoader/Mixin) Inner class net/fabricmc/fabric/mixin/itemgroup/ItemGroupsMixin$1ItemGroupPosition in net/fabricmc/fabric/mixin/itemgroup/ItemGroupsMixin on net/minecraft/item/ItemGroups gets unique name net/minecraft/item/ItemGroups$1ItemGroupPosition$226c57ef75f733cf86d0df2b43c33e70
[22:22:11] [main/DEBUG] (FabricLoader/Mixin) Prepared 336 mixins in 0.915 sec (2.7ms avg) (0ms load, 0ms transform, 0ms plugin)
[22:22:12] [main/DEBUG] (io.netty.util.internal.logging.InternalLoggerFactory) Using SLF4J as the default logging framework
[22:22:12] [main/DEBUG] (io.netty.util.ResourceLeakDetector) -Dio.netty.leakDetection.level: simple
[22:22:12] [main/DEBUG] (io.netty.util.ResourceLeakDetector) -Dio.netty.leakDetection.targetRecords: 4
[22:22:12] [main/INFO] (FabricLoader/MixinExtras|Service) Initializing MixinExtras via com.llamalad7.mixinextras.service.MixinExtrasServiceImpl(version=0.5.5).
[22:22:12] [main/DEBUG] (FabricLoader/Mixin) Registering new injector for @SugarWrapper with com.llamalad7.mixinextras.sugar.impl.SugarWrapperInjectionInfo
[22:22:12] [main/DEBUG] (FabricLoader/Mixin) Registering new injector for @FactoryRedirectWrapper with com.llamalad7.mixinextras.wrapper.factory.FactoryRedirectWrapperInjectionInfo
[22:22:12] [main/DEBUG] (FabricLoader/Mixin) Registering new injector for @ExpressionInjectorWrapper with com.llamalad7.mixinextras.expression.impl.wrapper.ExpressionInjectorWrapperInjectionInfo
[22:22:12] [main/DEBUG] (FabricLoader/Mixin) Mixing SystemDetailsMixin from fabric-crash-report-info-v1.mixins.json into net.minecraft.util.SystemDetails
[22:22:12] [main/DEBUG] (FabricLoader/Mixin) fabric-crash-report-info-v1.mixins.json:SystemDetailsMixin from mod fabric-crash-report-info-v1: Class version 61 required is higher than the class version supported by the current version of Mixin (JAVA_16 supports class version 60)
[22:22:12] [main/DEBUG] (FabricLoader/Mixin) Renaming synthetic method lambda$appendMods$1(Lnet/fabricmc/loader/api/ModContainer;)Ljava/lang/String; to md84916f$fabric-crash-report-info-v1$lambda$appendMods$1$0 in fabric-crash-report-info-v1.mixins.json:SystemDetailsMixin from mod fabric-crash-report-info-v1
[22:22:12] [main/DEBUG] (FabricLoader/Mixin) Renaming synthetic method lambda$fillSystemDetails$0()Ljava/lang/String; to md84916f$fabric-crash-report-info-v1$lambda$fillSystemDetails$0$1 in fabric-crash-report-info-v1.mixins.json:SystemDetailsMixin from mod fabric-crash-report-info-v1
[22:22:12] [main/DEBUG] (FabricLoader/Mixin) fabric-crash-report-info-v1.mixins.json:SystemDetailsMixin from mod fabric-crash-report-info-v1->@Inject::fillSystemDetails(Lorg/spongepowered/asm/mixin/injection/callback/CallbackInfo;)V doesn't use it's CallbackInfo
[22:22:12] [main/DEBUG] (FabricLoader/Mixin) fabric-crash-report-info-v1.mixins.json:SystemDetailsMixin from mod fabric-crash-report-info-v1->@Inject::fillSystemDetails(Lorg/spongepowered/asm/mixin/injection/callback/CallbackInfo;)V has 0 override(s) in child classes
[22:22:12] [main/DEBUG] (FabricLoader/Mixin) fabric-crash-report-info-v1.mixins.json:SystemDetailsMixin from mod fabric-crash-report-info-v1->@Inject::fillSystemDetails(Lorg/spongepowered/asm/mixin/injection/callback/CallbackInfo;)V won't be passed a CallbackInfo as a result
[22:22:12] [main/WARN] (oshi.driver.windows.perfmon.PerfmonDisabled) Invalid registry value type detected for PerfOS counters. Should be REG_DWORD. Ignoring: HKEY_LOCAL_MACHINE\SYSTEM\CurrentControlSet\Services\PerfOS\Performance\Disable Performance Counters.
[22:22:13] [main/DEBUG] (FabricLoader/Mixin) Mixing BootstrapMixin from fabric-registry-sync-v0.mixins.json into net.minecraft.Bootstrap
[22:22:13] [main/DEBUG] (FabricLoader/Mixin) fabric-registry-sync-v0.mixins.json:BootstrapMixin from mod fabric-registry-sync-v0: Class version 61 required is higher than the class version supported by the current version of Mixin (JAVA_16 supports class version 60)
[22:22:13] [main/DEBUG] (FabricLoader/Mixin) Renaming synthetic method lambda$initialize$1(Lnet/minecraft/fluid/Fluid;)Ljava/util/Collection; to md84916f$fabric-registry-sync-v0$lambda$initialize$1$0 in fabric-registry-sync-v0.mixins.json:BootstrapMixin from mod fabric-registry-sync-v0
[22:22:13] [main/DEBUG] (FabricLoader/Mixin) Renaming synthetic method lambda$initialize$0(Lnet/minecraft/block/Block;)Ljava/util/Collection; to md84916f$fabric-registry-sync-v0$lambda$initialize$0$1 in fabric-registry-sync-v0.mixins.json:BootstrapMixin from mod fabric-registry-sync-v0
[22:22:13] [main/DEBUG] (FabricLoader/Mixin) fabric-registry-sync-v0.mixins.json:BootstrapMixin from mod fabric-registry-sync-v0->@Inject::initialize(Lorg/spongepowered/asm/mixin/injection/callback/CallbackInfo;)V doesn't use it's CallbackInfo
[22:22:13] [main/DEBUG] (FabricLoader/Mixin) Mixing RegistryMixin from fabric-registry-sync-v0.mixins.json into net.minecraft.registry.Registry
[22:22:13] [main/DEBUG] (FabricLoader/Mixin) fabric-registry-sync-v0.mixins.json:RegistryMixin from mod fabric-registry-sync-v0: Class version 61 required is higher than the class version supported by the current version of Mixin (JAVA_16 supports class version 60)
[22:22:13] [main/DEBUG] (FabricLoader/Mixin) Mixing RegistriesAccessor from fabric-registry-sync-v0.mixins.json into net.minecraft.registry.Registries
[22:22:13] [main/DEBUG] (FabricLoader/Mixin) fabric-registry-sync-v0.mixins.json:RegistriesAccessor from mod fabric-registry-sync-v0: Class version 61 required is higher than the class version supported by the current version of Mixin (JAVA_16 supports class version 60)
[22:22:13] [main/DEBUG] (FabricLoader/Mixin) Renaming @Accessor method getROOT()Lnet/minecraft/registry/MutableRegistry; to getROOT$fabric-registry-sync-v0_$md$84916f$0 in fabric-registry-sync-v0.mixins.json:RegistriesAccessor from mod fabric-registry-sync-v0
[22:22:13] [main/DEBUG] (FabricLoader/Mixin) Mixing RegistriesMixin from fabric-registry-sync-v0.mixins.json into net.minecraft.registry.Registries
[22:22:13] [main/DEBUG] (FabricLoader/Mixin) fabric-registry-sync-v0.mixins.json:RegistriesMixin from mod fabric-registry-sync-v0: Class version 61 required is higher than the class version supported by the current version of Mixin (JAVA_16 supports class version 60)
[22:22:13] [main/DEBUG] (FabricLoader/Mixin) fabric-registry-sync-v0.mixins.json:RegistriesMixin from mod fabric-registry-sync-v0->@Inject::init(Lorg/spongepowered/asm/mixin/injection/callback/CallbackInfo;)V does use it's CallbackInfo
[22:22:13] [main/DEBUG] (FabricLoader/Mixin) Mixing SimpleRegistryMixin from fabric-registry-sync-v0.mixins.json into net.minecraft.registry.SimpleRegistry
[22:22:13] [main/DEBUG] (FabricLoader/Mixin) fabric-registry-sync-v0.mixins.json:SimpleRegistryMixin from mod fabric-registry-sync-v0: Class version 61 required is higher than the class version supported by the current version of Mixin (JAVA_16 supports class version 60)
[22:22:13] [main/DEBUG] (FabricLoader/Mixin) Renaming synthetic method lambda$init$10([Lnet/fabricmc/fabric/api/event/registry/RegistryIdRemapCallback;)Lnet/fabricmc/fabric/api/event/registry/RegistryIdRemapCallback; to md84916f$fabric-registry-sync-v0$lambda$init$10$0 in fabric-registry-sync-v0.mixins.json:SimpleRegistryMixin from mod fabric-registry-sync-v0
[22:22:13] [main/DEBUG] (FabricLoader/Mixin) Renaming synthetic method lambda$init$9([Lnet/fabricmc/fabric/api/event/registry/RegistryIdRemapCallback;Lnet/fabricmc/fabric/api/event/registry/RegistryIdRemapCallback$RemapState;)V to md84916f$fabric-registry-sync-v0$lambda$init$9$1 in fabric-registry-sync-v0.mixins.json:SimpleRegistryMixin from mod fabric-registry-sync-v0
[22:22:13] [main/DEBUG] (FabricLoader/Mixin) Renaming synthetic method lambda$init$8(ILnet/minecraft/util/Identifier;Ljava/lang/Object;)V to md84916f$fabric-registry-sync-v0$lambda$init$8$2 in fabric-registry-sync-v0.mixins.json:SimpleRegistryMixin from mod fabric-registry-sync-v0
[22:22:13] [main/DEBUG] (FabricLoader/Mixin) Renaming synthetic method lambda$init$7([Lnet/fabricmc/fabric/api/event/registry/RegistryEntryAddedCallback;)Lnet/fabricmc/fabric/api/event/registry/RegistryEntryAddedCallback; to md84916f$fabric-registry-sync-v0$lambda$init$7$3 in fabric-registry-sync-v0.mixins.json:SimpleRegistryMixin from mod fabric-registry-sync-v0
[22:22:13] [main/DEBUG] (FabricLoader/Mixin) Renaming synthetic method lambda$init$6([Lnet/fabricmc/fabric/api/event/registry/RegistryEntryAddedCallback;ILnet/minecraft/util/Identifier;Ljava/lang/Object;)V to md84916f$fabric-registry-sync-v0$lambda$init$6$4 in fabric-registry-sync-v0.mixins.json:SimpleRegistryMixin from mod fabric-registry-sync-v0
[22:22:13] [main/DEBUG] (FabricLoader/Mixin) Renaming synthetic method lambda$new$5([Lnet/fabricmc/fabric/api/event/registry/RegistryIdRemapCallback;)Lnet/fabricmc/fabric/api/event/registry/RegistryIdRemapCallback; to md84916f$fabric-registry-sync-v0$lambda$new$5$5 in fabric-registry-sync-v0.mixins.json:SimpleRegistryMixin from mod fabric-registry-sync-v0
[22:22:13] [main/DEBUG] (FabricLoader/Mixin) Renaming synthetic method lambda$new$4([Lnet/fabricmc/fabric/api/event/registry/RegistryIdRemapCallback;Lnet/fabricmc/fabric/api/event/registry/RegistryIdRemapCallback$RemapState;)V to md84916f$fabric-registry-sync-v0$lambda$new$4$6 in fabric-registry-sync-v0.mixins.json:SimpleRegistryMixin from mod fabric-registry-sync-v0
[22:22:13] [main/DEBUG] (FabricLoader/Mixin) Renaming synthetic method lambda$new$3([Lnet/fabricmc/fabric/api/event/registry/RegistryEntryRemovedCallback;)Lnet/fabricmc/fabric/api/event/registry/RegistryEntryRemovedCallback; to md84916f$fabric-registry-sync-v0$lambda$new$3$7 in fabric-registry-sync-v0.mixins.json:SimpleRegistryMixin from mod fabric-registry-sync-v0
[22:22:13] [main/DEBUG] (FabricLoader/Mixin) Renaming synthetic method lambda$new$2([Lnet/fabricmc/fabric/api/event/registry/RegistryEntryRemovedCallback;ILnet/minecraft/util/Identifier;Ljava/lang/Object;)V to md84916f$fabric-registry-sync-v0$lambda$new$2$8 in fabric-registry-sync-v0.mixins.json:SimpleRegistryMixin from mod fabric-registry-sync-v0
[22:22:13] [main/DEBUG] (FabricLoader/Mixin) Renaming synthetic method lambda$new$1([Lnet/fabricmc/fabric/api/event/registry/RegistryEntryAddedCallback;)Lnet/fabricmc/fabric/api/event/registry/RegistryEntryAddedCallback; to md84916f$fabric-registry-sync-v0$lambda$new$1$9 in fabric-registry-sync-v0.mixins.json:SimpleRegistryMixin from mod fabric-registry-sync-v0
[22:22:13] [main/DEBUG] (FabricLoader/Mixin) Renaming synthetic method lambda$new$0([Lnet/fabricmc/fabric/api/event/registry/RegistryEntryAddedCallback;ILnet/minecraft/util/Identifier;Ljava/lang/Object;)V to md84916f$fabric-registry-sync-v0$lambda$new$0$a in fabric-registry-sync-v0.mixins.json:SimpleRegistryMixin from mod fabric-registry-sync-v0
[22:22:13] [main/DEBUG] (FabricLoader/Mixin) fabric-registry-sync-v0.mixins.json:SimpleRegistryMixin from mod fabric-registry-sync-v0->@Inject::init(Lnet/minecraft/registry/RegistryKey;Lcom/mojang/serialization/Lifecycle;ZLorg/spongepowered/asm/mixin/injection/callback/CallbackInfo;)V doesn't use it's CallbackInfo
[22:22:13] [main/DEBUG] (FabricLoader/Mixin) fabric-registry-sync-v0.mixins.json:SimpleRegistryMixin from mod fabric-registry-sync-v0->@Inject::init(Lnet/minecraft/registry/RegistryKey;Lcom/mojang/serialization/Lifecycle;ZLorg/spongepowered/asm/mixin/injection/callback/CallbackInfo;)V has 0 override(s) in child classes
[22:22:13] [main/DEBUG] (FabricLoader/Mixin) fabric-registry-sync-v0.mixins.json:SimpleRegistryMixin from mod fabric-registry-sync-v0->@Inject::init(Lnet/minecraft/registry/RegistryKey;Lcom/mojang/serialization/Lifecycle;ZLorg/spongepowered/asm/mixin/injection/callback/CallbackInfo;)V won't be passed a CallbackInfo as a result
[22:22:13] [main/DEBUG] (FabricLoader/Mixin) fabric-registry-sync-v0.mixins.json:SimpleRegistryMixin from mod fabric-registry-sync-v0->@Inject::add(Lnet/minecraft/registry/RegistryKey;Ljava/lang/Object;Lcom/mojang/serialization/Lifecycle;Lorg/spongepowered/asm/mixin/injection/callback/CallbackInfoReturnable;)V doesn't use it's CallbackInfoReturnable
[22:22:13] [main/DEBUG] (FabricLoader/Mixin) fabric-registry-sync-v0.mixins.json:SimpleRegistryMixin from mod fabric-registry-sync-v0->@Inject::add(Lnet/minecraft/registry/RegistryKey;Ljava/lang/Object;Lcom/mojang/serialization/Lifecycle;Lorg/spongepowered/asm/mixin/injection/callback/CallbackInfoReturnable;)V has 0 override(s) in child classes
[22:22:13] [main/DEBUG] (FabricLoader/Mixin) fabric-registry-sync-v0.mixins.json:SimpleRegistryMixin from mod fabric-registry-sync-v0->@Inject::add(Lnet/minecraft/registry/RegistryKey;Ljava/lang/Object;Lcom/mojang/serialization/Lifecycle;Lorg/spongepowered/asm/mixin/injection/callback/CallbackInfoReturnable;)V won't be passed a CallbackInfoReturnable as a result
[22:22:13] [main/DEBUG] (FabricLoader/Mixin) fabric-registry-sync-v0.mixins.json:SimpleRegistryMixin from mod fabric-registry-sync-v0->@Inject::set(ILnet/minecraft/registry/RegistryKey;Ljava/lang/Object;Lcom/mojang/serialization/Lifecycle;Lorg/spongepowered/asm/mixin/injection/callback/CallbackInfoReturnable;)V does use it's CallbackInfoReturnable
[22:22:13] [main/DEBUG] (FabricLoader/Mixin) fabric-registry-sync-v0.mixins.json:SimpleRegistryMixin from mod fabric-registry-sync-v0->@Inject::setPre(ILnet/minecraft/registry/RegistryKey;Ljava/lang/Object;Lcom/mojang/serialization/Lifecycle;Lorg/spongepowered/asm/mixin/injection/callback/CallbackInfoReturnable;)V doesn't use it's CallbackInfoReturnable
[22:22:13] [main/DEBUG] (FabricLoader/Mixin) fabric-registry-sync-v0.mixins.json:SimpleRegistryMixin from mod fabric-registry-sync-v0->@Inject::setPre(ILnet/minecraft/registry/RegistryKey;Ljava/lang/Object;Lcom/mojang/serialization/Lifecycle;Lorg/spongepowered/asm/mixin/injection/callback/CallbackInfoReturnable;)V has 0 override(s) in child classes
[22:22:13] [main/DEBUG] (FabricLoader/Mixin) fabric-registry-sync-v0.mixins.json:SimpleRegistryMixin from mod fabric-registry-sync-v0->@Inject::setPre(ILnet/minecraft/registry/RegistryKey;Ljava/lang/Object;Lcom/mojang/serialization/Lifecycle;Lorg/spongepowered/asm/mixin/injection/callback/CallbackInfoReturnable;)V won't be passed a CallbackInfoReturnable as a result
[22:22:13] [main/DEBUG] (FabricLoader/Mixin) fabric-registry-sync-v0.mixins.json:SimpleRegistryMixin from mod fabric-registry-sync-v0->@Inject::setPost(ILnet/minecraft/registry/RegistryKey;Ljava/lang/Object;Lcom/mojang/serialization/Lifecycle;Lorg/spongepowered/asm/mixin/injection/callback/CallbackInfoReturnable;)V doesn't use it's CallbackInfoReturnable
[22:22:13] [main/DEBUG] (FabricLoader/Mixin) fabric-registry-sync-v0.mixins.json:SimpleRegistryMixin from mod fabric-registry-sync-v0->@Inject::setPost(ILnet/minecraft/registry/RegistryKey;Ljava/lang/Object;Lcom/mojang/serialization/Lifecycle;Lorg/spongepowered/asm/mixin/injection/callback/CallbackInfoReturnable;)V has 0 override(s) in child classes
[22:22:13] [main/DEBUG] (FabricLoader/Mixin) fabric-registry-sync-v0.mixins.json:SimpleRegistryMixin from mod fabric-registry-sync-v0->@Inject::setPost(ILnet/minecraft/registry/RegistryKey;Ljava/lang/Object;Lcom/mojang/serialization/Lifecycle;Lorg/spongepowered/asm/mixin/injection/callback/CallbackInfoReturnable;)V won't be passed a CallbackInfoReturnable as a result
[22:22:13] [main/DEBUG] (FabricLoader/Mixin) Mixing PacketByteBufMixin from fabric-networking-api-v1.mixins.json into net.minecraft.network.PacketByteBuf
[22:22:13] [main/DEBUG] (FabricLoader/Mixin) fabric-networking-api-v1.mixins.json:PacketByteBufMixin from mod fabric-networking-api-v1: Class version 61 required is higher than the class version supported by the current version of Mixin (JAVA_16 supports class version 60)
[22:22:13] [main/DEBUG] (FabricLoader/Mixin) Mixing FluidMixin from fabric-transfer-api-v1.mixins.json into net.minecraft.fluid.Fluid
[22:22:13] [main/DEBUG] (FabricLoader/Mixin) fabric-transfer-api-v1.mixins.json:FluidMixin from mod fabric-transfer-api-v1: Class version 61 required is higher than the class version supported by the current version of Mixin (JAVA_16 supports class version 60)
[22:22:13] [main/DEBUG] (FabricLoader/Mixin) fabric-transfer-api-v1.mixins.json:FluidMixin from mod fabric-transfer-api-v1->@Inject::hookGetBucketFillSound(Lorg/spongepowered/asm/mixin/injection/callback/CallbackInfoReturnable;)V does use it's CallbackInfoReturnable
[22:22:13] [main/DEBUG] (FabricLoader/Mixin) Mixing BlockMixin from fabric-block-api-v1.mixins.json into net.minecraft.block.Block
[22:22:13] [main/DEBUG] (FabricLoader/Mixin) Mixing MixinBlock from mixins.litematica.json into net.minecraft.block.Block
[22:22:13] [main/DEBUG] (FabricLoader/Mixin) mixins.litematica.json:MixinBlock from mod litematica->@Inject::litematica_preventItemDrops(Lnet/minecraft/world/World;Ljava/util/function/Supplier;Lnet/minecraft/item/ItemStack;Lorg/spongepowered/asm/mixin/injection/callback/CallbackInfo;)V does use it's CallbackInfo
[22:22:13] [main/DEBUG] (FabricLoader/Mixin) Mixing AbstractBlockAccessor from fabric-object-builder-v1.mixins.json into net.minecraft.block.AbstractBlock
[22:22:13] [main/DEBUG] (FabricLoader/Mixin) fabric-object-builder-v1.mixins.json:AbstractBlockAccessor from mod fabric-object-builder-api-v1: Class version 61 required is higher than the class version supported by the current version of Mixin (JAVA_16 supports class version 60)
[22:22:13] [main/DEBUG] (FabricLoader/Mixin) Mixing ItemMixin from fabric-transfer-api-v1.mixins.json into net.minecraft.item.Item
[22:22:13] [main/DEBUG] (FabricLoader/Mixin) fabric-transfer-api-v1.mixins.json:ItemMixin from mod fabric-transfer-api-v1: Class version 61 required is higher than the class version supported by the current version of Mixin (JAVA_16 supports class version 60)
[22:22:13] [main/DEBUG] (FabricLoader/Mixin) Mixing ItemMixin from fabric-item-api-v1.mixins.json into net.minecraft.item.Item
[22:22:13] [main/DEBUG] (FabricLoader/Mixin) fabric-item-api-v1.mixins.json:ItemMixin from mod fabric-item-api-v1: Class version 61 required is higher than the class version supported by the current version of Mixin (JAVA_16 supports class version 60)
[22:22:13] [main/DEBUG] (FabricLoader/Mixin) fabric-item-api-v1.mixins.json:ItemMixin from mod fabric-item-api-v1->@Inject::onConstruct(Lnet/minecraft/item/Item$Settings;Lorg/spongepowered/asm/mixin/injection/callback/CallbackInfo;)V doesn't use it's CallbackInfo
[22:22:13] [main/DEBUG] (FabricLoader/Mixin) fabric-item-api-v1.mixins.json:ItemMixin from mod fabric-item-api-v1->@Inject::onConstruct(Lnet/minecraft/item/Item$Settings;Lorg/spongepowered/asm/mixin/injection/callback/CallbackInfo;)V has 0 override(s) in child classes
[22:22:13] [main/DEBUG] (FabricLoader/Mixin) fabric-item-api-v1.mixins.json:ItemMixin from mod fabric-item-api-v1->@Inject::onConstruct(Lnet/minecraft/item/Item$Settings;Lorg/spongepowered/asm/mixin/injection/callback/CallbackInfo;)V won't be passed a CallbackInfo as a result
[22:22:13] [main/DEBUG] (FabricLoader/Mixin) Mixing BlockEntityTypeAccessor from fabric-api-lookup-api-v1.mixins.json into net.minecraft.block.entity.BlockEntityType
[22:22:13] [main/DEBUG] (FabricLoader/Mixin) fabric-api-lookup-api-v1.mixins.json:BlockEntityTypeAccessor from mod fabric-api-lookup-api-v1: Class version 61 required is higher than the class version supported by the current version of Mixin (JAVA_16 supports class version 60)
[22:22:13] [main/DEBUG] (FabricLoader/Mixin) Mixing ArgumentTypesAccessor from fabric-command-api-v2.mixins.json into net.minecraft.command.argument.ArgumentTypes
[22:22:13] [main/DEBUG] (FabricLoader/Mixin) fabric-command-api-v2.mixins.json:ArgumentTypesAccessor from mod fabric-command-api-v2: Class version 61 required is higher than the class version supported by the current version of Mixin (JAVA_16 supports class version 60)
[22:22:13] [main/DEBUG] (FabricLoader/Mixin) Renaming @Accessor method fabric_getClassMap()Ljava/util/Map; to fabric_getClassMap$fabric-command-api-v2_$md$84916f$0 in fabric-command-api-v2.mixins.json:ArgumentTypesAccessor from mod fabric-command-api-v2
[22:22:13] [main/DEBUG] (FabricLoader/Mixin) Mixing ArgumentTypesMixin from fabric-gametest-api-v1.mixins.json into net.minecraft.command.argument.ArgumentTypes
[22:22:13] [main/DEBUG] (FabricLoader/Mixin) fabric-gametest-api-v1.mixins.json:ArgumentTypesMixin from mod fabric-gametest-api-v1: Class version 61 required is higher than the class version supported by the current version of Mixin (JAVA_16 supports class version 60)
[22:22:13] [main/DEBUG] (FabricLoader/Mixin) fabric-gametest-api-v1.mixins.json:ArgumentTypesMixin from mod fabric-gametest-api-v1->@Inject::register(Lnet/minecraft/registry/Registry;Lorg/spongepowered/asm/mixin/injection/callback/CallbackInfoReturnable;)V doesn't use it's CallbackInfoReturnable
[22:22:13] [main/DEBUG] (FabricLoader/Mixin) Mixing ItemGroupsMixin from fabric-item-group-api-v1.mixins.json into net.minecraft.item.ItemGroups
[22:22:13] [main/DEBUG] (FabricLoader/Mixin) fabric-item-group-api-v1.mixins.json:ItemGroupsMixin from mod fabric-item-group-api-v1->@Inject::collect(Lorg/spongepowered/asm/mixin/injection/callback/CallbackInfo;)V does use it's CallbackInfo
[22:22:13] [main/DEBUG] (FabricLoader/Mixin) Mixing ItemGroupAccessor from fabric-item-group-api-v1.mixins.json into net.minecraft.item.ItemGroup
[22:22:13] [main/DEBUG] (FabricLoader/Mixin) Mixing ItemGroupMixin from fabric-item-group-api-v1.mixins.json into net.minecraft.item.ItemGroup
[22:22:13] [main/DEBUG] (FabricLoader/Mixin) Renaming synthetic method lambda$getStacks$0(Lnet/minecraft/item/ItemGroup;)Ljava/lang/IllegalStateException; to md84916f$fabric-item-group-api-v1$lambda$getStacks$0$0 in fabric-item-group-api-v1.mixins.json:ItemGroupMixin from mod fabric-item-group-api-v1
[22:22:13] [main/DEBUG] (FabricLoader/Mixin) fabric-item-group-api-v1.mixins.json:ItemGroupMixin from mod fabric-item-group-api-v1->@Inject::getStacks(Lnet/minecraft/item/ItemGroup$DisplayContext;Lorg/spongepowered/asm/mixin/injection/callback/CallbackInfo;)V doesn't use it's CallbackInfo
[22:22:13] [main/DEBUG] (FabricLoader/Mixin) fabric-item-group-api-v1.mixins.json:ItemGroupMixin from mod fabric-item-group-api-v1->@Inject::getStacks(Lnet/minecraft/item/ItemGroup$DisplayContext;Lorg/spongepowered/asm/mixin/injection/callback/CallbackInfo;)V has 0 override(s) in child classes
[22:22:13] [main/DEBUG] (FabricLoader/Mixin) fabric-item-group-api-v1.mixins.json:ItemGroupMixin from mod fabric-item-group-api-v1->@Inject::getStacks(Lnet/minecraft/item/ItemGroup$DisplayContext;Lorg/spongepowered/asm/mixin/injection/callback/CallbackInfo;)V won't be passed a CallbackInfo as a result
[22:22:13] [main/DEBUG] (FabricLoader/Mixin) Mixing FireBlockMixin from fabric-content-registries-v0.mixins.json into net.minecraft.block.FireBlock
[22:22:13] [main/DEBUG] (FabricLoader/Mixin) fabric-content-registries-v0.mixins.json:FireBlockMixin from mod fabric-content-registries-v0: Class version 61 required is higher than the class version supported by the current version of Mixin (JAVA_16 supports class version 60)
[22:22:13] [main/DEBUG] (FabricLoader/Mixin) fabric-content-registries-v0.mixins.json:FireBlockMixin from mod fabric-content-registries-v0->@Inject::afterConstruct(Lnet/minecraft/block/AbstractBlock$Settings;Lorg/spongepowered/asm/mixin/injection/callback/CallbackInfo;)V doesn't use it's CallbackInfo
[22:22:13] [main/DEBUG] (FabricLoader/Mixin) fabric-content-registries-v0.mixins.json:FireBlockMixin from mod fabric-content-registries-v0->@Inject::afterConstruct(Lnet/minecraft/block/AbstractBlock$Settings;Lorg/spongepowered/asm/mixin/injection/callback/CallbackInfo;)V has 0 override(s) in child classes
[22:22:13] [main/DEBUG] (FabricLoader/Mixin) fabric-content-registries-v0.mixins.json:FireBlockMixin from mod fabric-content-registries-v0->@Inject::afterConstruct(Lnet/minecraft/block/AbstractBlock$Settings;Lorg/spongepowered/asm/mixin/injection/callback/CallbackInfo;)V won't be passed a CallbackInfo as a result
[22:22:13] [main/DEBUG] (FabricLoader/Mixin) fabric-content-registries-v0.mixins.json:FireBlockMixin from mod fabric-content-registries-v0->@Inject::getFabricBurnChance(Lnet/minecraft/block/BlockState;Lorg/spongepowered/asm/mixin/injection/callback/CallbackInfoReturnable;)V does use it's CallbackInfoReturnable
[22:22:13] [main/DEBUG] (FabricLoader/Mixin) fabric-content-registries-v0.mixins.json:FireBlockMixin from mod fabric-content-registries-v0->@Inject::getFabricSpreadChance(Lnet/minecraft/block/BlockState;Lorg/spongepowered/asm/mixin/injection/callback/CallbackInfoReturnable;)V does use it's CallbackInfoReturnable
[22:22:13] [main/DEBUG] (FabricLoader/Mixin) Mixing MixinVec3i from mixins.baritone.json into net.minecraft.util.math.Vec3i
[22:22:13] [main/DEBUG] (FabricLoader/Mixin) Mixing WorldMixin from fabric-lifecycle-events-v1.mixins.json into net.minecraft.world.World
[22:22:13] [main/DEBUG] (FabricLoader/Mixin) fabric-lifecycle-events-v1.mixins.json:WorldMixin from mod fabric-lifecycle-events-v1: Class version 61 required is higher than the class version supported by the current version of Mixin (JAVA_16 supports class version 60)
[22:22:13] [main/DEBUG] (FabricLoader/Mixin) Mixing MixinWorld from mixins.litematica.json into net.minecraft.world.World
[22:22:13] [main/DEBUG] (FabricLoader/Mixin) Mixing AttachmentTargetsMixin from fabric-data-attachment-api-v1.mixins.json into net.minecraft.world.World
[22:22:13] [main/DEBUG] (FabricLoader/Mixin) Mixing WorldViewMixin from fabric-block-view-api-v2.mixins.json into net.minecraft.world.WorldView
[22:22:13] [main/DEBUG] (FabricLoader/Mixin) Mixing WorldViewMixin from fabric-rendering-data-attachment-v1.mixins.json into net.minecraft.world.WorldView
[22:22:13] [main/DEBUG] (FabricLoader/Mixin) Mixing BlockViewMixin from fabric-block-view-api-v2.mixins.json into net.minecraft.world.BlockView
[22:22:13] [main/DEBUG] (FabricLoader/Mixin) Mixing ServerWorldMixin from fabric-lifecycle-events-v1.mixins.json into net.minecraft.server.world.ServerWorld
[22:22:13] [main/DEBUG] (FabricLoader/Mixin) fabric-lifecycle-events-v1.mixins.json:ServerWorldMixin from mod fabric-lifecycle-events-v1: Class version 61 required is higher than the class version supported by the current version of Mixin (JAVA_16 supports class version 60)
[22:22:13] [main/DEBUG] (FabricLoader/Mixin) Mixing ServerWorldMixin from fabric-api-lookup-api-v1.mixins.json into net.minecraft.server.world.ServerWorld
[22:22:13] [main/DEBUG] (FabricLoader/Mixin) fabric-api-lookup-api-v1.mixins.json:ServerWorldMixin from mod fabric-api-lookup-api-v1: Class version 61 required is higher than the class version supported by the current version of Mixin (JAVA_16 supports class version 60)
[22:22:13] [main/DEBUG] (FabricLoader/Mixin) Renaming synthetic method lambda$fabric_invalidateCache$5(Ljava/util/Map$Entry;)Z to md84916f$fabric-api-lookup-api-v1$lambda$fabric_invalidateCache$5$0 in fabric-api-lookup-api-v1.mixins.json:ServerWorldMixin from mod fabric-api-lookup-api-v1
[22:22:13] [main/DEBUG] (FabricLoader/Mixin) Renaming synthetic method lambda$fabric_invalidateCache$4(Ljava/lang/ref/WeakReference;)Z to md84916f$fabric-api-lookup-api-v1$lambda$fabric_invalidateCache$4$1 in fabric-api-lookup-api-v1.mixins.json:ServerWorldMixin from mod fabric-api-lookup-api-v1
[22:22:13] [main/DEBUG] (FabricLoader/Mixin) Renaming synthetic method lambda$fabric_invalidateCache$3(Ljava/lang/ref/WeakReference;)V to md84916f$fabric-api-lookup-api-v1$lambda$fabric_invalidateCache$3$2 in fabric-api-lookup-api-v1.mixins.json:ServerWorldMixin from mod fabric-api-lookup-api-v1
[22:22:13] [main/DEBUG] (FabricLoader/Mixin) Renaming synthetic method lambda$fabric_invalidateCache$2(Ljava/lang/ref/WeakReference;)Z to md84916f$fabric-api-lookup-api-v1$lambda$fabric_invalidateCache$2$3 in fabric-api-lookup-api-v1.mixins.json:ServerWorldMixin from mod fabric-api-lookup-api-v1
[22:22:13] [main/DEBUG] (FabricLoader/Mixin) Renaming synthetic method lambda$fabric_registerCache$1(Ljava/lang/ref/WeakReference;)Z to md84916f$fabric-api-lookup-api-v1$lambda$fabric_registerCache$1$4 in fabric-api-lookup-api-v1.mixins.json:ServerWorldMixin from mod fabric-api-lookup-api-v1
[22:22:13] [main/DEBUG] (FabricLoader/Mixin) Renaming synthetic method lambda$fabric_registerCache$0(Lnet/minecraft/util/math/BlockPos;)Ljava/util/List; to md84916f$fabric-api-lookup-api-v1$lambda$fabric_registerCache$0$5 in fabric-api-lookup-api-v1.mixins.json:ServerWorldMixin from mod fabric-api-lookup-api-v1
[22:22:13] [main/DEBUG] (FabricLoader/Mixin) Mixing ServerWorldMixin from fabric-data-attachment-api-v1.mixins.json into net.minecraft.server.world.ServerWorld
[22:22:13] [main/DEBUG] (FabricLoader/Mixin) Renaming synthetic method lambda$createAttachmentsPersistentState$1(Lnet/minecraft/server/world/ServerWorld;)Lnet/fabricmc/fabric/impl/attachment/AttachmentPersistentState; to md84916f$fabric-data-attachment-api-v1$lambda$createAttachmentsPersistentState$1$6 in fabric-data-attachment-api-v1.mixins.json:ServerWorldMixin from mod fabric-data-attachment-api-v1
[22:22:13] [main/DEBUG] (FabricLoader/Mixin) Renaming synthetic method lambda$createAttachmentsPersistentState$0(Lnet/minecraft/server/world/ServerWorld;Lnet/minecraft/nbt/NbtCompound;)Lnet/fabricmc/fabric/impl/attachment/AttachmentPersistentState; to md84916f$fabric-data-attachment-api-v1$lambda$createAttachmentsPersistentState$0$7 in fabric-data-attachment-api-v1.mixins.json:ServerWorldMixin from mod fabric-data-attachment-api-v1
[22:22:13] [main/DEBUG] (FabricLoader/Mixin) fabric-lifecycle-events-v1.mixins.json:ServerWorldMixin from mod fabric-lifecycle-events-v1->@Inject::startWorldTick(Ljava/util/function/BooleanSupplier;Lorg/spongepowered/asm/mixin/injection/callback/CallbackInfo;)V doesn't use it's CallbackInfo
[22:22:13] [main/DEBUG] (FabricLoader/Mixin) fabric-lifecycle-events-v1.mixins.json:ServerWorldMixin from mod fabric-lifecycle-events-v1->@Inject::startWorldTick(Ljava/util/function/BooleanSupplier;Lorg/spongepowered/asm/mixin/injection/callback/CallbackInfo;)V has 0 override(s) in child classes
[22:22:13] [main/DEBUG] (FabricLoader/Mixin) fabric-lifecycle-events-v1.mixins.json:ServerWorldMixin from mod fabric-lifecycle-events-v1->@Inject::startWorldTick(Ljava/util/function/BooleanSupplier;Lorg/spongepowered/asm/mixin/injection/callback/CallbackInfo;)V won't be passed a CallbackInfo as a result
[22:22:13] [main/DEBUG] (FabricLoader/Mixin) fabric-lifecycle-events-v1.mixins.json:ServerWorldMixin from mod fabric-lifecycle-events-v1->@Inject::endWorldTick(Ljava/util/function/BooleanSupplier;Lorg/spongepowered/asm/mixin/injection/callback/CallbackInfo;)V doesn't use it's CallbackInfo
[22:22:13] [main/DEBUG] (FabricLoader/Mixin) fabric-lifecycle-events-v1.mixins.json:ServerWorldMixin from mod fabric-lifecycle-events-v1->@Inject::endWorldTick(Ljava/util/function/BooleanSupplier;Lorg/spongepowered/asm/mixin/injection/callback/CallbackInfo;)V has 0 override(s) in child classes
[22:22:13] [main/DEBUG] (FabricLoader/Mixin) fabric-lifecycle-events-v1.mixins.json:ServerWorldMixin from mod fabric-lifecycle-events-v1->@Inject::endWorldTick(Ljava/util/function/BooleanSupplier;Lorg/spongepowered/asm/mixin/injection/callback/CallbackInfo;)V won't be passed a CallbackInfo as a result
[22:22:13] [main/DEBUG] (FabricLoader/Mixin) fabric-data-attachment-api-v1.mixins.json:ServerWorldMixin from mod fabric-data-attachment-api-v1->@Inject::createAttachmentsPersistentState(Lorg/spongepowered/asm/mixin/injection/callback/CallbackInfo;)V doesn't use it's CallbackInfo
[22:22:13] [main/DEBUG] (FabricLoader/Mixin) fabric-data-attachment-api-v1.mixins.json:ServerWorldMixin from mod fabric-data-attachment-api-v1->@Inject::createAttachmentsPersistentState(Lorg/spongepowered/asm/mixin/injection/callback/CallbackInfo;)V has 0 override(s) in child classes
[22:22:13] [main/DEBUG] (FabricLoader/Mixin) fabric-data-attachment-api-v1.mixins.json:ServerWorldMixin from mod fabric-data-attachment-api-v1->@Inject::createAttachmentsPersistentState(Lorg/spongepowered/asm/mixin/injection/callback/CallbackInfo;)V won't be passed a CallbackInfo as a result
[22:22:13] [main/DEBUG] (FabricLoader/Mixin) Mixing MixinEntity from mixins.baritone.json into net.minecraft.entity.Entity
[22:22:13] [main/DEBUG] (FabricLoader/Mixin) Mixing EntityMixin from fabric-entity-events-v1.mixins.json into net.minecraft.entity.Entity
[22:22:13] [main/DEBUG] (FabricLoader/Mixin) fabric-entity-events-v1.mixins.json:EntityMixin from mod fabric-entity-events-v1: Class version 61 required is higher than the class version supported by the current version of Mixin (JAVA_16 supports class version 60)
[22:22:13] [main/DEBUG] (FabricLoader/Mixin) Mixing EntityMixin from fabric-dimensions-v1.mixins.json into net.minecraft.entity.Entity
[22:22:13] [main/DEBUG] (FabricLoader/Mixin) fabric-dimensions-v1.mixins.json:EntityMixin from mod fabric-dimensions-v1: Class version 61 required is higher than the class version supported by the current version of Mixin (JAVA_16 supports class version 60)
[22:22:13] [main/DEBUG] (FabricLoader/Mixin) Mixing IMixinEntity from mixins.litematica.json into net.minecraft.entity.Entity
[22:22:13] [main/DEBUG] (FabricLoader/Mixin) Mixing AttachmentTargetsMixin from fabric-data-attachment-api-v1.mixins.json into net.minecraft.entity.Entity
[22:22:13] [main/DEBUG] (FabricLoader/Mixin) Mixing EntityMixin from fabric-data-attachment-api-v1.mixins.json into net.minecraft.entity.Entity
[22:22:13] [main/DEBUG] (FabricLoader/Mixin) mixins.baritone.json:MixinEntity from mod baritone->@Inject::moveRelativeHead(Lorg/spongepowered/asm/mixin/injection/callback/CallbackInfo;)V doesn't use it's CallbackInfo
[22:22:13] [main/DEBUG] (FabricLoader/Mixin) mixins.baritone.json:MixinEntity from mod baritone->@Inject::moveRelativeHead(Lorg/spongepowered/asm/mixin/injection/callback/CallbackInfo;)V has 0 override(s) in child classes
[22:22:13] [main/DEBUG] (FabricLoader/Mixin) mixins.baritone.json:MixinEntity from mod baritone->@Inject::moveRelativeHead(Lorg/spongepowered/asm/mixin/injection/callback/CallbackInfo;)V won't be passed a CallbackInfo as a result
[22:22:13] [main/DEBUG] (FabricLoader/Mixin) mixins.baritone.json:MixinEntity from mod baritone->@Inject::moveRelativeReturn(Lorg/spongepowered/asm/mixin/injection/callback/CallbackInfo;)V doesn't use it's CallbackInfo
[22:22:13] [main/DEBUG] (FabricLoader/Mixin) mixins.baritone.json:MixinEntity from mod baritone->@Inject::moveRelativeReturn(Lorg/spongepowered/asm/mixin/injection/callback/CallbackInfo;)V has 0 override(s) in child classes
[22:22:13] [main/DEBUG] (FabricLoader/Mixin) mixins.baritone.json:MixinEntity from mod baritone->@Inject::moveRelativeReturn(Lorg/spongepowered/asm/mixin/injection/callback/CallbackInfo;)V won't be passed a CallbackInfo as a result
[22:22:13] [main/DEBUG] (FabricLoader/Mixin) fabric-entity-events-v1.mixins.json:EntityMixin from mod fabric-entity-events-v1->@Inject::afterWorldChanged(Lnet/minecraft/server/world/ServerWorld;Lorg/spongepowered/asm/mixin/injection/callback/CallbackInfoReturnable;)V does use it's CallbackInfoReturnable
[22:22:13] [main/DEBUG] (FabricLoader/Mixin) fabric-entity-events-v1.mixins.json:EntityMixin from mod fabric-entity-events-v1->@Inject::afterWorldChanged(Lnet/minecraft/server/world/ServerWorld;Lorg/spongepowered/asm/mixin/injection/callback/CallbackInfoReturnable;)V does use it's CallbackInfoReturnable
[22:22:13] [main/DEBUG] (FabricLoader/Mixin) fabric-entity-events-v1.mixins.json:EntityMixin from mod fabric-entity-events-v1->@Inject::afterWorldChanged(Lnet/minecraft/server/world/ServerWorld;Lorg/spongepowered/asm/mixin/injection/callback/CallbackInfoReturnable;)V does use it's CallbackInfoReturnable
[22:22:13] [main/DEBUG] (FabricLoader/Mixin) fabric-entity-events-v1.mixins.json:EntityMixin from mod fabric-entity-events-v1->@Inject::afterEntityTeleportedToWorld(Lnet/minecraft/server/world/ServerWorld;DDDLjava/util/Set;FFLorg/spongepowered/asm/mixin/injection/callback/CallbackInfoReturnable;FLnet/minecraft/entity/Entity;)V doesn't use it's CallbackInfoReturnable
[22:22:13] [main/DEBUG] (FabricLoader/Mixin) fabric-entity-events-v1.mixins.json:EntityMixin from mod fabric-entity-events-v1->@Inject::afterEntityTeleportedToWorld(Lnet/minecraft/server/world/ServerWorld;DDDLjava/util/Set;FFLorg/spongepowered/asm/mixin/injection/callback/CallbackInfoReturnable;FLnet/minecraft/entity/Entity;)V has 0 override(s) in child classes
[22:22:13] [main/DEBUG] (FabricLoader/Mixin) fabric-entity-events-v1.mixins.json:EntityMixin from mod fabric-entity-events-v1->@Inject::afterEntityTeleportedToWorld(Lnet/minecraft/server/world/ServerWorld;DDDLjava/util/Set;FFLorg/spongepowered/asm/mixin/injection/callback/CallbackInfoReturnable;FLnet/minecraft/entity/Entity;)V won't be passed a CallbackInfoReturnable as a result
[22:22:13] [main/DEBUG] (FabricLoader/Mixin) fabric-dimensions-v1.mixins.json:EntityMixin from mod fabric-dimensions-v1->@Inject::getTeleportTarget(Lnet/minecraft/server/world/ServerWorld;Lorg/spongepowered/asm/mixin/injection/callback/CallbackInfoReturnable;)V does use it's CallbackInfoReturnable
[22:22:13] [main/DEBUG] (FabricLoader/Mixin) fabric-data-attachment-api-v1.mixins.json:EntityMixin from mod fabric-data-attachment-api-v1->@Inject::readEntityAttachments(Lnet/minecraft/nbt/NbtCompound;Lorg/spongepowered/asm/mixin/injection/callback/CallbackInfo;)V doesn't use it's CallbackInfo
[22:22:13] [main/DEBUG] (FabricLoader/Mixin) fabric-data-attachment-api-v1.mixins.json:EntityMixin from mod fabric-data-attachment-api-v1->@Inject::readEntityAttachments(Lnet/minecraft/nbt/NbtCompound;Lorg/spongepowered/asm/mixin/injection/callback/CallbackInfo;)V has 0 override(s) in child classes
[22:22:13] [main/DEBUG] (FabricLoader/Mixin) fabric-data-attachment-api-v1.mixins.json:EntityMixin from mod fabric-data-attachment-api-v1->@Inject::readEntityAttachments(Lnet/minecraft/nbt/NbtCompound;Lorg/spongepowered/asm/mixin/injection/callback/CallbackInfo;)V won't be passed a CallbackInfo as a result
[22:22:13] [main/DEBUG] (FabricLoader/Mixin) fabric-data-attachment-api-v1.mixins.json:EntityMixin from mod fabric-data-attachment-api-v1->@Inject::writeEntityAttachments(Lnet/minecraft/nbt/NbtCompound;Lorg/spongepowered/asm/mixin/injection/callback/CallbackInfoReturnable;)V doesn't use it's CallbackInfoReturnable
[22:22:13] [main/DEBUG] (FabricLoader/Mixin) fabric-data-attachment-api-v1.mixins.json:EntityMixin from mod fabric-data-attachment-api-v1->@Inject::writeEntityAttachments(Lnet/minecraft/nbt/NbtCompound;Lorg/spongepowered/asm/mixin/injection/callback/CallbackInfoReturnable;)V has 0 override(s) in child classes
[22:22:13] [main/DEBUG] (FabricLoader/Mixin) fabric-data-attachment-api-v1.mixins.json:EntityMixin from mod fabric-data-attachment-api-v1->@Inject::writeEntityAttachments(Lnet/minecraft/nbt/NbtCompound;Lorg/spongepowered/asm/mixin/injection/callback/CallbackInfoReturnable;)V won't be passed a CallbackInfoReturnable as a result
[22:22:13] [main/DEBUG] (FabricLoader/Mixin) Mixing PlayerEntityMixin from fabric-entity-events-v1.mixins.json into net.minecraft.entity.player.PlayerEntity
[22:22:13] [main/DEBUG] (FabricLoader/Mixin) fabric-entity-events-v1.mixins.json:PlayerEntityMixin from mod fabric-entity-events-v1: Class version 61 required is higher than the class version supported by the current version of Mixin (JAVA_16 supports class version 60)
[22:22:13] [main/DEBUG] (FabricLoader/Mixin) Mixing elytra.PlayerEntityMixin from fabric-entity-events-v1.mixins.json into net.minecraft.entity.player.PlayerEntity
[22:22:13] [main/DEBUG] (FabricLoader/Mixin) fabric-entity-events-v1.mixins.json:elytra.PlayerEntityMixin from mod fabric-entity-events-v1: Class version 61 required is higher than the class version supported by the current version of Mixin (JAVA_16 supports class version 60)
[22:22:13] [main/DEBUG] (FabricLoader/Mixin) fabric-entity-events-v1.mixins.json:PlayerEntityMixin from mod fabric-entity-events-v1->@Inject::onTrySleep(Lnet/minecraft/util/math/BlockPos;Lorg/spongepowered/asm/mixin/injection/callback/CallbackInfoReturnable;)V does use it's CallbackInfoReturnable
[22:22:13] [main/DEBUG] (FabricLoader/Mixin) fabric-entity-events-v1.mixins.json:PlayerEntityMixin from mod fabric-entity-events-v1->@Inject::onIsSleepingLongEnough(Lorg/spongepowered/asm/mixin/injection/callback/CallbackInfoReturnable;)V does use it's CallbackInfoReturnable
[22:22:13] [main/DEBUG] (FabricLoader/Mixin) fabric-entity-events-v1.mixins.json:elytra.PlayerEntityMixin from mod fabric-entity-events-v1->@Inject::injectElytraCheck(Lorg/spongepowered/asm/mixin/injection/callback/CallbackInfoReturnable;)V does use it's CallbackInfoReturnable
[22:22:14] [main/DEBUG] (FabricLoader/Mixin) Mixing LivingEntityMixin from fabric-lifecycle-events-v1.mixins.json into net.minecraft.entity.LivingEntity
[22:22:14] [main/DEBUG] (FabricLoader/Mixin) fabric-lifecycle-events-v1.mixins.json:LivingEntityMixin from mod fabric-lifecycle-events-v1: Class version 61 required is higher than the class version supported by the current version of Mixin (JAVA_16 supports class version 60)
[22:22:14] [main/DEBUG] (FabricLoader/Mixin) Mixing MixinLivingEntity from mixins.baritone.json into net.minecraft.entity.LivingEntity
[22:22:14] [main/DEBUG] (FabricLoader/Mixin) Renaming synthetic method lambda$onPreElytraMove$1(Lbaritone/api/IBaritone;)V to md84916f$baritone$lambda$onPreElytraMove$1$0 in mixins.baritone.json:MixinLivingEntity from mod baritone
[22:22:14] [main/DEBUG] (FabricLoader/Mixin) Renaming synthetic method lambda$preMoveRelative$0(Lbaritone/api/IBaritone;)V to md84916f$baritone$lambda$preMoveRelative$0$1 in mixins.baritone.json:MixinLivingEntity from mod baritone
[22:22:14] [main/DEBUG] (FabricLoader/Mixin) Mixing LivingEntityMixin from fabric-entity-events-v1.mixins.json into net.minecraft.entity.LivingEntity
[22:22:14] [main/DEBUG] (FabricLoader/Mixin) fabric-entity-events-v1.mixins.json:LivingEntityMixin from mod fabric-entity-events-v1: Class version 61 required is higher than the class version supported by the current version of Mixin (JAVA_16 supports class version 60)
[22:22:14] [main/DEBUG] (FabricLoader/Mixin) Mixing elytra.LivingEntityMixin from fabric-entity-events-v1.mixins.json into net.minecraft.entity.LivingEntity
[22:22:14] [main/DEBUG] (FabricLoader/Mixin) fabric-entity-events-v1.mixins.json:elytra.LivingEntityMixin from mod fabric-entity-events-v1: Class version 61 required is higher than the class version supported by the current version of Mixin (JAVA_16 supports class version 60)
[22:22:14] [main/DEBUG] (FabricLoader/Mixin) Mixing LivingEntityMixin from fabric-item-api-v1.mixins.json into net.minecraft.entity.LivingEntity
[22:22:14] [main/DEBUG] (FabricLoader/Mixin) fabric-item-api-v1.mixins.json:LivingEntityMixin from mod fabric-item-api-v1: Class version 61 required is higher than the class version supported by the current version of Mixin (JAVA_16 supports class version 60)
[22:22:14] [main/DEBUG] (FabricLoader/Mixin) fabric-lifecycle-events-v1.mixins.json:LivingEntityMixin from mod fabric-lifecycle-events-v1->@Inject::getEquipmentChanges(Lorg/spongepowered/asm/mixin/injection/callback/CallbackInfoReturnable;Ljava/util/Map;[Lnet/minecraft/entity/EquipmentSlot;IILnet/minecraft/entity/EquipmentSlot;Lnet/minecraft/item/ItemStack;Lnet/minecraft/item/ItemStack;)V doesn't use it's CallbackInfoReturnable
[22:22:14] [main/DEBUG] (FabricLoader/Mixin) fabric-lifecycle-events-v1.mixins.json:LivingEntityMixin from mod fabric-lifecycle-events-v1->@Inject::getEquipmentChanges(Lorg/spongepowered/asm/mixin/injection/callback/CallbackInfoReturnable;Ljava/util/Map;[Lnet/minecraft/entity/EquipmentSlot;IILnet/minecraft/entity/EquipmentSlot;Lnet/minecraft/item/ItemStack;Lnet/minecraft/item/ItemStack;)V has 0 override(s) in child classes
[22:22:14] [main/DEBUG] (FabricLoader/Mixin) fabric-lifecycle-events-v1.mixins.json:LivingEntityMixin from mod fabric-lifecycle-events-v1->@Inject::getEquipmentChanges(Lorg/spongepowered/asm/mixin/injection/callback/CallbackInfoReturnable;Ljava/util/Map;[Lnet/minecraft/entity/EquipmentSlot;IILnet/minecraft/entity/EquipmentSlot;Lnet/minecraft/item/ItemStack;Lnet/minecraft/item/ItemStack;)V won't be passed a CallbackInfoReturnable as a result
[22:22:14] [main/DEBUG] (FabricLoader/Mixin) mixins.baritone.json:MixinLivingEntity from mod baritone->@Inject::preMoveRelative(Lorg/spongepowered/asm/mixin/injection/callback/CallbackInfo;)V doesn't use it's CallbackInfo
[22:22:14] [main/DEBUG] (FabricLoader/Mixin) mixins.baritone.json:MixinLivingEntity from mod baritone->@Inject::preMoveRelative(Lorg/spongepowered/asm/mixin/injection/callback/CallbackInfo;)V has 0 override(s) in child classes
[22:22:14] [main/DEBUG] (FabricLoader/Mixin) mixins.baritone.json:MixinLivingEntity from mod baritone->@Inject::preMoveRelative(Lorg/spongepowered/asm/mixin/injection/callback/CallbackInfo;)V won't be passed a CallbackInfo as a result
[22:22:14] [main/DEBUG] (FabricLoader/Mixin) mixins.baritone.json:MixinLivingEntity from mod baritone->@Inject::onPreElytraMove(Lnet/minecraft/util/math/Vec3d;Lorg/spongepowered/asm/mixin/injection/callback/CallbackInfo;)V doesn't use it's CallbackInfo
[22:22:14] [main/DEBUG] (FabricLoader/Mixin) mixins.baritone.json:MixinLivingEntity from mod baritone->@Inject::onPreElytraMove(Lnet/minecraft/util/math/Vec3d;Lorg/spongepowered/asm/mixin/injection/callback/CallbackInfo;)V has 0 override(s) in child classes
[22:22:14] [main/DEBUG] (FabricLoader/Mixin) mixins.baritone.json:MixinLivingEntity from mod baritone->@Inject::onPreElytraMove(Lnet/minecraft/util/math/Vec3d;Lorg/spongepowered/asm/mixin/injection/callback/CallbackInfo;)V won't be passed a CallbackInfo as a result
[22:22:14] [main/DEBUG] (FabricLoader/Mixin) mixins.baritone.json:MixinLivingEntity from mod baritone->@Inject::onPostElytraMove(Lnet/minecraft/util/math/Vec3d;Lorg/spongepowered/asm/mixin/injection/callback/CallbackInfo;)V doesn't use it's CallbackInfo
[22:22:14] [main/DEBUG] (FabricLoader/Mixin) mixins.baritone.json:MixinLivingEntity from mod baritone->@Inject::onPostElytraMove(Lnet/minecraft/util/math/Vec3d;Lorg/spongepowered/asm/mixin/injection/callback/CallbackInfo;)V has 0 override(s) in child classes
[22:22:14] [main/DEBUG] (FabricLoader/Mixin) mixins.baritone.json:MixinLivingEntity from mod baritone->@Inject::onPostElytraMove(Lnet/minecraft/util/math/Vec3d;Lorg/spongepowered/asm/mixin/injection/callback/CallbackInfo;)V won't be passed a CallbackInfo as a result
[22:22:14] [main/DEBUG] (FabricLoader/Mixin) mixins.baritone.json:MixinLivingEntity from mod baritone->@Inject::onPostElytraMove(Lnet/minecraft/util/math/Vec3d;Lorg/spongepowered/asm/mixin/injection/callback/CallbackInfo;)V doesn't use it's CallbackInfo
[22:22:14] [main/DEBUG] (FabricLoader/Mixin) mixins.baritone.json:MixinLivingEntity from mod baritone->@Inject::onPostElytraMove(Lnet/minecraft/util/math/Vec3d;Lorg/spongepowered/asm/mixin/injection/callback/CallbackInfo;)V has 0 override(s) in child classes
[22:22:14] [main/DEBUG] (FabricLoader/Mixin) mixins.baritone.json:MixinLivingEntity from mod baritone->@Inject::onPostElytraMove(Lnet/minecraft/util/math/Vec3d;Lorg/spongepowered/asm/mixin/injection/callback/CallbackInfo;)V won't be passed a CallbackInfo as a result
[22:22:14] [main/DEBUG] (FabricLoader/Mixin) mixins.baritone.json:MixinLivingEntity from mod baritone->@Inject::onPostElytraMove(Lnet/minecraft/util/math/Vec3d;Lorg/spongepowered/asm/mixin/injection/callback/CallbackInfo;)V doesn't use it's CallbackInfo
[22:22:14] [main/DEBUG] (FabricLoader/Mixin) mixins.baritone.json:MixinLivingEntity from mod baritone->@Inject::onPostElytraMove(Lnet/minecraft/util/math/Vec3d;Lorg/spongepowered/asm/mixin/injection/callback/CallbackInfo;)V has 0 override(s) in child classes
[22:22:14] [main/DEBUG] (FabricLoader/Mixin) mixins.baritone.json:MixinLivingEntity from mod baritone->@Inject::onPostElytraMove(Lnet/minecraft/util/math/Vec3d;Lorg/spongepowered/asm/mixin/injection/callback/CallbackInfo;)V won't be passed a CallbackInfo as a result
[22:22:14] [main/DEBUG] (FabricLoader/Mixin) fabric-entity-events-v1.mixins.json:LivingEntityMixin from mod fabric-entity-events-v1->@Inject::notifyDeath(Lnet/minecraft/entity/damage/DamageSource;Lorg/spongepowered/asm/mixin/injection/callback/CallbackInfo;)V doesn't use it's CallbackInfo
[22:22:14] [main/DEBUG] (FabricLoader/Mixin) fabric-entity-events-v1.mixins.json:LivingEntityMixin from mod fabric-entity-events-v1->@Inject::notifyDeath(Lnet/minecraft/entity/damage/DamageSource;Lorg/spongepowered/asm/mixin/injection/callback/CallbackInfo;)V has 0 override(s) in child classes
[22:22:14] [main/DEBUG] (FabricLoader/Mixin) fabric-entity-events-v1.mixins.json:LivingEntityMixin from mod fabric-entity-events-v1->@Inject::notifyDeath(Lnet/minecraft/entity/damage/DamageSource;Lorg/spongepowered/asm/mixin/injection/callback/CallbackInfo;)V won't be passed a CallbackInfo as a result
[22:22:14] [main/DEBUG] (FabricLoader/Mixin) fabric-entity-events-v1.mixins.json:LivingEntityMixin from mod fabric-entity-events-v1->@Inject::beforeDamage(Lnet/minecraft/entity/damage/DamageSource;FLorg/spongepowered/asm/mixin/injection/callback/CallbackInfoReturnable;)V does use it's CallbackInfoReturnable
[22:22:14] [main/DEBUG] (FabricLoader/Mixin) fabric-entity-events-v1.mixins.json:LivingEntityMixin from mod fabric-entity-events-v1->@Inject::onSleep(Lnet/minecraft/util/math/BlockPos;Lorg/spongepowered/asm/mixin/injection/callback/CallbackInfo;)V doesn't use it's CallbackInfo
[22:22:14] [main/DEBUG] (FabricLoader/Mixin) fabric-entity-events-v1.mixins.json:LivingEntityMixin from mod fabric-entity-events-v1->@Inject::onSleep(Lnet/minecraft/util/math/BlockPos;Lorg/spongepowered/asm/mixin/injection/callback/CallbackInfo;)V has 0 override(s) in child classes
[22:22:14] [main/DEBUG] (FabricLoader/Mixin) fabric-entity-events-v1.mixins.json:LivingEntityMixin from mod fabric-entity-events-v1->@Inject::onSleep(Lnet/minecraft/util/math/BlockPos;Lorg/spongepowered/asm/mixin/injection/callback/CallbackInfo;)V won't be passed a CallbackInfo as a result
[22:22:14] [main/DEBUG] (FabricLoader/Mixin) fabric-entity-events-v1.mixins.json:LivingEntityMixin from mod fabric-entity-events-v1->@Inject::onWakeUp(Lorg/spongepowered/asm/mixin/injection/callback/CallbackInfo;)V doesn't use it's CallbackInfo
[22:22:14] [main/DEBUG] (FabricLoader/Mixin) fabric-entity-events-v1.mixins.json:LivingEntityMixin from mod fabric-entity-events-v1->@Inject::onWakeUp(Lorg/spongepowered/asm/mixin/injection/callback/CallbackInfo;)V has 0 override(s) in child classes
[22:22:14] [main/DEBUG] (FabricLoader/Mixin) fabric-entity-events-v1.mixins.json:LivingEntityMixin from mod fabric-entity-events-v1->@Inject::onWakeUp(Lorg/spongepowered/asm/mixin/injection/callback/CallbackInfo;)V won't be passed a CallbackInfo as a result
[22:22:14] [main/DEBUG] (FabricLoader/Mixin) fabric-entity-events-v1.mixins.json:LivingEntityMixin from mod fabric-entity-events-v1->@Inject::onIsSleepingInBed(Lnet/minecraft/util/math/BlockPos;Lorg/spongepowered/asm/mixin/injection/callback/CallbackInfoReturnable;)V does use it's CallbackInfoReturnable
[22:22:14] [main/DEBUG] (FabricLoader/Mixin) fabric-entity-events-v1.mixins.json:elytra.LivingEntityMixin from mod fabric-entity-events-v1->@Inject::injectElytraTick(Lorg/spongepowered/asm/mixin/injection/callback/CallbackInfo;)V does use it's CallbackInfo
[22:22:14] [main/DEBUG] (FabricLoader/Mixin) fabric-item-api-v1.mixins.json:LivingEntityMixin from mod fabric-item-api-v1->@Inject::onGetPreferredEquipmentSlot(Lnet/minecraft/item/ItemStack;Lorg/spongepowered/asm/mixin/injection/callback/CallbackInfoReturnable;)V does use it's CallbackInfoReturnable
[22:22:14] [main/DEBUG] (FabricLoader/Mixin) Mixing IdListMixin from fabric-registry-sync-v0.mixins.json into net.minecraft.util.collection.IdList
[22:22:14] [main/DEBUG] (FabricLoader/Mixin) fabric-registry-sync-v0.mixins.json:IdListMixin from mod fabric-registry-sync-v0: Class version 61 required is higher than the class version supported by the current version of Mixin (JAVA_16 supports class version 60)
[22:22:14] [main/DEBUG] (FabricLoader/Mixin) Renaming synthetic method lambda$fabric_remapIds$0(Lit/unimi/dsi/fastutil/ints/Int2IntMap;Ljava/lang/Object;Ljava/lang/Integer;)Ljava/lang/Integer; to md84916f$fabric-registry-sync-v0$lambda$fabric_remapIds$0$0 in fabric-registry-sync-v0.mixins.json:IdListMixin from mod fabric-registry-sync-v0
[22:22:14] [main/DEBUG] (FabricLoader/Mixin) Mixing MixinRailBlocks from mixins.litematica.json into net.minecraft.block.PoweredRailBlock
[22:22:14] [main/DEBUG] (FabricLoader/Mixin) mixins.litematica.json:MixinRailBlocks from mod litematica->@Inject::fixRailRotation(Lnet/minecraft/block/BlockState;Lnet/minecraft/util/BlockRotation;Lorg/spongepowered/asm/mixin/injection/callback/CallbackInfoReturnable;)V does use it's CallbackInfoReturnable
[22:22:14] [main/DEBUG] (FabricLoader/Mixin) Mixing DetectorRailBlockMixin from fabric-object-builder-v1.mixins.json into net.minecraft.block.DetectorRailBlock
[22:22:14] [main/DEBUG] (FabricLoader/Mixin) fabric-object-builder-v1.mixins.json:DetectorRailBlockMixin from mod fabric-object-builder-api-v1: Class version 61 required is higher than the class version supported by the current version of Mixin (JAVA_16 supports class version 60)
[22:22:14] [main/DEBUG] (FabricLoader/Mixin) Renaming synthetic method lambda$getCustomComparatorOutput$0(Lnet/minecraft/entity/Entity;)Z to md84916f$fabric-object-builder-api-v1$lambda$getCustomComparatorOutput$0$0 in fabric-object-builder-v1.mixins.json:DetectorRailBlockMixin from mod fabric-object-builder-api-v1
[22:22:14] [main/DEBUG] (FabricLoader/Mixin) Mixing MixinRailBlocks from mixins.litematica.json into net.minecraft.block.DetectorRailBlock
[22:22:14] [main/DEBUG] (FabricLoader/Mixin) fabric-object-builder-v1.mixins.json:DetectorRailBlockMixin from mod fabric-object-builder-api-v1->@Inject::getCustomComparatorOutput(Lnet/minecraft/block/BlockState;Lnet/minecraft/world/World;Lnet/minecraft/util/math/BlockPos;Lorg/spongepowered/asm/mixin/injection/callback/CallbackInfoReturnable;)V does use it's CallbackInfoReturnable
[22:22:14] [main/DEBUG] (FabricLoader/Mixin) mixins.litematica.json:MixinRailBlocks from mod litematica->@Inject::fixRailRotation(Lnet/minecraft/block/BlockState;Lnet/minecraft/util/BlockRotation;Lorg/spongepowered/asm/mixin/injection/callback/CallbackInfoReturnable;)V does use it's CallbackInfoReturnable
[22:22:14] [main/DEBUG] (FabricLoader/Mixin) Mixing IMixinStairsBlock from mixins.litematica.json into net.minecraft.block.StairsBlock
[22:22:14] [main/DEBUG] (FabricLoader/Mixin) Renaming @Invoker method invokeGetStairShape(Lnet/minecraft/block/BlockState;Lnet/minecraft/world/BlockView;Lnet/minecraft/util/math/BlockPos;)Lnet/minecraft/block/enums/StairShape; to invokeGetStairShape$litematica_$md$84916f$0 in mixins.litematica.json:IMixinStairsBlock from mod litematica
[22:22:14] [main/DEBUG] (FabricLoader/Mixin) Mixing MixinChestBlock from mixins.litematica.json into net.minecraft.block.ChestBlock
[22:22:14] [main/DEBUG] (FabricLoader/Mixin) mixins.litematica.json:MixinChestBlock from mod litematica->@Inject::litematica_fixChestMirror(Lnet/minecraft/block/BlockState;Lnet/minecraft/util/BlockMirror;Lorg/spongepowered/asm/mixin/injection/callback/CallbackInfoReturnable;)V does use it's CallbackInfoReturnable
[22:22:14] [main/DEBUG] (FabricLoader/Mixin) Mixing IMixinRedstoneWireBlock from mixins.litematica.json into net.minecraft.block.RedstoneWireBlock
[22:22:14] [main/DEBUG] (FabricLoader/Mixin) Mixing MixinRailBlocks from mixins.litematica.json into net.minecraft.block.RailBlock
[22:22:14] [main/DEBUG] (FabricLoader/Mixin) mixins.litematica.json:MixinRailBlocks from mod litematica->@Inject::fixRailRotation(Lnet/minecraft/block/BlockState;Lnet/minecraft/util/BlockRotation;Lorg/spongepowered/asm/mixin/injection/callback/CallbackInfoReturnable;)V does use it's CallbackInfoReturnable
[22:22:14] [main/DEBUG] (FabricLoader/Mixin) Mixing IMixinVineBlock from mixins.litematica.json into net.minecraft.block.VineBlock
[22:22:14] [main/DEBUG] (FabricLoader/Mixin) Mixing IMixinFenceGateBlock from mixins.litematica.json into net.minecraft.block.FenceGateBlock
[22:22:14] [main/DEBUG] (FabricLoader/Mixin) Mixing DropperBlockMixin from fabric-transfer-api-v1.mixins.json into net.minecraft.block.DropperBlock
[22:22:14] [main/DEBUG] (FabricLoader/Mixin) fabric-transfer-api-v1.mixins.json:DropperBlockMixin from mod fabric-transfer-api-v1: Class version 61 required is higher than the class version supported by the current version of Mixin (JAVA_16 supports class version 60)
[22:22:14] [main/DEBUG] (FabricLoader/Mixin) Renaming synthetic method lambda$hookDispense$0(Lnet/fabricmc/fabric/api/transfer/v1/item/ItemVariant;)Z to md84916f$fabric-transfer-api-v1$lambda$hookDispense$0$0 in fabric-transfer-api-v1.mixins.json:DropperBlockMixin from mod fabric-transfer-api-v1
[22:22:14] [main/DEBUG] (FabricLoader/Mixin) fabric-transfer-api-v1.mixins.json:DropperBlockMixin from mod fabric-transfer-api-v1->@Inject::hookDispense(Lnet/minecraft/server/world/ServerWorld;Lnet/minecraft/util/math/BlockPos;Lorg/spongepowered/asm/mixin/injection/callback/CallbackInfo;)V does use it's CallbackInfo
[22:22:14] [main/DEBUG] (FabricLoader/Mixin) Mixing BeehiveBlockMixin from fabric-events-interaction-v0.mixins.json into net.minecraft.block.BeehiveBlock
[22:22:14] [main/DEBUG] (FabricLoader/Mixin) fabric-events-interaction-v0.mixins.json:BeehiveBlockMixin from mod fabric-events-interaction-v0: Class version 61 required is higher than the class version supported by the current version of Mixin (JAVA_16 supports class version 60)
[22:22:14] [main/DEBUG] (FabricLoader/Mixin) fabric-events-interaction-v0.mixins.json:BeehiveBlockMixin from mod fabric-events-interaction-v0->@Inject::afterNearbyBeesPlayers(Lnet/minecraft/world/World;Lnet/minecraft/util/math/BlockPos;Lorg/spongepowered/asm/mixin/injection/callback/CallbackInfo;Ljava/util/List;Ljava/util/List;)V does use it's CallbackInfo
[22:22:14] [main/DEBUG] (FabricLoader/Mixin) Mixing OxidizableMixin from fabric-content-registries-v0.mixins.json into net.minecraft.block.Oxidizable
[22:22:14] [main/DEBUG] (FabricLoader/Mixin) fabric-content-registries-v0.mixins.json:OxidizableMixin from mod fabric-content-registries-v0: Class version 61 required is higher than the class version supported by the current version of Mixin (JAVA_16 supports class version 60)
[22:22:14] [main/DEBUG] (FabricLoader/Mixin) fabric-content-registries-v0.mixins.json:OxidizableMixin from mod fabric-content-registries-v0->@Inject::createOxidationLevelIncreasesMap(Lorg/spongepowered/asm/mixin/injection/callback/CallbackInfoReturnable;)V does use it's CallbackInfoReturnable
[22:22:14] [main/DEBUG] (FabricLoader/Mixin) Mixing AbstractBlockSettingsAccessor from fabric-object-builder-v1.mixins.json into net.minecraft.block.AbstractBlock$Settings
[22:22:14] [main/DEBUG] (FabricLoader/Mixin) fabric-object-builder-v1.mixins.json:AbstractBlockSettingsAccessor from mod fabric-object-builder-api-v1: Class version 61 required is higher than the class version supported by the current version of Mixin (JAVA_16 supports class version 60)
[22:22:14] [main/DEBUG] (FabricLoader/Mixin) Mixing BlockStateMixin from fabric-block-api-v1.mixins.json into net.minecraft.block.BlockState
[22:22:14] [main/DEBUG] (FabricLoader/Mixin) Mixing BlockEntityMixin from fabric-block-view-api-v2.mixins.json into net.minecraft.block.entity.BlockEntity
[22:22:14] [main/DEBUG] (FabricLoader/Mixin) Mixing BlockEntityMixin from fabric-rendering-data-attachment-v1.mixins.json into net.minecraft.block.entity.BlockEntity
[22:22:14] [main/DEBUG] (FabricLoader/Mixin) Mixing AttachmentTargetsMixin from fabric-data-attachment-api-v1.mixins.json into net.minecraft.block.entity.BlockEntity
[22:22:14] [main/DEBUG] (FabricLoader/Mixin) Mixing BlockEntityMixin from fabric-data-attachment-api-v1.mixins.json into net.minecraft.block.entity.BlockEntity
[22:22:14] [main/DEBUG] (FabricLoader/Mixin) fabric-data-attachment-api-v1.mixins.json:BlockEntityMixin from mod fabric-data-attachment-api-v1->@Inject::readBlockEntityAttachments(Lnet/minecraft/nbt/NbtCompound;Ljava/lang/String;Lnet/minecraft/block/entity/BlockEntity;Lorg/spongepowered/asm/mixin/injection/callback/CallbackInfoReturnable;)V doesn't use it's CallbackInfoReturnable
[22:22:14] [main/DEBUG] (FabricLoader/Mixin) fabric-data-attachment-api-v1.mixins.json:BlockEntityMixin from mod fabric-data-attachment-api-v1->@Inject::writeBlockEntityAttachments(Lorg/spongepowered/asm/mixin/injection/callback/CallbackInfoReturnable;)V does use it's CallbackInfoReturnable
[22:22:14] [main/DEBUG] (FabricLoader/Mixin) Mixing LootableContainerBlockEntityMixin from fabric-transfer-api-v1.mixins.json into net.minecraft.block.entity.LootableContainerBlockEntity
[22:22:14] [main/DEBUG] (FabricLoader/Mixin) fabric-transfer-api-v1.mixins.json:LootableContainerBlockEntityMixin from mod fabric-transfer-api-v1: Class version 61 required is higher than the class version supported by the current version of Mixin (JAVA_16 supports class version 60)
[22:22:14] [main/DEBUG] (FabricLoader/Mixin) Mixing NamedScreenHandlerFactoryMixin from fabric-screen-handler-api-v1.mixins.json into net.minecraft.screen.NamedScreenHandlerFactory
[22:22:14] [main/DEBUG] (FabricLoader/Mixin) fabric-screen-handler-api-v1.mixins.json:NamedScreenHandlerFactoryMixin from mod fabric-screen-handler-api-v1: Class version 61 required is higher than the class version supported by the current version of Mixin (JAVA_16 supports class version 60)
[22:22:15] [main/DEBUG] (FabricLoader/Mixin) Mixing ChiseledBookshelfBlockEntityMixin from fabric-transfer-api-v1.mixins.json into net.minecraft.block.entity.ChiseledBookshelfBlockEntity
[22:22:15] [main/DEBUG] (FabricLoader/Mixin) fabric-transfer-api-v1.mixins.json:ChiseledBookshelfBlockEntityMixin from mod fabric-transfer-api-v1: Class version 61 required is higher than the class version supported by the current version of Mixin (JAVA_16 supports class version 60)
[22:22:15] [main/DEBUG] (FabricLoader/Mixin) fabric-transfer-api-v1.mixins.json:ChiseledBookshelfBlockEntityMixin from mod fabric-transfer-api-v1->@Inject::setStackBypass(ILnet/minecraft/item/ItemStack;Lorg/spongepowered/asm/mixin/injection/callback/CallbackInfo;)V does use it's CallbackInfo
[22:22:15] [main/DEBUG] (FabricLoader/Mixin) Mixing AbstractFurnaceBlockEntityMixin from fabric-transfer-api-v1.mixins.json into net.minecraft.block.entity.AbstractFurnaceBlockEntity
[22:22:15] [main/DEBUG] (FabricLoader/Mixin) fabric-transfer-api-v1.mixins.json:AbstractFurnaceBlockEntityMixin from mod fabric-transfer-api-v1: Class version 61 required is higher than the class version supported by the current version of Mixin (JAVA_16 supports class version 60)
[22:22:15] [main/DEBUG] (FabricLoader/Mixin) Mixing AbstractFurnaceBlockEntityMixin from fabric-content-registries-v0.mixins.json into net.minecraft.block.entity.AbstractFurnaceBlockEntity
[22:22:15] [main/DEBUG] (FabricLoader/Mixin) fabric-content-registries-v0.mixins.json:AbstractFurnaceBlockEntityMixin from mod fabric-content-registries-v0: Class version 61 required is higher than the class version supported by the current version of Mixin (JAVA_16 supports class version 60)
[22:22:15] [main/DEBUG] (FabricLoader/Mixin) Mixing AbstractFurnaceBlockEntityMixin from fabric-item-api-v1.mixins.json into net.minecraft.block.entity.AbstractFurnaceBlockEntity
[22:22:15] [main/DEBUG] (FabricLoader/Mixin) fabric-item-api-v1.mixins.json:AbstractFurnaceBlockEntityMixin from mod fabric-item-api-v1: Class version 61 required is higher than the class version supported by the current version of Mixin (JAVA_16 supports class version 60)
[22:22:15] [main/DEBUG] (FabricLoader/Mixin) fabric-transfer-api-v1.mixins.json:AbstractFurnaceBlockEntityMixin from mod fabric-transfer-api-v1->@Inject::setStackSuppressUpdate(ILnet/minecraft/item/ItemStack;Lorg/spongepowered/asm/mixin/injection/callback/CallbackInfo;)V does use it's CallbackInfo
[22:22:15] [main/DEBUG] (FabricLoader/Mixin) fabric-content-registries-v0.mixins.json:AbstractFurnaceBlockEntityMixin from mod fabric-content-registries-v0->@Inject::fuelTimeMapHook(Lorg/spongepowered/asm/mixin/injection/callback/CallbackInfoReturnable;)V does use it's CallbackInfoReturnable
[22:22:15] [main/DEBUG] (FabricLoader/Mixin) fabric-item-api-v1.mixins.json:AbstractFurnaceBlockEntityMixin from mod fabric-item-api-v1->@Inject::getStackRemainder(Lnet/minecraft/world/World;Lnet/minecraft/util/math/BlockPos;Lnet/minecraft/block/BlockState;Lnet/minecraft/block/entity/AbstractFurnaceBlockEntity;Lorg/spongepowered/asm/mixin/injection/callback/CallbackInfo;ZZLnet/minecraft/item/ItemStack;ZZLnet/minecraft/recipe/Recipe;I)V doesn't use it's CallbackInfo
[22:22:15] [main/DEBUG] (FabricLoader/Mixin) Mixing IMixinSignBlockEntity from mixins.litematica.json into net.minecraft.block.entity.SignBlockEntity
[22:22:15] [main/DEBUG] (FabricLoader/Mixin) Mixing JukeboxBlockEntityMixin from fabric-transfer-api-v1.mixins.json into net.minecraft.block.entity.JukeboxBlockEntity
[22:22:15] [main/DEBUG] (FabricLoader/Mixin) fabric-transfer-api-v1.mixins.json:JukeboxBlockEntityMixin from mod fabric-transfer-api-v1: Class version 61 required is higher than the class version supported by the current version of Mixin (JAVA_16 supports class version 60)
[22:22:15] [main/DEBUG] (FabricLoader/Mixin) fabric-transfer-api-v1.mixins.json:JukeboxBlockEntityMixin from mod fabric-transfer-api-v1->@Inject::setStackBypass(ILnet/minecraft/item/ItemStack;Lorg/spongepowered/asm/mixin/injection/callback/CallbackInfo;)V does use it's CallbackInfo
[22:22:15] [main/DEBUG] (FabricLoader/Mixin) Mixing MobEntityMixin from fabric-entity-events-v1.mixins.json into net.minecraft.entity.mob.MobEntity
[22:22:15] [main/DEBUG] (FabricLoader/Mixin) fabric-entity-events-v1.mixins.json:MobEntityMixin from mod fabric-entity-events-v1: Class version 61 required is higher than the class version supported by the current version of Mixin (JAVA_16 supports class version 60)
[22:22:15] [main/DEBUG] (FabricLoader/Mixin) Mixing BrewingStandBlockEntityMixin from fabric-item-api-v1.mixins.json into net.minecraft.block.entity.BrewingStandBlockEntity
[22:22:15] [main/DEBUG] (FabricLoader/Mixin) fabric-item-api-v1.mixins.json:BrewingStandBlockEntityMixin from mod fabric-item-api-v1: Class version 61 required is higher than the class version supported by the current version of Mixin (JAVA_16 supports class version 60)
[22:22:15] [main/DEBUG] (FabricLoader/Mixin) fabric-item-api-v1.mixins.json:BrewingStandBlockEntityMixin from mod fabric-item-api-v1->@Inject::captureItemStack(Lnet/minecraft/world/World;Lnet/minecraft/util/math/BlockPos;Lnet/minecraft/util/collection/DefaultedList;Lorg/spongepowered/asm/mixin/injection/callback/CallbackInfo;Lnet/minecraft/item/ItemStack;)V doesn't use it's CallbackInfo
[22:22:15] [main/DEBUG] (FabricLoader/Mixin) Mixing MixinItemStack from mixins.baritone.json into net.minecraft.item.ItemStack
[22:22:15] [main/DEBUG] (FabricLoader/Mixin) Mixing ItemStackMixin from fabric-item-api-v1.mixins.json into net.minecraft.item.ItemStack
[22:22:15] [main/DEBUG] (FabricLoader/Mixin) fabric-item-api-v1.mixins.json:ItemStackMixin from mod fabric-item-api-v1: Class version 61 required is higher than the class version supported by the current version of Mixin (JAVA_16 supports class version 60)
[22:22:15] [main/DEBUG] (FabricLoader/Mixin) Mixing ItemStackMixin from fabric-item-api-v1.client.mixins.json into net.minecraft.item.ItemStack
[22:22:15] [main/DEBUG] (FabricLoader/Mixin) fabric-item-api-v1.client.mixins.json:ItemStackMixin from mod fabric-item-api-v1: Class version 61 required is higher than the class version supported by the current version of Mixin (JAVA_16 supports class version 60)
[22:22:15] [main/DEBUG] (FabricLoader/Mixin) mixins.baritone.json:MixinItemStack from mod baritone->@Inject::onItemDamageSet(Lorg/spongepowered/asm/mixin/injection/callback/CallbackInfo;)V doesn't use it's CallbackInfo
[22:22:15] [main/DEBUG] (FabricLoader/Mixin) fabric-item-api-v1.mixins.json:ItemStackMixin from mod fabric-item-api-v1->@Inject::saveDamager(ILnet/minecraft/entity/LivingEntity;Ljava/util/function/Consumer;Lorg/spongepowered/asm/mixin/injection/callback/CallbackInfo;)V doesn't use it's CallbackInfo
[22:22:15] [main/DEBUG] (FabricLoader/Mixin) fabric-item-api-v1.mixins.json:ItemStackMixin from mod fabric-item-api-v1->@Inject::clearDamage(ILnet/minecraft/entity/LivingEntity;Ljava/util/function/Consumer;Lorg/spongepowered/asm/mixin/injection/callback/CallbackInfo;)V doesn't use it's CallbackInfo
[22:22:15] [main/DEBUG] (FabricLoader/Mixin) fabric-item-api-v1.mixins.json:ItemStackMixin from mod fabric-item-api-v1->@Inject::clearDamage(ILnet/minecraft/entity/LivingEntity;Ljava/util/function/Consumer;Lorg/spongepowered/asm/mixin/injection/callback/CallbackInfo;)V doesn't use it's CallbackInfo
[22:22:15] [main/DEBUG] (FabricLoader/Mixin) fabric-item-api-v1.mixins.json:ItemStackMixin from mod fabric-item-api-v1->@Inject::clearDamage(ILnet/minecraft/entity/LivingEntity;Ljava/util/function/Consumer;Lorg/spongepowered/asm/mixin/injection/callback/CallbackInfo;)V doesn't use it's CallbackInfo
[22:22:15] [main/DEBUG] (FabricLoader/Mixin) fabric-item-api-v1.client.mixins.json:ItemStackMixin from mod fabric-item-api-v1->@Inject::getTooltip(Lnet/minecraft/entity/player/PlayerEntity;Lnet/minecraft/client/item/TooltipContext;Lorg/spongepowered/asm/mixin/injection/callback/CallbackInfoReturnable;)V does use it's CallbackInfoReturnable
[22:22:15] [main/DEBUG] (FabricLoader/Mixin) Mixing HopperBlockEntityMixin from fabric-transfer-api-v1.mixins.json into net.minecraft.block.entity.HopperBlockEntity
[22:22:15] [main/DEBUG] (FabricLoader/Mixin) fabric-transfer-api-v1.mixins.json:HopperBlockEntityMixin from mod fabric-transfer-api-v1: Class version 61 required is higher than the class version supported by the current version of Mixin (JAVA_16 supports class version 60)
[22:22:15] [main/DEBUG] (FabricLoader/Mixin) Renaming synthetic method lambda$hookExtract$1(Lnet/fabricmc/fabric/api/transfer/v1/item/ItemVariant;)Z to md84916f$fabric-transfer-api-v1$lambda$hookExtract$1$0 in fabric-transfer-api-v1.mixins.json:HopperBlockEntityMixin from mod fabric-transfer-api-v1
[22:22:15] [main/DEBUG] (FabricLoader/Mixin) Renaming synthetic method lambda$hookInsert$0(Lnet/fabricmc/fabric/api/transfer/v1/item/ItemVariant;)Z to md84916f$fabric-transfer-api-v1$lambda$hookInsert$0$1 in fabric-transfer-api-v1.mixins.json:HopperBlockEntityMixin from mod fabric-transfer-api-v1
[22:22:15] [main/DEBUG] (FabricLoader/Mixin) fabric-transfer-api-v1.mixins.json:HopperBlockEntityMixin from mod fabric-transfer-api-v1->@Inject::hookInsert(Lnet/minecraft/world/World;Lnet/minecraft/util/math/BlockPos;Lnet/minecraft/block/BlockState;Lnet/minecraft/inventory/Inventory;Lorg/spongepowered/asm/mixin/injection/callback/CallbackInfoReturnable;Lnet/minecraft/inventory/Inventory;)V does use it's CallbackInfoReturnable
[22:22:15] [main/DEBUG] (FabricLoader/Mixin) fabric-transfer-api-v1.mixins.json:HopperBlockEntityMixin from mod fabric-transfer-api-v1->@Inject::hookExtract(Lnet/minecraft/world/World;Lnet/minecraft/block/entity/Hopper;Lorg/spongepowered/asm/mixin/injection/callback/CallbackInfoReturnable;Lnet/minecraft/inventory/Inventory;)V does use it's CallbackInfoReturnable
[22:22:16] [main/DEBUG] (FabricLoader/Mixin) Mixing TadpoleEntityMixin from fabric-entity-events-v1.mixins.json into net.minecraft.entity.passive.TadpoleEntity
[22:22:16] [main/DEBUG] (FabricLoader/Mixin) fabric-entity-events-v1.mixins.json:TadpoleEntityMixin from mod fabric-entity-events-v1: Class version 61 required is higher than the class version supported by the current version of Mixin (JAVA_16 supports class version 60)
[22:22:17] [main/DEBUG] (FabricLoader/Mixin) Mixing MixinBlockItem from mixins.litematica.json into net.minecraft.item.BlockItem
[22:22:17] [main/DEBUG] (FabricLoader/Mixin) mixins.litematica.json:MixinBlockItem from mod litematica->@Inject::modifyPlacementState(Lnet/minecraft/item/ItemPlacementContext;Lorg/spongepowered/asm/mixin/injection/callback/CallbackInfoReturnable;)V does use it's CallbackInfoReturnable
[22:22:17] [main/DEBUG] (FabricLoader/Mixin) Mixing ArmorItemMixin from fabric-item-api-v1.mixins.json into net.minecraft.item.ArmorItem
[22:22:17] [main/DEBUG] (FabricLoader/Mixin) fabric-item-api-v1.mixins.json:ArmorItemMixin from mod fabric-item-api-v1: Class version 61 required is higher than the class version supported by the current version of Mixin (JAVA_16 supports class version 60)
[22:22:17] [main/DEBUG] (FabricLoader/Mixin) Mixing SwordItemMixin from fabric-mining-level-api-v1.mixins.json into net.minecraft.item.SwordItem
[22:22:17] [main/DEBUG] (FabricLoader/Mixin) fabric-mining-level-api-v1.mixins.json:SwordItemMixin from mod fabric-mining-level-api-v1: Class version 61 required is higher than the class version supported by the current version of Mixin (JAVA_16 supports class version 60)
[22:22:17] [main/DEBUG] (FabricLoader/Mixin) fabric-mining-level-api-v1.mixins.json:SwordItemMixin from mod fabric-mining-level-api-v1->@Inject::fabric$onIsSuitableFor(Lnet/minecraft/block/BlockState;Lorg/spongepowered/asm/mixin/injection/callback/CallbackInfoReturnable;)V does use it's CallbackInfoReturnable
[22:22:17] [main/DEBUG] (FabricLoader/Mixin) fabric-mining-level-api-v1.mixins.json:SwordItemMixin from mod fabric-mining-level-api-v1->@Inject::fabric$onGetMiningSpeedMultiplier(Lnet/minecraft/item/ItemStack;Lnet/minecraft/block/BlockState;Lorg/spongepowered/asm/mixin/injection/callback/CallbackInfoReturnable;)V does use it's CallbackInfoReturnable
[22:22:17] [main/DEBUG] (FabricLoader/Mixin) fabric-mining-level-api-v1.mixins.json:SwordItemMixin from mod fabric-mining-level-api-v1->@Inject::fabric$onGetMiningSpeedMultiplier(Lnet/minecraft/item/ItemStack;Lnet/minecraft/block/BlockState;Lorg/spongepowered/asm/mixin/injection/callback/CallbackInfoReturnable;)V does use it's CallbackInfoReturnable
[22:22:17] [main/DEBUG] (FabricLoader/Mixin) Mixing ShovelItemAccessor from fabric-content-registries-v0.mixins.json into net.minecraft.item.ShovelItem
[22:22:17] [main/DEBUG] (FabricLoader/Mixin) fabric-content-registries-v0.mixins.json:ShovelItemAccessor from mod fabric-content-registries-v0: Class version 61 required is higher than the class version supported by the current version of Mixin (JAVA_16 supports class version 60)
[22:22:17] [main/DEBUG] (FabricLoader/Mixin) Renaming @Accessor method getPathStates()Ljava/util/Map; to getPathStates$fabric-content-registries-v0_$md$84916f$0 in fabric-content-registries-v0.mixins.json:ShovelItemAccessor from mod fabric-content-registries-v0
[22:22:17] [main/DEBUG] (FabricLoader/Mixin) Mixing MiningToolItemMixin from fabric-mining-level-api-v1.mixins.json into net.minecraft.item.MiningToolItem
[22:22:17] [main/DEBUG] (FabricLoader/Mixin) fabric-mining-level-api-v1.mixins.json:MiningToolItemMixin from mod fabric-mining-level-api-v1: Class version 61 required is higher than the class version supported by the current version of Mixin (JAVA_16 supports class version 60)
[22:22:17] [main/DEBUG] (FabricLoader/Mixin) fabric-mining-level-api-v1.mixins.json:MiningToolItemMixin from mod fabric-mining-level-api-v1->@Inject::fabric$onIsSuitableFor(Lnet/minecraft/block/BlockState;Lorg/spongepowered/asm/mixin/injection/callback/CallbackInfoReturnable;I)V does use it's CallbackInfoReturnable
[22:22:17] [main/DEBUG] (FabricLoader/Mixin) Mixing AxeItemAccessor from fabric-content-registries-v0.mixins.json into net.minecraft.item.AxeItem
[22:22:17] [main/DEBUG] (FabricLoader/Mixin) fabric-content-registries-v0.mixins.json:AxeItemAccessor from mod fabric-content-registries-v0: Class version 61 required is higher than the class version supported by the current version of Mixin (JAVA_16 supports class version 60)
[22:22:17] [main/DEBUG] (FabricLoader/Mixin) Renaming @Accessor method getStrippedBlocks()Ljava/util/Map; to getStrippedBlocks$fabric-content-registries-v0_$md$84916f$0 in fabric-content-registries-v0.mixins.json:AxeItemAccessor from mod fabric-content-registries-v0
[22:22:17] [main/DEBUG] (FabricLoader/Mixin) Renaming @Accessor method setStrippedBlocks(Ljava/util/Map;)V to setStrippedBlocks$fabric-content-registries-v0_$md$84916f$1 in fabric-content-registries-v0.mixins.json:AxeItemAccessor from mod fabric-content-registries-v0
[22:22:17] [main/DEBUG] (FabricLoader/Mixin) Mixing HoeItemAccessor from fabric-content-registries-v0.mixins.json into net.minecraft.item.HoeItem
[22:22:17] [main/DEBUG] (FabricLoader/Mixin) fabric-content-registries-v0.mixins.json:HoeItemAccessor from mod fabric-content-registries-v0: Class version 61 required is higher than the class version supported by the current version of Mixin (JAVA_16 supports class version 60)
[22:22:17] [main/DEBUG] (FabricLoader/Mixin) Renaming @Accessor method getTillingActions()Ljava/util/Map; to getTillingActions$fabric-content-registries-v0_$md$84916f$0 in fabric-content-registries-v0.mixins.json:HoeItemAccessor from mod fabric-content-registries-v0
[22:22:17] [main/DEBUG] (FabricLoader/Mixin) Mixing BucketItemAccessor from fabric-transfer-api-v1.mixins.json into net.minecraft.item.BucketItem
[22:22:17] [main/DEBUG] (FabricLoader/Mixin) fabric-transfer-api-v1.mixins.json:BucketItemAccessor from mod fabric-transfer-api-v1: Class version 61 required is higher than the class version supported by the current version of Mixin (JAVA_16 supports class version 60)
[22:22:17] [main/DEBUG] (FabricLoader/Mixin) Mixing BucketItemMixin from fabric-transfer-api-v1.mixins.json into net.minecraft.item.BucketItem
[22:22:17] [main/DEBUG] (FabricLoader/Mixin) fabric-transfer-api-v1.mixins.json:BucketItemMixin from mod fabric-transfer-api-v1: Class version 61 required is higher than the class version supported by the current version of Mixin (JAVA_16 supports class version 60)
[22:22:17] [main/DEBUG] (FabricLoader/Mixin) Mixing ShearsItemMixin from fabric-mining-level-api-v1.mixins.json into net.minecraft.item.ShearsItem
[22:22:17] [main/DEBUG] (FabricLoader/Mixin) fabric-mining-level-api-v1.mixins.json:ShearsItemMixin from mod fabric-mining-level-api-v1: Class version 61 required is higher than the class version supported by the current version of Mixin (JAVA_16 supports class version 60)
[22:22:17] [main/DEBUG] (FabricLoader/Mixin) fabric-mining-level-api-v1.mixins.json:ShearsItemMixin from mod fabric-mining-level-api-v1->@Inject::fabric$onIsSuitableFor(Lnet/minecraft/block/BlockState;Lorg/spongepowered/asm/mixin/injection/callback/CallbackInfoReturnable;)V does use it's CallbackInfoReturnable
[22:22:17] [main/DEBUG] (FabricLoader/Mixin) fabric-mining-level-api-v1.mixins.json:ShearsItemMixin from mod fabric-mining-level-api-v1->@Inject::fabric$onGetMiningSpeedMultiplier(Lnet/minecraft/item/ItemStack;Lnet/minecraft/block/BlockState;Lorg/spongepowered/asm/mixin/injection/callback/CallbackInfoReturnable;)V does use it's CallbackInfoReturnable
[22:22:17] [main/DEBUG] (FabricLoader/Mixin) fabric-mining-level-api-v1.mixins.json:ShearsItemMixin from mod fabric-mining-level-api-v1->@Inject::fabric$onGetMiningSpeedMultiplier(Lnet/minecraft/item/ItemStack;Lnet/minecraft/block/BlockState;Lorg/spongepowered/asm/mixin/injection/callback/CallbackInfoReturnable;)V does use it's CallbackInfoReturnable
[22:22:17] [main/DEBUG] (FabricLoader/Mixin) fabric-mining-level-api-v1.mixins.json:ShearsItemMixin from mod fabric-mining-level-api-v1->@Inject::fabric$onGetMiningSpeedMultiplier(Lnet/minecraft/item/ItemStack;Lnet/minecraft/block/BlockState;Lorg/spongepowered/asm/mixin/injection/callback/CallbackInfoReturnable;)V does use it's CallbackInfoReturnable
[22:22:17] [main/DEBUG] (FabricLoader/Mixin) fabric-mining-level-api-v1.mixins.json:ShearsItemMixin from mod fabric-mining-level-api-v1->@Inject::fabric$onGetMiningSpeedMultiplier(Lnet/minecraft/item/ItemStack;Lnet/minecraft/block/BlockState;Lorg/spongepowered/asm/mixin/injection/callback/CallbackInfoReturnable;)V does use it's CallbackInfoReturnable
[22:22:17] [main/DEBUG] (FabricLoader/Mixin) Mixing HoneycombItemMixin from fabric-content-registries-v0.mixins.json into net.minecraft.item.HoneycombItem
[22:22:17] [main/DEBUG] (FabricLoader/Mixin) fabric-content-registries-v0.mixins.json:HoneycombItemMixin from mod fabric-content-registries-v0: Class version 61 required is higher than the class version supported by the current version of Mixin (JAVA_16 supports class version 60)
[22:22:17] [main/DEBUG] (FabricLoader/Mixin) fabric-content-registries-v0.mixins.json:HoneycombItemMixin from mod fabric-content-registries-v0->@Inject::createUnwaxedToWaxedMap(Lorg/spongepowered/asm/mixin/injection/callback/CallbackInfoReturnable;)V does use it's CallbackInfoReturnable
[22:22:17] [main/DEBUG] (FabricLoader/Mixin) Mixing StructuresToConfiguredStructuresFixMixin from fabric-registry-sync-v0.mixins.json into net.minecraft.datafixer.fix.StructuresToConfiguredStructuresFix
[22:22:17] [main/DEBUG] (FabricLoader/Mixin) fabric-registry-sync-v0.mixins.json:StructuresToConfiguredStructuresFixMixin from mod fabric-registry-sync-v0: Class version 61 required is higher than the class version supported by the current version of Mixin (JAVA_16 supports class version 60)
[22:22:17] [main/DEBUG] (FabricLoader/Mixin) fabric-registry-sync-v0.mixins.json:StructuresToConfiguredStructuresFixMixin from mod fabric-registry-sync-v0->@Inject::method_41022(Lcom/mojang/datafixers/util/Pair;Lcom/mojang/serialization/Dynamic;Lorg/spongepowered/asm/mixin/injection/callback/CallbackInfoReturnable;)V does use it's CallbackInfoReturnable
[22:22:17] [main/DEBUG] (FabricLoader/Mixin) Mixing TaggedChoiceTypeMixin from fabric-dimensions-v1.mixins.json into com.mojang.datafixers.types.templates.TaggedChoice$TaggedChoiceType
[22:22:17] [main/DEBUG] (FabricLoader/Mixin) fabric-dimensions-v1.mixins.json:TaggedChoiceTypeMixin from mod fabric-dimensions-v1: Class version 61 required is higher than the class version supported by the current version of Mixin (JAVA_16 supports class version 60)
[22:22:17] [main/DEBUG] (FabricLoader/Mixin) fabric-dimensions-v1.mixins.json:TaggedChoiceTypeMixin from mod fabric-dimensions-v1->@Inject::onGetCodec(Ljava/lang/Object;Lorg/spongepowered/asm/mixin/injection/callback/CallbackInfoReturnable;)V does use it's CallbackInfoReturnable
[22:22:18] [main/DEBUG] (FabricLoader/Mixin) Mixing TaggedChoiceMixin from fabric-dimensions-v1.mixins.json into com.mojang.datafixers.types.templates.TaggedChoice
[22:22:18] [main/DEBUG] (FabricLoader/Mixin) fabric-dimensions-v1.mixins.json:TaggedChoiceMixin from mod fabric-dimensions-v1: Class version 61 required is higher than the class version supported by the current version of Mixin (JAVA_16 supports class version 60)
[22:22:18] [main/DEBUG] (FabricLoader/Mixin) fabric-dimensions-v1.mixins.json:TaggedChoiceMixin from mod fabric-dimensions-v1->@Inject::onApply(Lcom/mojang/datafixers/util/Pair;Lorg/spongepowered/asm/mixin/injection/callback/CallbackInfoReturnable;)V does use it's CallbackInfoReturnable
[22:22:18] [main/DEBUG] (FabricLoader/Mixin) Mixing MixinBlockStateFlattening from mixins.litematica.json into net.minecraft.datafixer.fix.BlockStateFlattening
[22:22:18] [main/DEBUG] (FabricLoader/Mixin) mixins.litematica.json:MixinBlockStateFlattening from mod litematica->@Inject::onAddEntry(ILjava/lang/String;[Ljava/lang/String;Lorg/spongepowered/asm/mixin/injection/callback/CallbackInfo;)V doesn't use it's CallbackInfo
[22:22:18] [main/DEBUG] (FabricLoader/Mixin) Mixing Schema2832Mixin from fabric-dimensions-v1.mixins.json into net.minecraft.datafixer.schema.Schema2832
[22:22:18] [main/DEBUG] (FabricLoader/Mixin) fabric-dimensions-v1.mixins.json:Schema2832Mixin from mod fabric-dimensions-v1: Class version 61 required is higher than the class version supported by the current version of Mixin (JAVA_16 supports class version 60)
[22:22:18] [Datafixer Bootstrap/INFO] (com.mojang.datafixers.DataFixerBuilder) 188 Datafixer optimizations took 192 milliseconds
[22:22:19] [main/DEBUG] (FabricLoader/Mixin) Mixing MixinFireworkRocketEntity from mixins.baritone.json into net.minecraft.entity.projectile.FireworkRocketEntity
[22:22:19] [main/DEBUG] (FabricLoader/Mixin) Mixing PigEntityMixin from fabric-entity-events-v1.mixins.json into net.minecraft.entity.passive.PigEntity
[22:22:19] [main/DEBUG] (FabricLoader/Mixin) fabric-entity-events-v1.mixins.json:PigEntityMixin from mod fabric-entity-events-v1: Class version 61 required is higher than the class version supported by the current version of Mixin (JAVA_16 supports class version 60)
[22:22:19] [main/DEBUG] (FabricLoader/Mixin) Mixing ServerPlayerEntityMixin from fabric-events-interaction-v0.mixins.json into net.minecraft.server.network.ServerPlayerEntity
[22:22:19] [main/DEBUG] (FabricLoader/Mixin) fabric-events-interaction-v0.mixins.json:ServerPlayerEntityMixin from mod fabric-events-interaction-v0: Class version 61 required is higher than the class version supported by the current version of Mixin (JAVA_16 supports class version 60)
[22:22:19] [main/DEBUG] (FabricLoader/Mixin) Mixing ServerPlayerEntityMixin from fabric-entity-events-v1.mixins.json into net.minecraft.server.network.ServerPlayerEntity
[22:22:19] [main/DEBUG] (FabricLoader/Mixin) fabric-entity-events-v1.mixins.json:ServerPlayerEntityMixin from mod fabric-entity-events-v1: Class version 61 required is higher than the class version supported by the current version of Mixin (JAVA_16 supports class version 60)
[22:22:19] [main/DEBUG] (FabricLoader/Mixin) Mixing ServerPlayerEntityAccessor from fabric-containers-v0.mixins.json into net.minecraft.server.network.ServerPlayerEntity
[22:22:19] [main/DEBUG] (FabricLoader/Mixin) fabric-containers-v0.mixins.json:ServerPlayerEntityAccessor from mod fabric-containers-v0: Class version 61 required is higher than the class version supported by the current version of Mixin (JAVA_16 supports class version 60)
[22:22:19] [main/DEBUG] (FabricLoader/Mixin) Mixing ServerPlayerEntityMixin from fabric-containers-v0.accurate.mixins.json into net.minecraft.server.network.ServerPlayerEntity
[22:22:19] [main/DEBUG] (FabricLoader/Mixin) fabric-containers-v0.accurate.mixins.json:ServerPlayerEntityMixin from mod fabric-containers-v0: Class version 61 required is higher than the class version supported by the current version of Mixin (JAVA_16 supports class version 60)
[22:22:19] [main/DEBUG] (FabricLoader/Mixin) Mixing EntityMixin from fabric-dimensions-v1.mixins.json into net.minecraft.server.network.ServerPlayerEntity
[22:22:19] [main/DEBUG] (FabricLoader/Mixin) fabric-dimensions-v1.mixins.json:EntityMixin from mod fabric-dimensions-v1: Class version 61 required is higher than the class version supported by the current version of Mixin (JAVA_16 supports class version 60)
[22:22:19] [main/DEBUG] (FabricLoader/Mixin) Mixing ServerPlayerEntityMixin from fabric-screen-handler-api-v1.mixins.json into net.minecraft.server.network.ServerPlayerEntity
[22:22:19] [main/DEBUG] (FabricLoader/Mixin) fabric-screen-handler-api-v1.mixins.json:ServerPlayerEntityMixin from mod fabric-screen-handler-api-v1: Class version 61 required is higher than the class version supported by the current version of Mixin (JAVA_16 supports class version 60)
[22:22:19] [main/DEBUG] (FabricLoader/Mixin) fabric-events-interaction-v0.mixins.json:ServerPlayerEntityMixin from mod fabric-events-interaction-v0->@Inject::onPlayerInteractEntity(Lnet/minecraft/entity/Entity;Lorg/spongepowered/asm/mixin/injection/callback/CallbackInfo;)V does use it's CallbackInfo
[22:22:19] [main/DEBUG] (FabricLoader/Mixin) fabric-entity-events-v1.mixins.json:ServerPlayerEntityMixin from mod fabric-entity-events-v1->@Inject::callOnKillForPlayer(Lnet/minecraft/entity/damage/DamageSource;Lorg/spongepowered/asm/mixin/injection/callback/CallbackInfo;)V doesn't use it's CallbackInfo
[22:22:19] [main/DEBUG] (FabricLoader/Mixin) fabric-entity-events-v1.mixins.json:ServerPlayerEntityMixin from mod fabric-entity-events-v1->@Inject::callOnKillForPlayer(Lnet/minecraft/entity/damage/DamageSource;Lorg/spongepowered/asm/mixin/injection/callback/CallbackInfo;)V has 0 override(s) in child classes
[22:22:19] [main/DEBUG] (FabricLoader/Mixin) fabric-entity-events-v1.mixins.json:ServerPlayerEntityMixin from mod fabric-entity-events-v1->@Inject::callOnKillForPlayer(Lnet/minecraft/entity/damage/DamageSource;Lorg/spongepowered/asm/mixin/injection/callback/CallbackInfo;)V won't be passed a CallbackInfo as a result
[22:22:19] [main/DEBUG] (FabricLoader/Mixin) fabric-entity-events-v1.mixins.json:ServerPlayerEntityMixin from mod fabric-entity-events-v1->@Inject::notifyDeath(Lnet/minecraft/entity/damage/DamageSource;Lorg/spongepowered/asm/mixin/injection/callback/CallbackInfo;)V doesn't use it's CallbackInfo
[22:22:19] [main/DEBUG] (FabricLoader/Mixin) fabric-entity-events-v1.mixins.json:ServerPlayerEntityMixin from mod fabric-entity-events-v1->@Inject::notifyDeath(Lnet/minecraft/entity/damage/DamageSource;Lorg/spongepowered/asm/mixin/injection/callback/CallbackInfo;)V has 0 override(s) in child classes
[22:22:19] [main/DEBUG] (FabricLoader/Mixin) fabric-entity-events-v1.mixins.json:ServerPlayerEntityMixin from mod fabric-entity-events-v1->@Inject::notifyDeath(Lnet/minecraft/entity/damage/DamageSource;Lorg/spongepowered/asm/mixin/injection/callback/CallbackInfo;)V won't be passed a CallbackInfo as a result
[22:22:19] [main/DEBUG] (FabricLoader/Mixin) fabric-entity-events-v1.mixins.json:ServerPlayerEntityMixin from mod fabric-entity-events-v1->@Inject::afterWorldChanged(Lnet/minecraft/server/world/ServerWorld;Lorg/spongepowered/asm/mixin/injection/callback/CallbackInfo;)V doesn't use it's CallbackInfo
[22:22:19] [main/DEBUG] (FabricLoader/Mixin) fabric-entity-events-v1.mixins.json:ServerPlayerEntityMixin from mod fabric-entity-events-v1->@Inject::afterWorldChanged(Lnet/minecraft/server/world/ServerWorld;Lorg/spongepowered/asm/mixin/injection/callback/CallbackInfo;)V has 0 override(s) in child classes
[22:22:19] [main/DEBUG] (FabricLoader/Mixin) fabric-entity-events-v1.mixins.json:ServerPlayerEntityMixin from mod fabric-entity-events-v1->@Inject::afterWorldChanged(Lnet/minecraft/server/world/ServerWorld;Lorg/spongepowered/asm/mixin/injection/callback/CallbackInfo;)V won't be passed a CallbackInfo as a result
[22:22:19] [main/DEBUG] (FabricLoader/Mixin) fabric-entity-events-v1.mixins.json:ServerPlayerEntityMixin from mod fabric-entity-events-v1->@Inject::onCopyFrom(Lnet/minecraft/server/network/ServerPlayerEntity;ZLorg/spongepowered/asm/mixin/injection/callback/CallbackInfo;)V doesn't use it's CallbackInfo
[22:22:19] [main/DEBUG] (FabricLoader/Mixin) fabric-entity-events-v1.mixins.json:ServerPlayerEntityMixin from mod fabric-entity-events-v1->@Inject::onCopyFrom(Lnet/minecraft/server/network/ServerPlayerEntity;ZLorg/spongepowered/asm/mixin/injection/callback/CallbackInfo;)V has 0 override(s) in child classes
[22:22:19] [main/DEBUG] (FabricLoader/Mixin) fabric-entity-events-v1.mixins.json:ServerPlayerEntityMixin from mod fabric-entity-events-v1->@Inject::onCopyFrom(Lnet/minecraft/server/network/ServerPlayerEntity;ZLorg/spongepowered/asm/mixin/injection/callback/CallbackInfo;)V won't be passed a CallbackInfo as a result
[22:22:19] [main/DEBUG] (FabricLoader/Mixin) fabric-entity-events-v1.mixins.json:ServerPlayerEntityMixin from mod fabric-entity-events-v1->@Inject::onTrySleepDirectionCheck(Lnet/minecraft/util/math/BlockPos;Lorg/spongepowered/asm/mixin/injection/callback/CallbackInfoReturnable;Lnet/minecraft/util/math/Direction;)V does use it's CallbackInfoReturnable
[22:22:19] [main/DEBUG] (FabricLoader/Mixin) fabric-dimensions-v1.mixins.json:EntityMixin from mod fabric-dimensions-v1->@Inject::getTeleportTarget(Lnet/minecraft/server/world/ServerWorld;Lorg/spongepowered/asm/mixin/injection/callback/CallbackInfoReturnable;)V does use it's CallbackInfoReturnable
[22:22:19] [main/DEBUG] (FabricLoader/Mixin) fabric-screen-handler-api-v1.mixins.json:ServerPlayerEntityMixin from mod fabric-screen-handler-api-v1->@Inject::fabric_storeOpenedScreenHandler(Lnet/minecraft/screen/NamedScreenHandlerFactory;Lorg/spongepowered/asm/mixin/injection/callback/CallbackInfoReturnable;Lnet/minecraft/screen/ScreenHandler;)V doesn't use it's CallbackInfoReturnable
[22:22:19] [main/DEBUG] (FabricLoader/Mixin) fabric-screen-handler-api-v1.mixins.json:ServerPlayerEntityMixin from mod fabric-screen-handler-api-v1->@Inject::fabric_storeOpenedScreenHandler(Lnet/minecraft/screen/NamedScreenHandlerFactory;Lorg/spongepowered/asm/mixin/injection/callback/CallbackInfoReturnable;Lnet/minecraft/screen/ScreenHandler;)V has 0 override(s) in child classes
[22:22:19] [main/DEBUG] (FabricLoader/Mixin) fabric-screen-handler-api-v1.mixins.json:ServerPlayerEntityMixin from mod fabric-screen-handler-api-v1->@Inject::fabric_storeOpenedScreenHandler(Lnet/minecraft/screen/NamedScreenHandlerFactory;Lorg/spongepowered/asm/mixin/injection/callback/CallbackInfoReturnable;Lnet/minecraft/screen/ScreenHandler;)V won't be passed a CallbackInfoReturnable as a result
[22:22:19] [main/DEBUG] (FabricLoader/Mixin) Mixing AttachmentTargetsMixin from fabric-data-attachment-api-v1.mixins.json into net.minecraft.world.chunk.Chunk
[22:22:19] [main/DEBUG] (FabricLoader/Mixin) Mixing WorldChunkMixin from fabric-lifecycle-events-v1.client.mixins.json into net.minecraft.world.chunk.WorldChunk
[22:22:19] [main/DEBUG] (FabricLoader/Mixin) fabric-lifecycle-events-v1.client.mixins.json:WorldChunkMixin from mod fabric-lifecycle-events-v1: Class version 61 required is higher than the class version supported by the current version of Mixin (JAVA_16 supports class version 60)
[22:22:19] [main/DEBUG] (FabricLoader/Mixin) Mixing MixinWorldChunk from mixins.litematica.json into net.minecraft.world.chunk.WorldChunk
[22:22:19] [main/DEBUG] (FabricLoader/Mixin) Mixing WorldChunkMixin from fabric-data-attachment-api-v1.mixins.json into net.minecraft.world.chunk.WorldChunk
[22:22:19] [main/DEBUG] (FabricLoader/Mixin) fabric-lifecycle-events-v1.client.mixins.json:WorldChunkMixin from mod fabric-lifecycle-events-v1->@Inject::onLoadBlockEntity(Lnet/minecraft/block/entity/BlockEntity;Lorg/spongepowered/asm/mixin/injection/callback/CallbackInfo;Lnet/minecraft/util/math/BlockPos;Lnet/minecraft/block/entity/BlockEntity;)V doesn't use it's CallbackInfo
[22:22:19] [main/DEBUG] (FabricLoader/Mixin) fabric-lifecycle-events-v1.client.mixins.json:WorldChunkMixin from mod fabric-lifecycle-events-v1->@Inject::onLoadBlockEntity(Lnet/minecraft/block/entity/BlockEntity;Lorg/spongepowered/asm/mixin/injection/callback/CallbackInfo;Lnet/minecraft/util/math/BlockPos;Lnet/minecraft/block/entity/BlockEntity;)V has 0 override(s) in child classes
[22:22:19] [main/DEBUG] (FabricLoader/Mixin) fabric-lifecycle-events-v1.client.mixins.json:WorldChunkMixin from mod fabric-lifecycle-events-v1->@Inject::onLoadBlockEntity(Lnet/minecraft/block/entity/BlockEntity;Lorg/spongepowered/asm/mixin/injection/callback/CallbackInfo;Lnet/minecraft/util/math/BlockPos;Lnet/minecraft/block/entity/BlockEntity;)V won't be passed a CallbackInfo as a result
[22:22:19] [main/DEBUG] (FabricLoader/Mixin) fabric-lifecycle-events-v1.client.mixins.json:WorldChunkMixin from mod fabric-lifecycle-events-v1->@Inject::onRemoveBlockEntity(Lnet/minecraft/block/entity/BlockEntity;Lorg/spongepowered/asm/mixin/injection/callback/CallbackInfo;Lnet/minecraft/util/math/BlockPos;Lnet/minecraft/block/entity/BlockEntity;)V doesn't use it's CallbackInfo
[22:22:19] [main/DEBUG] (FabricLoader/Mixin) fabric-lifecycle-events-v1.client.mixins.json:WorldChunkMixin from mod fabric-lifecycle-events-v1->@Inject::onRemoveBlockEntity(Lnet/minecraft/block/entity/BlockEntity;Lorg/spongepowered/asm/mixin/injection/callback/CallbackInfo;Lnet/minecraft/util/math/BlockPos;Lnet/minecraft/block/entity/BlockEntity;)V has 0 override(s) in child classes
[22:22:19] [main/DEBUG] (FabricLoader/Mixin) fabric-lifecycle-events-v1.client.mixins.json:WorldChunkMixin from mod fabric-lifecycle-events-v1->@Inject::onRemoveBlockEntity(Lnet/minecraft/block/entity/BlockEntity;Lorg/spongepowered/asm/mixin/injection/callback/CallbackInfo;Lnet/minecraft/util/math/BlockPos;Lnet/minecraft/block/entity/BlockEntity;)V won't be passed a CallbackInfo as a result
[22:22:19] [main/DEBUG] (FabricLoader/Mixin) fabric-lifecycle-events-v1.client.mixins.json:WorldChunkMixin from mod fabric-lifecycle-events-v1->@Inject::onRemoveBlockEntity(Lnet/minecraft/util/math/BlockPos;Lorg/spongepowered/asm/mixin/injection/callback/CallbackInfo;Lnet/minecraft/block/entity/BlockEntity;)V doesn't use it's CallbackInfo
[22:22:19] [main/DEBUG] (FabricLoader/Mixin) fabric-lifecycle-events-v1.client.mixins.json:WorldChunkMixin from mod fabric-lifecycle-events-v1->@Inject::onRemoveBlockEntity(Lnet/minecraft/util/math/BlockPos;Lorg/spongepowered/asm/mixin/injection/callback/CallbackInfo;Lnet/minecraft/block/entity/BlockEntity;)V has 0 override(s) in child classes
[22:22:19] [main/DEBUG] (FabricLoader/Mixin) fabric-lifecycle-events-v1.client.mixins.json:WorldChunkMixin from mod fabric-lifecycle-events-v1->@Inject::onRemoveBlockEntity(Lnet/minecraft/util/math/BlockPos;Lorg/spongepowered/asm/mixin/injection/callback/CallbackInfo;Lnet/minecraft/block/entity/BlockEntity;)V won't be passed a CallbackInfo as a result
[22:22:19] [main/DEBUG] (FabricLoader/Mixin) fabric-data-attachment-api-v1.mixins.json:WorldChunkMixin from mod fabric-data-attachment-api-v1->@Inject::transferProtoChunkAttachement(Lnet/minecraft/server/world/ServerWorld;Lnet/minecraft/world/chunk/ProtoChunk;Lnet/minecraft/world/chunk/WorldChunk$EntityLoader;Lorg/spongepowered/asm/mixin/injection/callback/CallbackInfo;)V doesn't use it's CallbackInfo
[22:22:19] [main/DEBUG] (FabricLoader/Mixin) fabric-data-attachment-api-v1.mixins.json:WorldChunkMixin from mod fabric-data-attachment-api-v1->@Inject::transferProtoChunkAttachement(Lnet/minecraft/server/world/ServerWorld;Lnet/minecraft/world/chunk/ProtoChunk;Lnet/minecraft/world/chunk/WorldChunk$EntityLoader;Lorg/spongepowered/asm/mixin/injection/callback/CallbackInfo;)V has 0 override(s) in child classes
[22:22:19] [main/DEBUG] (FabricLoader/Mixin) fabric-data-attachment-api-v1.mixins.json:WorldChunkMixin from mod fabric-data-attachment-api-v1->@Inject::transferProtoChunkAttachement(Lnet/minecraft/server/world/ServerWorld;Lnet/minecraft/world/chunk/ProtoChunk;Lnet/minecraft/world/chunk/WorldChunk$EntityLoader;Lorg/spongepowered/asm/mixin/injection/callback/CallbackInfo;)V won't be passed a CallbackInfo as a result
[22:22:19] [main/DEBUG] (FabricLoader/Mixin) Mixing VillagerEntityAccessor from fabric-content-registries-v0.mixins.json into net.minecraft.entity.passive.VillagerEntity
[22:22:19] [main/DEBUG] (FabricLoader/Mixin) fabric-content-registries-v0.mixins.json:VillagerEntityAccessor from mod fabric-content-registries-v0: Class version 61 required is higher than the class version supported by the current version of Mixin (JAVA_16 supports class version 60)
[22:22:19] [main/DEBUG] (FabricLoader/Mixin) Renaming @Accessor method fabric_setItemFoodValues(Ljava/util/Map;)V to fabric_setItemFoodValues$fabric-content-registries-v0_$md$84916f$0 in fabric-content-registries-v0.mixins.json:VillagerEntityAccessor from mod fabric-content-registries-v0
[22:22:19] [main/DEBUG] (FabricLoader/Mixin) Renaming @Accessor method fabric_setGatherableItems(Ljava/util/Set;)V to fabric_setGatherableItems$fabric-content-registries-v0_$md$84916f$1 in fabric-content-registries-v0.mixins.json:VillagerEntityAccessor from mod fabric-content-registries-v0
[22:22:19] [main/DEBUG] (FabricLoader/Mixin) Renaming @Accessor method fabric_getGatherableItems()Ljava/util/Set; to fabric_getGatherableItems$fabric-content-registries-v0_$md$84916f$2 in fabric-content-registries-v0.mixins.json:VillagerEntityAccessor from mod fabric-content-registries-v0
[22:22:19] [main/DEBUG] (FabricLoader/Mixin) Mixing VillagerEntityMixin from fabric-entity-events-v1.mixins.json into net.minecraft.entity.passive.VillagerEntity
[22:22:19] [main/DEBUG] (FabricLoader/Mixin) fabric-entity-events-v1.mixins.json:VillagerEntityMixin from mod fabric-entity-events-v1: Class version 61 required is higher than the class version supported by the current version of Mixin (JAVA_16 supports class version 60)
[22:22:19] [main/DEBUG] (FabricLoader/Mixin) Mixing ingredient.IngredientMixin from fabric-recipe-api-v1.mixins.json into net.minecraft.recipe.Ingredient
[22:22:19] [main/DEBUG] (FabricLoader/Mixin) fabric-recipe-api-v1.mixins.json:ingredient.IngredientMixin from mod fabric-recipe-api-v1->@Inject::injectFromJson(Lcom/google/gson/JsonElement;ZLorg/spongepowered/asm/mixin/injection/callback/CallbackInfoReturnable;)V does use it's CallbackInfoReturnable
[22:22:19] [main/DEBUG] (FabricLoader/Mixin) fabric-recipe-api-v1.mixins.json:ingredient.IngredientMixin from mod fabric-recipe-api-v1->@Inject::injectEntryFromJson(Lcom/google/gson/JsonObject;Lorg/spongepowered/asm/mixin/injection/callback/CallbackInfoReturnable;)V doesn't use it's CallbackInfoReturnable
[22:22:19] [main/DEBUG] (FabricLoader/Mixin) fabric-recipe-api-v1.mixins.json:ingredient.IngredientMixin from mod fabric-recipe-api-v1->@Inject::injectFromPacket(Lnet/minecraft/network/PacketByteBuf;Lorg/spongepowered/asm/mixin/injection/callback/CallbackInfoReturnable;)V does use it's CallbackInfoReturnable
[22:22:19] [main/DEBUG] (FabricLoader/Mixin) Mixing ServerPlayNetworkHandlerMixin from fabric-networking-api-v1.mixins.json into net.minecraft.server.network.ServerPlayNetworkHandler
[22:22:19] [main/DEBUG] (FabricLoader/Mixin) fabric-networking-api-v1.mixins.json:ServerPlayNetworkHandlerMixin from mod fabric-networking-api-v1: Class version 61 required is higher than the class version supported by the current version of Mixin (JAVA_16 supports class version 60)
[22:22:19] [main/DEBUG] (FabricLoader/Mixin) Mixing accessor.ServerPlayNetworkHandlerAccessor from fabric-networking-api-v1.mixins.json into net.minecraft.server.network.ServerPlayNetworkHandler
[22:22:19] [main/DEBUG] (FabricLoader/Mixin) fabric-networking-api-v1.mixins.json:accessor.ServerPlayNetworkHandlerAccessor from mod fabric-networking-api-v1: Class version 61 required is higher than the class version supported by the current version of Mixin (JAVA_16 supports class version 60)
[22:22:19] [main/DEBUG] (FabricLoader/Mixin) Mixing MixinServerPlayNetworkHandler from mixins.litematica.json into net.minecraft.server.network.ServerPlayNetworkHandler
[22:22:19] [main/DEBUG] (FabricLoader/Mixin) fabric-networking-api-v1.mixins.json:ServerPlayNetworkHandlerMixin from mod fabric-networking-api-v1->@Inject::initAddon(Lorg/spongepowered/asm/mixin/injection/callback/CallbackInfo;)V doesn't use it's CallbackInfo
[22:22:19] [main/DEBUG] (FabricLoader/Mixin) fabric-networking-api-v1.mixins.json:ServerPlayNetworkHandlerMixin from mod fabric-networking-api-v1->@Inject::initAddon(Lorg/spongepowered/asm/mixin/injection/callback/CallbackInfo;)V has 0 override(s) in child classes
[22:22:19] [main/DEBUG] (FabricLoader/Mixin) fabric-networking-api-v1.mixins.json:ServerPlayNetworkHandlerMixin from mod fabric-networking-api-v1->@Inject::initAddon(Lorg/spongepowered/asm/mixin/injection/callback/CallbackInfo;)V won't be passed a CallbackInfo as a result
[22:22:19] [main/DEBUG] (FabricLoader/Mixin) fabric-networking-api-v1.mixins.json:ServerPlayNetworkHandlerMixin from mod fabric-networking-api-v1->@Inject::handleCustomPayloadReceivedAsync(Lnet/minecraft/network/packet/c2s/play/CustomPayloadC2SPacket;Lorg/spongepowered/asm/mixin/injection/callback/CallbackInfo;)V does use it's CallbackInfo
[22:22:19] [main/DEBUG] (FabricLoader/Mixin) fabric-networking-api-v1.mixins.json:ServerPlayNetworkHandlerMixin from mod fabric-networking-api-v1->@Inject::handleDisconnection(Lnet/minecraft/text/Text;Lorg/spongepowered/asm/mixin/injection/callback/CallbackInfo;)V doesn't use it's CallbackInfo
[22:22:19] [main/DEBUG] (FabricLoader/Mixin) fabric-networking-api-v1.mixins.json:ServerPlayNetworkHandlerMixin from mod fabric-networking-api-v1->@Inject::handleDisconnection(Lnet/minecraft/text/Text;Lorg/spongepowered/asm/mixin/injection/callback/CallbackInfo;)V has 0 override(s) in child classes
[22:22:19] [main/DEBUG] (FabricLoader/Mixin) fabric-networking-api-v1.mixins.json:ServerPlayNetworkHandlerMixin from mod fabric-networking-api-v1->@Inject::handleDisconnection(Lnet/minecraft/text/Text;Lorg/spongepowered/asm/mixin/injection/callback/CallbackInfo;)V won't be passed a CallbackInfo as a result
[22:22:19] [main/DEBUG] (FabricLoader/Mixin) Mixing BrewingRecipeRegistryAccessor from lazymaterialgathering.mixins.json into net.minecraft.recipe.BrewingRecipeRegistry
[22:22:19] [main/DEBUG] (FabricLoader/Mixin) Renaming @Accessor method getPotionRecipes()Ljava/util/List; to getPotionRecipes$lazymaterialgathering_$md$84916f$0 in lazymaterialgathering.mixins.json:BrewingRecipeRegistryAccessor from mod lazymaterialgathering
[22:22:19] [main/DEBUG] (FabricLoader/Mixin) Renaming @Accessor method getItemRecipes()Ljava/util/List; to getItemRecipes$lazymaterialgathering_$md$84916f$1 in lazymaterialgathering.mixins.json:BrewingRecipeRegistryAccessor from mod lazymaterialgathering
[22:22:19] [main/DEBUG] (FabricLoader/Mixin) Mixing BrewingRecipeAccessor from lazymaterialgathering.mixins.json into net.minecraft.recipe.BrewingRecipeRegistry$Recipe
[22:22:19] [main/DEBUG] (FabricLoader/Mixin) Mixing EntitySelectorOptionsAccessor from fabric-command-api-v2.mixins.json into net.minecraft.command.EntitySelectorOptions
[22:22:19] [main/DEBUG] (FabricLoader/Mixin) fabric-command-api-v2.mixins.json:EntitySelectorOptionsAccessor from mod fabric-command-api-v2: Class version 61 required is higher than the class version supported by the current version of Mixin (JAVA_16 supports class version 60)
[22:22:19] [main/DEBUG] (FabricLoader/Mixin) Renaming @Invoker method callPutOption(Ljava/lang/String;Lnet/minecraft/command/EntitySelectorOptions$SelectorHandler;Ljava/util/function/Predicate;Lnet/minecraft/text/Text;)V to callPutOption$fabric-command-api-v2_$md$84916f$0 in fabric-command-api-v2.mixins.json:EntitySelectorOptionsAccessor from mod fabric-command-api-v2
[22:22:19] [main/DEBUG] (FabricLoader/Mixin) Mixing EntitySelectorReaderMixin from fabric-command-api-v2.mixins.json into net.minecraft.command.EntitySelectorReader
[22:22:19] [main/DEBUG] (FabricLoader/Mixin) fabric-command-api-v2.mixins.json:EntitySelectorReaderMixin from mod fabric-command-api-v2: Class version 61 required is higher than the class version supported by the current version of Mixin (JAVA_16 supports class version 60)
[22:22:20] [main/DEBUG] (FabricLoader/Mixin) Generating mapped inner class net/minecraft/block/entity/ChiseledBookshelfBlockEntity$Anonymous$a08ab8b2fc87350bbf669dbd469efcde (originally net/fabricmc/fabric/mixin/transfer/ChiseledBookshelfBlockEntityMixin$1)
[22:22:20] [main/DEBUG] (FabricLoader/Mixin) Mixing StructureTemplateManagerMixin from fabric-gametest-api-v1.mixins.json into net.minecraft.structure.StructureTemplateManager
[22:22:20] [main/DEBUG] (FabricLoader/Mixin) fabric-gametest-api-v1.mixins.json:StructureTemplateManagerMixin from mod fabric-gametest-api-v1: Class version 61 required is higher than the class version supported by the current version of Mixin (JAVA_16 supports class version 60)
[22:22:20] [main/DEBUG] (FabricLoader/Mixin) fabric-gametest-api-v1.mixins.json:StructureTemplateManagerMixin from mod fabric-gametest-api-v1->@Inject::addFabricTemplateProvider(Lnet/minecraft/resource/ResourceManager;Lnet/minecraft/world/level/storage/LevelStorage$Session;Lcom/mojang/datafixers/DataFixer;Lnet/minecraft/registry/RegistryEntryLookup;Lorg/spongepowered/asm/mixin/injection/callback/CallbackInfo;Lcom/google/common/collect/ImmutableList$Builder;)V doesn't use it's CallbackInfo
[22:22:20] [main/DEBUG] (FabricLoader/Mixin) fabric-gametest-api-v1.mixins.json:StructureTemplateManagerMixin from mod fabric-gametest-api-v1->@Inject::addFabricTemplateProvider(Lnet/minecraft/resource/ResourceManager;Lnet/minecraft/world/level/storage/LevelStorage$Session;Lcom/mojang/datafixers/DataFixer;Lnet/minecraft/registry/RegistryEntryLookup;Lorg/spongepowered/asm/mixin/injection/callback/CallbackInfo;Lcom/google/common/collect/ImmutableList$Builder;)V has 0 override(s) in child classes
[22:22:20] [main/DEBUG] (FabricLoader/Mixin) fabric-gametest-api-v1.mixins.json:StructureTemplateManagerMixin from mod fabric-gametest-api-v1->@Inject::addFabricTemplateProvider(Lnet/minecraft/resource/ResourceManager;Lnet/minecraft/world/level/storage/LevelStorage$Session;Lcom/mojang/datafixers/DataFixer;Lnet/minecraft/registry/RegistryEntryLookup;Lorg/spongepowered/asm/mixin/injection/callback/CallbackInfo;Lcom/google/common/collect/ImmutableList$Builder;)V won't be passed a CallbackInfo as a result
[22:22:20] [main/DEBUG] (FabricLoader/Mixin) Mixing SimpleInventoryMixin from fabric-transfer-api-v1.mixins.json into net.minecraft.inventory.SimpleInventory
[22:22:20] [main/DEBUG] (FabricLoader/Mixin) fabric-transfer-api-v1.mixins.json:SimpleInventoryMixin from mod fabric-transfer-api-v1: Class version 61 required is higher than the class version supported by the current version of Mixin (JAVA_16 supports class version 60)
[22:22:20] [main/DEBUG] (FabricLoader/Mixin) Mixing RecipeMixin from fabric-item-api-v1.mixins.json into net.minecraft.recipe.Recipe
[22:22:20] [main/DEBUG] (FabricLoader/Mixin) fabric-item-api-v1.mixins.json:RecipeMixin from mod fabric-item-api-v1: Class version 61 required is higher than the class version supported by the current version of Mixin (JAVA_16 supports class version 60)
[22:22:20] [main/DEBUG] (FabricLoader/Mixin) fabric-item-api-v1.mixins.json:RecipeMixin from mod fabric-item-api-v1->@Inject::captureStack(Lnet/minecraft/inventory/Inventory;Lorg/spongepowered/asm/mixin/injection/callback/CallbackInfoReturnable;Lnet/minecraft/util/collection/DefaultedList;I)V doesn't use it's CallbackInfoReturnable
[22:22:20] [main/DEBUG] (FabricLoader/Mixin) fabric-item-api-v1.mixins.json:RecipeMixin from mod fabric-item-api-v1->@Inject::captureStack(Lnet/minecraft/inventory/Inventory;Lorg/spongepowered/asm/mixin/injection/callback/CallbackInfoReturnable;Lnet/minecraft/util/collection/DefaultedList;I)V has 0 override(s) in child classes
[22:22:20] [main/DEBUG] (FabricLoader/Mixin) fabric-item-api-v1.mixins.json:RecipeMixin from mod fabric-item-api-v1->@Inject::captureStack(Lnet/minecraft/inventory/Inventory;Lorg/spongepowered/asm/mixin/injection/callback/CallbackInfoReturnable;Lnet/minecraft/util/collection/DefaultedList;I)V won't be passed a CallbackInfoReturnable as a result
[22:22:20] [main/DEBUG] (FabricLoader/Mixin) Mixing RegistryCodecsMixin from fabric-dimensions-v1.mixins.json into net.minecraft.registry.RegistryCodecs
[22:22:20] [main/DEBUG] (FabricLoader/Mixin) fabric-dimensions-v1.mixins.json:RegistryCodecsMixin from mod fabric-dimensions-v1: Class version 61 required is higher than the class version supported by the current version of Mixin (JAVA_16 supports class version 60)
[22:22:20] [main/DEBUG] (FabricLoader/Mixin) Mixing BiomeSourceMixin from fabric-biome-api-v1.mixins.json into net.minecraft.world.biome.source.BiomeSource
[22:22:20] [main/DEBUG] (FabricLoader/Mixin) fabric-biome-api-v1.mixins.json:BiomeSourceMixin from mod fabric-biome-api-v1: Class version 61 required is higher than the class version supported by the current version of Mixin (JAVA_16 supports class version 60)
[22:22:20] [main/DEBUG] (FabricLoader/Mixin) Mixing MultiNoiseBiomeSourceMixin from fabric-biome-api-v1.mixins.json into net.minecraft.world.biome.source.MultiNoiseBiomeSource
[22:22:20] [main/DEBUG] (FabricLoader/Mixin) fabric-biome-api-v1.mixins.json:MultiNoiseBiomeSourceMixin from mod fabric-biome-api-v1: Class version 61 required is higher than the class version supported by the current version of Mixin (JAVA_16 supports class version 60)
[22:22:20] [main/DEBUG] (FabricLoader/Mixin) Mixing NetherBiomePresetMixin from fabric-biome-api-v1.mixins.json into net.minecraft.world.biome.source.MultiNoiseBiomeSourceParameterList$Preset$1
[22:22:20] [main/DEBUG] (FabricLoader/Mixin) fabric-biome-api-v1.mixins.json:NetherBiomePresetMixin from mod fabric-biome-api-v1: Class version 61 required is higher than the class version supported by the current version of Mixin (JAVA_16 supports class version 60)
[22:22:20] [main/DEBUG] (FabricLoader/Mixin) fabric-biome-api-v1.mixins.json:NetherBiomePresetMixin from mod fabric-biome-api-v1->@Inject::apply(Ljava/util/function/Function;Lorg/spongepowered/asm/mixin/injection/callback/CallbackInfoReturnable;)V does use it's CallbackInfoReturnable
[22:22:20] [main/DEBUG] (FabricLoader/Mixin) Mixing TheEndBiomeSourceMixin from fabric-biome-api-v1.mixins.json into net.minecraft.world.biome.source.TheEndBiomeSource
[22:22:20] [main/DEBUG] (FabricLoader/Mixin) fabric-biome-api-v1.mixins.json:TheEndBiomeSourceMixin from mod fabric-biome-api-v1: Class version 61 required is higher than the class version supported by the current version of Mixin (JAVA_16 supports class version 60)
[22:22:20] [main/DEBUG] (FabricLoader/Mixin) Renaming synthetic method lambda$init$1(Lnet/minecraft/registry/RegistryEntryLookup;)Lnet/fabricmc/fabric/impl/biome/TheEndBiomeData$Overrides; to md84916f$fabric-biome-api-v1$lambda$init$1$0 in fabric-biome-api-v1.mixins.json:TheEndBiomeSourceMixin from mod fabric-biome-api-v1
[22:22:20] [main/DEBUG] (FabricLoader/Mixin) Renaming synthetic method lambda$modifyCodec$0(Lcom/mojang/serialization/codecs/RecordCodecBuilder$Instance;)Lcom/mojang/datafixers/kinds/App; to md84916f$fabric-biome-api-v1$lambda$modifyCodec$0$1 in fabric-biome-api-v1.mixins.json:TheEndBiomeSourceMixin from mod fabric-biome-api-v1
[22:22:20] [main/DEBUG] (FabricLoader/Mixin) fabric-biome-api-v1.mixins.json:TheEndBiomeSourceMixin from mod fabric-biome-api-v1->@Inject::modifyCodec(Lorg/spongepowered/asm/mixin/injection/callback/CallbackInfo;)V doesn't use it's CallbackInfo
[22:22:20] [main/DEBUG] (FabricLoader/Mixin) fabric-biome-api-v1.mixins.json:TheEndBiomeSourceMixin from mod fabric-biome-api-v1->@Inject::rememberLookup(Lnet/minecraft/registry/RegistryEntryLookup;Lorg/spongepowered/asm/mixin/injection/callback/CallbackInfoReturnable;)V doesn't use it's CallbackInfoReturnable
[22:22:20] [main/DEBUG] (FabricLoader/Mixin) fabric-biome-api-v1.mixins.json:TheEndBiomeSourceMixin from mod fabric-biome-api-v1->@Inject::clearLookup(Lnet/minecraft/registry/RegistryEntryLookup;Lorg/spongepowered/asm/mixin/injection/callback/CallbackInfoReturnable;)V doesn't use it's CallbackInfoReturnable
[22:22:20] [main/DEBUG] (FabricLoader/Mixin) fabric-biome-api-v1.mixins.json:TheEndBiomeSourceMixin from mod fabric-biome-api-v1->@Inject::init(Lnet/minecraft/registry/entry/RegistryEntry;Lnet/minecraft/registry/entry/RegistryEntry;Lnet/minecraft/registry/entry/RegistryEntry;Lnet/minecraft/registry/entry/RegistryEntry;Lnet/minecraft/registry/entry/RegistryEntry;Lorg/spongepowered/asm/mixin/injection/callback/CallbackInfo;)V doesn't use it's CallbackInfo
[22:22:20] [main/DEBUG] (FabricLoader/Mixin) fabric-biome-api-v1.mixins.json:TheEndBiomeSourceMixin from mod fabric-biome-api-v1->@Inject::init(Lnet/minecraft/registry/entry/RegistryEntry;Lnet/minecraft/registry/entry/RegistryEntry;Lnet/minecraft/registry/entry/RegistryEntry;Lnet/minecraft/registry/entry/RegistryEntry;Lnet/minecraft/registry/entry/RegistryEntry;Lorg/spongepowered/asm/mixin/injection/callback/CallbackInfo;)V has 0 override(s) in child classes
[22:22:20] [main/DEBUG] (FabricLoader/Mixin) fabric-biome-api-v1.mixins.json:TheEndBiomeSourceMixin from mod fabric-biome-api-v1->@Inject::init(Lnet/minecraft/registry/entry/RegistryEntry;Lnet/minecraft/registry/entry/RegistryEntry;Lnet/minecraft/registry/entry/RegistryEntry;Lnet/minecraft/registry/entry/RegistryEntry;Lnet/minecraft/registry/entry/RegistryEntry;Lorg/spongepowered/asm/mixin/injection/callback/CallbackInfo;)V won't be passed a CallbackInfo as a result
[22:22:20] [main/DEBUG] (FabricLoader/Mixin) fabric-biome-api-v1.mixins.json:TheEndBiomeSourceMixin from mod fabric-biome-api-v1->@Inject::getWeightedEndBiome(IIILnet/minecraft/world/biome/source/util/MultiNoiseUtil$MultiNoiseSampler;Lorg/spongepowered/asm/mixin/injection/callback/CallbackInfoReturnable;)V does use it's CallbackInfoReturnable
[22:22:20] [main/DEBUG] (FabricLoader/Mixin) fabric-biome-api-v1.mixins.json:TheEndBiomeSourceMixin from mod fabric-biome-api-v1->@Inject::getWeightedEndBiome(IIILnet/minecraft/world/biome/source/util/MultiNoiseUtil$MultiNoiseSampler;Lorg/spongepowered/asm/mixin/injection/callback/CallbackInfoReturnable;)V does use it's CallbackInfoReturnable
[22:22:20] [main/DEBUG] (FabricLoader/Mixin) fabric-biome-api-v1.mixins.json:TheEndBiomeSourceMixin from mod fabric-biome-api-v1->@Inject::getWeightedEndBiome(IIILnet/minecraft/world/biome/source/util/MultiNoiseUtil$MultiNoiseSampler;Lorg/spongepowered/asm/mixin/injection/callback/CallbackInfoReturnable;)V does use it's CallbackInfoReturnable
[22:22:20] [main/DEBUG] (FabricLoader/Mixin) fabric-biome-api-v1.mixins.json:TheEndBiomeSourceMixin from mod fabric-biome-api-v1->@Inject::getWeightedEndBiome(IIILnet/minecraft/world/biome/source/util/MultiNoiseUtil$MultiNoiseSampler;Lorg/spongepowered/asm/mixin/injection/callback/CallbackInfoReturnable;)V does use it's CallbackInfoReturnable
[22:22:20] [main/DEBUG] (FabricLoader/Mixin) fabric-biome-api-v1.mixins.json:TheEndBiomeSourceMixin from mod fabric-biome-api-v1->@Inject::getWeightedEndBiome(IIILnet/minecraft/world/biome/source/util/MultiNoiseUtil$MultiNoiseSampler;Lorg/spongepowered/asm/mixin/injection/callback/CallbackInfoReturnable;)V does use it's CallbackInfoReturnable
[22:22:20] [main/DEBUG] (FabricLoader/Mixin) Mixing DebugChunkGeneratorAccessor from fabric-registry-sync-v0.mixins.json into net.minecraft.world.gen.chunk.DebugChunkGenerator
[22:22:20] [main/DEBUG] (FabricLoader/Mixin) fabric-registry-sync-v0.mixins.json:DebugChunkGeneratorAccessor from mod fabric-registry-sync-v0: Class version 61 required is higher than the class version supported by the current version of Mixin (JAVA_16 supports class version 60)
[22:22:20] [main/DEBUG] (FabricLoader/Mixin) Renaming @Accessor method setBLOCK_STATES(Ljava/util/List;)V to setBLOCK_STATES$fabric-registry-sync-v0_$md$84916f$0 in fabric-registry-sync-v0.mixins.json:DebugChunkGeneratorAccessor from mod fabric-registry-sync-v0
[22:22:20] [main/DEBUG] (FabricLoader/Mixin) Renaming @Accessor method setX_SIDE_LENGTH(I)V to setX_SIDE_LENGTH$fabric-registry-sync-v0_$md$84916f$1 in fabric-registry-sync-v0.mixins.json:DebugChunkGeneratorAccessor from mod fabric-registry-sync-v0
[22:22:20] [main/DEBUG] (FabricLoader/Mixin) Renaming @Accessor method setZ_SIDE_LENGTH(I)V to setZ_SIDE_LENGTH$fabric-registry-sync-v0_$md$84916f$2 in fabric-registry-sync-v0.mixins.json:DebugChunkGeneratorAccessor from mod fabric-registry-sync-v0
[22:22:20] [main/DEBUG] (FabricLoader/Mixin) Generating mapped inner class net/minecraft/item/ItemGroups$1ItemGroupPosition$226c57ef75f733cf86d0df2b43c33e70 (originally net/fabricmc/fabric/mixin/itemgroup/ItemGroupsMixin$1ItemGroupPosition)
[22:22:20] [main/DEBUG] (FabricLoader/Mixin) Mixing DefaultAttributeRegistryAccessor from fabric-object-builder-v1.mixins.json into net.minecraft.entity.attribute.DefaultAttributeRegistry
[22:22:20] [main/DEBUG] (FabricLoader/Mixin) fabric-object-builder-v1.mixins.json:DefaultAttributeRegistryAccessor from mod fabric-object-builder-api-v1: Class version 61 required is higher than the class version supported by the current version of Mixin (JAVA_16 supports class version 60)
[22:22:20] [main/DEBUG] (FabricLoader/Mixin) Renaming @Accessor method getRegistry()Ljava/util/Map; to getRegistry$fabric-object-builder-api-v1_$md$84916f$0 in fabric-object-builder-v1.mixins.json:DefaultAttributeRegistryAccessor from mod fabric-object-builder-api-v1
[22:22:20] [main/DEBUG] (FabricLoader/Mixin) Mixing DefaultAttributeRegistryMixin from fabric-object-builder-v1.mixins.json into net.minecraft.entity.attribute.DefaultAttributeRegistry
[22:22:20] [main/DEBUG] (FabricLoader/Mixin) fabric-object-builder-v1.mixins.json:DefaultAttributeRegistryMixin from mod fabric-object-builder-api-v1: Class version 61 required is higher than the class version supported by the current version of Mixin (JAVA_16 supports class version 60)
[22:22:20] [main/DEBUG] (FabricLoader/Mixin) fabric-object-builder-v1.mixins.json:DefaultAttributeRegistryMixin from mod fabric-object-builder-api-v1->@Inject::injectAttributes(Lorg/spongepowered/asm/mixin/injection/callback/CallbackInfo;)V doesn't use it's CallbackInfo
[22:22:21] [Render thread/INFO] (net.minecraft.util.logging.LoggerPrintStream) [STDERR]: [LWJGL] [ThreadLocalUtil] Unsupported JNI version detected, this may result in a crash. Please inform LWJGL developers.
[22:22:21] [Render thread/DEBUG] (FabricLoader/Mixin) Mixing MinecraftClientMixin from fabric-lifecycle-events-v1.client.mixins.json into net.minecraft.client.MinecraftClient
[22:22:21] [Render thread/DEBUG] (FabricLoader/Mixin) fabric-lifecycle-events-v1.client.mixins.json:MinecraftClientMixin from mod fabric-lifecycle-events-v1: Class version 61 required is higher than the class version supported by the current version of Mixin (JAVA_16 supports class version 60)
[22:22:21] [Render thread/DEBUG] (FabricLoader/Mixin) Mixing MixinMinecraft from mixins.baritone.json into net.minecraft.client.MinecraftClient
[22:22:21] [Render thread/DEBUG] (FabricLoader/Mixin) Mixing MinecraftClientMixin from fabric-data-generation-api-v1.client.mixins.json into net.minecraft.client.MinecraftClient
[22:22:21] [Render thread/DEBUG] (FabricLoader/Mixin) fabric-data-generation-api-v1.client.mixins.json:MinecraftClientMixin from mod fabric-data-generation-api-v1: Class version 61 required is higher than the class version supported by the current version of Mixin (JAVA_16 supports class version 60)
[22:22:21] [Render thread/DEBUG] (FabricLoader/Mixin) Mixing MinecraftClientMixin from fabric-events-interaction-v0.client.mixins.json into net.minecraft.client.MinecraftClient
[22:22:21] [Render thread/DEBUG] (FabricLoader/Mixin) fabric-events-interaction-v0.client.mixins.json:MinecraftClientMixin from mod fabric-events-interaction-v0: Class version 61 required is higher than the class version supported by the current version of Mixin (JAVA_16 supports class version 60)
[22:22:21] [Render thread/DEBUG] (FabricLoader/Mixin) Mixing MixinMinecraftClient from mixins.malilib.json into net.minecraft.client.MinecraftClient
[22:22:21] [Render thread/DEBUG] (FabricLoader/Mixin) Mixing accessor.MinecraftClientAccessor from fabric-networking-api-v1.client.mixins.json into net.minecraft.client.MinecraftClient
[22:22:21] [Render thread/DEBUG] (FabricLoader/Mixin) fabric-networking-api-v1.client.mixins.json:accessor.MinecraftClientAccessor from mod fabric-networking-api-v1: Class version 61 required is higher than the class version supported by the current version of Mixin (JAVA_16 supports class version 60)
[22:22:21] [Render thread/DEBUG] (FabricLoader/Mixin) Mixing MinecraftClientMixin from fabric-screen-api-v1.mixins.json into net.minecraft.client.MinecraftClient
[22:22:21] [Render thread/DEBUG] (FabricLoader/Mixin) fabric-screen-api-v1.mixins.json:MinecraftClientMixin from mod fabric-screen-api-v1: Class version 61 required is higher than the class version supported by the current version of Mixin (JAVA_16 supports class version 60)
[22:22:21] [Render thread/DEBUG] (FabricLoader/Mixin) Renaming @Unique field LOGGERLorg/slf4j/Logger; to fd84916f$fabric-screen-api-v1$LOGGER$0 in fabric-screen-api-v1.mixins.json:MinecraftClientMixin from mod fabric-screen-api-v1
[22:22:21] [Render thread/DEBUG] (FabricLoader/Mixin) Mixing MinecraftClientMixin from fabric-registry-sync-v0.client.mixins.json into net.minecraft.client.MinecraftClient
[22:22:21] [Render thread/DEBUG] (FabricLoader/Mixin) fabric-registry-sync-v0.client.mixins.json:MinecraftClientMixin from mod fabric-registry-sync-v0: Class version 61 required is higher than the class version supported by the current version of Mixin (JAVA_16 supports class version 60)
[22:22:21] [Render thread/DEBUG] (FabricLoader/Mixin) Mixing MixinMinecraftClient from mixins.litematica.json into net.minecraft.client.MinecraftClient
[22:22:21] [Render thread/DEBUG] (FabricLoader/Mixin) fabric-lifecycle-events-v1.client.mixins.json:MinecraftClientMixin from mod fabric-lifecycle-events-v1->@Inject::onStartTick(Lorg/spongepowered/asm/mixin/injection/callback/CallbackInfo;)V doesn't use it's CallbackInfo
[22:22:21] [Render thread/DEBUG] (FabricLoader/Mixin) fabric-lifecycle-events-v1.client.mixins.json:MinecraftClientMixin from mod fabric-lifecycle-events-v1->@Inject::onStartTick(Lorg/spongepowered/asm/mixin/injection/callback/CallbackInfo;)V has 0 override(s) in child classes
[22:22:21] [Render thread/DEBUG] (FabricLoader/Mixin) fabric-lifecycle-events-v1.client.mixins.json:MinecraftClientMixin from mod fabric-lifecycle-events-v1->@Inject::onStartTick(Lorg/spongepowered/asm/mixin/injection/callback/CallbackInfo;)V won't be passed a CallbackInfo as a result
[22:22:21] [Render thread/DEBUG] (FabricLoader/Mixin) fabric-lifecycle-events-v1.client.mixins.json:MinecraftClientMixin from mod fabric-lifecycle-events-v1->@Inject::onEndTick(Lorg/spongepowered/asm/mixin/injection/callback/CallbackInfo;)V doesn't use it's CallbackInfo
[22:22:21] [Render thread/DEBUG] (FabricLoader/Mixin) fabric-lifecycle-events-v1.client.mixins.json:MinecraftClientMixin from mod fabric-lifecycle-events-v1->@Inject::onEndTick(Lorg/spongepowered/asm/mixin/injection/callback/CallbackInfo;)V has 0 override(s) in child classes
[22:22:21] [Render thread/DEBUG] (FabricLoader/Mixin) fabric-lifecycle-events-v1.client.mixins.json:MinecraftClientMixin from mod fabric-lifecycle-events-v1->@Inject::onEndTick(Lorg/spongepowered/asm/mixin/injection/callback/CallbackInfo;)V won't be passed a CallbackInfo as a result
[22:22:21] [Render thread/DEBUG] (FabricLoader/Mixin) fabric-lifecycle-events-v1.client.mixins.json:MinecraftClientMixin from mod fabric-lifecycle-events-v1->@Inject::onStopping(Lorg/spongepowered/asm/mixin/injection/callback/CallbackInfo;)V doesn't use it's CallbackInfo
[22:22:21] [Render thread/DEBUG] (FabricLoader/Mixin) fabric-lifecycle-events-v1.client.mixins.json:MinecraftClientMixin from mod fabric-lifecycle-events-v1->@Inject::onStopping(Lorg/spongepowered/asm/mixin/injection/callback/CallbackInfo;)V has 0 override(s) in child classes
[22:22:21] [Render thread/DEBUG] (FabricLoader/Mixin) fabric-lifecycle-events-v1.client.mixins.json:MinecraftClientMixin from mod fabric-lifecycle-events-v1->@Inject::onStopping(Lorg/spongepowered/asm/mixin/injection/callback/CallbackInfo;)V won't be passed a CallbackInfo as a result
[22:22:21] [Render thread/DEBUG] (FabricLoader/Mixin) fabric-lifecycle-events-v1.client.mixins.json:MinecraftClientMixin from mod fabric-lifecycle-events-v1->@Inject::onStart(Lorg/spongepowered/asm/mixin/injection/callback/CallbackInfo;)V doesn't use it's CallbackInfo
[22:22:21] [Render thread/DEBUG] (FabricLoader/Mixin) fabric-lifecycle-events-v1.client.mixins.json:MinecraftClientMixin from mod fabric-lifecycle-events-v1->@Inject::onStart(Lorg/spongepowered/asm/mixin/injection/callback/CallbackInfo;)V has 0 override(s) in child classes
[22:22:21] [Render thread/DEBUG] (FabricLoader/Mixin) fabric-lifecycle-events-v1.client.mixins.json:MinecraftClientMixin from mod fabric-lifecycle-events-v1->@Inject::onStart(Lorg/spongepowered/asm/mixin/injection/callback/CallbackInfo;)V won't be passed a CallbackInfo as a result
[22:22:21] [Render thread/DEBUG] (FabricLoader/Mixin) mixins.baritone.json:MixinMinecraft from mod baritone->@Inject::postInit(Lorg/spongepowered/asm/mixin/injection/callback/CallbackInfo;)V doesn't use it's CallbackInfo
[22:22:21] [Render thread/DEBUG] (FabricLoader/Mixin) mixins.baritone.json:MixinMinecraft from mod baritone->@Inject::postInit(Lorg/spongepowered/asm/mixin/injection/callback/CallbackInfo;)V has 0 override(s) in child classes
[22:22:21] [Render thread/DEBUG] (FabricLoader/Mixin) mixins.baritone.json:MixinMinecraft from mod baritone->@Inject::postInit(Lorg/spongepowered/asm/mixin/injection/callback/CallbackInfo;)V won't be passed a CallbackInfo as a result
[22:22:21] [Render thread/DEBUG] (FabricLoader/Mixin) mixins.baritone.json:MixinMinecraft from mod baritone->@Inject::runTick(Lorg/spongepowered/asm/mixin/injection/callback/CallbackInfo;)V does use it's CallbackInfo
[22:22:21] [Render thread/DEBUG] (FabricLoader/Mixin) mixins.baritone.json:MixinMinecraft from mod baritone->@Inject::postRunTick(Lorg/spongepowered/asm/mixin/injection/callback/CallbackInfo;)V does use it's CallbackInfo
[22:22:21] [Render thread/DEBUG] (FabricLoader/Mixin) mixins.baritone.json:MixinMinecraft from mod baritone->@Inject::postUpdateEntities(Lorg/spongepowered/asm/mixin/injection/callback/CallbackInfo;)V does use it's CallbackInfo
[22:22:21] [Render thread/DEBUG] (FabricLoader/Mixin) mixins.baritone.json:MixinMinecraft from mod baritone->@Inject::preLoadWorld(Lnet/minecraft/client/world/ClientWorld;Lorg/spongepowered/asm/mixin/injection/callback/CallbackInfo;)V doesn't use it's CallbackInfo
[22:22:21] [Render thread/DEBUG] (FabricLoader/Mixin) mixins.baritone.json:MixinMinecraft from mod baritone->@Inject::preLoadWorld(Lnet/minecraft/client/world/ClientWorld;Lorg/spongepowered/asm/mixin/injection/callback/CallbackInfo;)V has 0 override(s) in child classes
[22:22:21] [Render thread/DEBUG] (FabricLoader/Mixin) mixins.baritone.json:MixinMinecraft from mod baritone->@Inject::preLoadWorld(Lnet/minecraft/client/world/ClientWorld;Lorg/spongepowered/asm/mixin/injection/callback/CallbackInfo;)V won't be passed a CallbackInfo as a result
[22:22:21] [Render thread/DEBUG] (FabricLoader/Mixin) mixins.baritone.json:MixinMinecraft from mod baritone->@Inject::postLoadWorld(Lnet/minecraft/client/world/ClientWorld;Lorg/spongepowered/asm/mixin/injection/callback/CallbackInfo;)V doesn't use it's CallbackInfo
[22:22:21] [Render thread/DEBUG] (FabricLoader/Mixin) mixins.baritone.json:MixinMinecraft from mod baritone->@Inject::postLoadWorld(Lnet/minecraft/client/world/ClientWorld;Lorg/spongepowered/asm/mixin/injection/callback/CallbackInfo;)V has 0 override(s) in child classes
[22:22:21] [Render thread/DEBUG] (FabricLoader/Mixin) mixins.baritone.json:MixinMinecraft from mod baritone->@Inject::postLoadWorld(Lnet/minecraft/client/world/ClientWorld;Lorg/spongepowered/asm/mixin/injection/callback/CallbackInfo;)V won't be passed a CallbackInfo as a result
[22:22:21] [Render thread/DEBUG] (FabricLoader/Mixin) fabric-data-generation-api-v1.client.mixins.json:MinecraftClientMixin from mod fabric-data-generation-api-v1->@Inject::main(Lorg/spongepowered/asm/mixin/injection/callback/CallbackInfo;)V doesn't use it's CallbackInfo
[22:22:21] [Render thread/DEBUG] (FabricLoader/Mixin) fabric-data-generation-api-v1.client.mixins.json:MinecraftClientMixin from mod fabric-data-generation-api-v1->@Inject::main(Lorg/spongepowered/asm/mixin/injection/callback/CallbackInfo;)V has 0 override(s) in child classes
[22:22:21] [Render thread/DEBUG] (FabricLoader/Mixin) fabric-data-generation-api-v1.client.mixins.json:MinecraftClientMixin from mod fabric-data-generation-api-v1->@Inject::main(Lorg/spongepowered/asm/mixin/injection/callback/CallbackInfo;)V won't be passed a CallbackInfo as a result
[22:22:21] [Render thread/DEBUG] (FabricLoader/Mixin) fabric-events-interaction-v0.client.mixins.json:MinecraftClientMixin from mod fabric-events-interaction-v0->@Inject::fabric_doItemPickWrapper(Lorg/spongepowered/asm/mixin/injection/callback/CallbackInfo;)V does use it's CallbackInfo
[22:22:21] [Render thread/DEBUG] (FabricLoader/Mixin) fabric-events-interaction-v0.client.mixins.json:MinecraftClientMixin from mod fabric-events-interaction-v0->@Inject::cancelItemPick(Lorg/spongepowered/asm/mixin/injection/callback/CallbackInfo;)V does use it's CallbackInfo
[22:22:21] [Render thread/DEBUG] (FabricLoader/Mixin) fabric-events-interaction-v0.client.mixins.json:MinecraftClientMixin from mod fabric-events-interaction-v0->@Inject::injectUseEntityCallback(Lorg/spongepowered/asm/mixin/injection/callback/CallbackInfo;[Lnet/minecraft/util/Hand;IILnet/minecraft/util/Hand;Lnet/minecraft/item/ItemStack;Lnet/minecraft/util/hit/EntityHitResult;Lnet/minecraft/entity/Entity;)V does use it's CallbackInfo
[22:22:21] [Render thread/DEBUG] (FabricLoader/Mixin) fabric-events-interaction-v0.client.mixins.json:MinecraftClientMixin from mod fabric-events-interaction-v0->@Inject::injectHandleInputEventsForPreAttackCallback(Lorg/spongepowered/asm/mixin/injection/callback/CallbackInfo;)V doesn't use it's CallbackInfo
[22:22:21] [Render thread/DEBUG] (FabricLoader/Mixin) fabric-events-interaction-v0.client.mixins.json:MinecraftClientMixin from mod fabric-events-interaction-v0->@Inject::injectHandleInputEventsForPreAttackCallback(Lorg/spongepowered/asm/mixin/injection/callback/CallbackInfo;)V has 0 override(s) in child classes
[22:22:21] [Render thread/DEBUG] (FabricLoader/Mixin) fabric-events-interaction-v0.client.mixins.json:MinecraftClientMixin from mod fabric-events-interaction-v0->@Inject::injectHandleInputEventsForPreAttackCallback(Lorg/spongepowered/asm/mixin/injection/callback/CallbackInfo;)V won't be passed a CallbackInfo as a result
[22:22:21] [Render thread/DEBUG] (FabricLoader/Mixin) fabric-events-interaction-v0.client.mixins.json:MinecraftClientMixin from mod fabric-events-interaction-v0->@Inject::injectDoAttackForCancelling(Lorg/spongepowered/asm/mixin/injection/callback/CallbackInfoReturnable;)V does use it's CallbackInfoReturnable
[22:22:21] [Render thread/DEBUG] (FabricLoader/Mixin) fabric-events-interaction-v0.client.mixins.json:MinecraftClientMixin from mod fabric-events-interaction-v0->@Inject::injectHandleBlockBreakingForCancelling(ZLorg/spongepowered/asm/mixin/injection/callback/CallbackInfo;)V does use it's CallbackInfo
[22:22:21] [Render thread/DEBUG] (FabricLoader/Mixin) mixins.malilib.json:MixinMinecraftClient from mod malilib->@Inject::onInitComplete(Lnet/minecraft/client/RunArgs;Lorg/spongepowered/asm/mixin/injection/callback/CallbackInfo;)V doesn't use it's CallbackInfo
[22:22:21] [Render thread/DEBUG] (FabricLoader/Mixin) mixins.malilib.json:MixinMinecraftClient from mod malilib->@Inject::onInitComplete(Lnet/minecraft/client/RunArgs;Lorg/spongepowered/asm/mixin/injection/callback/CallbackInfo;)V has 0 override(s) in child classes
[22:22:21] [Render thread/DEBUG] (FabricLoader/Mixin) mixins.malilib.json:MixinMinecraftClient from mod malilib->@Inject::onInitComplete(Lnet/minecraft/client/RunArgs;Lorg/spongepowered/asm/mixin/injection/callback/CallbackInfo;)V won't be passed a CallbackInfo as a result
[22:22:21] [Render thread/DEBUG] (FabricLoader/Mixin) mixins.malilib.json:MixinMinecraftClient from mod malilib->@Inject::onPostKeyboardInput(Lorg/spongepowered/asm/mixin/injection/callback/CallbackInfo;)V doesn't use it's CallbackInfo
[22:22:21] [Render thread/DEBUG] (FabricLoader/Mixin) mixins.malilib.json:MixinMinecraftClient from mod malilib->@Inject::onPostKeyboardInput(Lorg/spongepowered/asm/mixin/injection/callback/CallbackInfo;)V has 0 override(s) in child classes
[22:22:21] [Render thread/DEBUG] (FabricLoader/Mixin) mixins.malilib.json:MixinMinecraftClient from mod malilib->@Inject::onPostKeyboardInput(Lorg/spongepowered/asm/mixin/injection/callback/CallbackInfo;)V won't be passed a CallbackInfo as a result
[22:22:21] [Render thread/DEBUG] (FabricLoader/Mixin) mixins.malilib.json:MixinMinecraftClient from mod malilib->@Inject::onLoadWorldPre(Lnet/minecraft/client/world/ClientWorld;Lorg/spongepowered/asm/mixin/injection/callback/CallbackInfo;)V doesn't use it's CallbackInfo
[22:22:21] [Render thread/DEBUG] (FabricLoader/Mixin) mixins.malilib.json:MixinMinecraftClient from mod malilib->@Inject::onLoadWorldPre(Lnet/minecraft/client/world/ClientWorld;Lorg/spongepowered/asm/mixin/injection/callback/CallbackInfo;)V has 0 override(s) in child classes
[22:22:21] [Render thread/DEBUG] (FabricLoader/Mixin) mixins.malilib.json:MixinMinecraftClient from mod malilib->@Inject::onLoadWorldPre(Lnet/minecraft/client/world/ClientWorld;Lorg/spongepowered/asm/mixin/injection/callback/CallbackInfo;)V won't be passed a CallbackInfo as a result
[22:22:21] [Render thread/DEBUG] (FabricLoader/Mixin) mixins.malilib.json:MixinMinecraftClient from mod malilib->@Inject::onLoadWorldPost(Lnet/minecraft/client/world/ClientWorld;Lorg/spongepowered/asm/mixin/injection/callback/CallbackInfo;)V doesn't use it's CallbackInfo
[22:22:21] [Render thread/DEBUG] (FabricLoader/Mixin) mixins.malilib.json:MixinMinecraftClient from mod malilib->@Inject::onLoadWorldPost(Lnet/minecraft/client/world/ClientWorld;Lorg/spongepowered/asm/mixin/injection/callback/CallbackInfo;)V has 0 override(s) in child classes
[22:22:21] [Render thread/DEBUG] (FabricLoader/Mixin) mixins.malilib.json:MixinMinecraftClient from mod malilib->@Inject::onLoadWorldPost(Lnet/minecraft/client/world/ClientWorld;Lorg/spongepowered/asm/mixin/injection/callback/CallbackInfo;)V won't be passed a CallbackInfo as a result
[22:22:21] [Render thread/DEBUG] (FabricLoader/Mixin) mixins.malilib.json:MixinMinecraftClient from mod malilib->@Inject::onDisconnectPre(Lnet/minecraft/client/gui/screen/Screen;Lorg/spongepowered/asm/mixin/injection/callback/CallbackInfo;)V doesn't use it's CallbackInfo
[22:22:21] [Render thread/DEBUG] (FabricLoader/Mixin) mixins.malilib.json:MixinMinecraftClient from mod malilib->@Inject::onDisconnectPre(Lnet/minecraft/client/gui/screen/Screen;Lorg/spongepowered/asm/mixin/injection/callback/CallbackInfo;)V has 0 override(s) in child classes
[22:22:21] [Render thread/DEBUG] (FabricLoader/Mixin) mixins.malilib.json:MixinMinecraftClient from mod malilib->@Inject::onDisconnectPre(Lnet/minecraft/client/gui/screen/Screen;Lorg/spongepowered/asm/mixin/injection/callback/CallbackInfo;)V won't be passed a CallbackInfo as a result
[22:22:21] [Render thread/DEBUG] (FabricLoader/Mixin) mixins.malilib.json:MixinMinecraftClient from mod malilib->@Inject::onDisconnectPost(Lnet/minecraft/client/gui/screen/Screen;Lorg/spongepowered/asm/mixin/injection/callback/CallbackInfo;)V doesn't use it's CallbackInfo
[22:22:21] [Render thread/DEBUG] (FabricLoader/Mixin) mixins.malilib.json:MixinMinecraftClient from mod malilib->@Inject::onDisconnectPost(Lnet/minecraft/client/gui/screen/Screen;Lorg/spongepowered/asm/mixin/injection/callback/CallbackInfo;)V has 0 override(s) in child classes
[22:22:21] [Render thread/DEBUG] (FabricLoader/Mixin) mixins.malilib.json:MixinMinecraftClient from mod malilib->@Inject::onDisconnectPost(Lnet/minecraft/client/gui/screen/Screen;Lorg/spongepowered/asm/mixin/injection/callback/CallbackInfo;)V won't be passed a CallbackInfo as a result
[22:22:21] [Render thread/DEBUG] (FabricLoader/Mixin) fabric-screen-api-v1.mixins.json:MinecraftClientMixin from mod fabric-screen-api-v1->@Inject::checkThreadOnDev(Lnet/minecraft/client/gui/screen/Screen;Lorg/spongepowered/asm/mixin/injection/callback/CallbackInfo;)V doesn't use it's CallbackInfo
[22:22:21] [Render thread/DEBUG] (FabricLoader/Mixin) fabric-screen-api-v1.mixins.json:MinecraftClientMixin from mod fabric-screen-api-v1->@Inject::checkThreadOnDev(Lnet/minecraft/client/gui/screen/Screen;Lorg/spongepowered/asm/mixin/injection/callback/CallbackInfo;)V has 0 override(s) in child classes
[22:22:21] [Render thread/DEBUG] (FabricLoader/Mixin) fabric-screen-api-v1.mixins.json:MinecraftClientMixin from mod fabric-screen-api-v1->@Inject::checkThreadOnDev(Lnet/minecraft/client/gui/screen/Screen;Lorg/spongepowered/asm/mixin/injection/callback/CallbackInfo;)V won't be passed a CallbackInfo as a result
[22:22:21] [Render thread/DEBUG] (FabricLoader/Mixin) fabric-screen-api-v1.mixins.json:MinecraftClientMixin from mod fabric-screen-api-v1->@Inject::onScreenRemove(Lnet/minecraft/client/gui/screen/Screen;Lorg/spongepowered/asm/mixin/injection/callback/CallbackInfo;)V doesn't use it's CallbackInfo
[22:22:21] [Render thread/DEBUG] (FabricLoader/Mixin) fabric-screen-api-v1.mixins.json:MinecraftClientMixin from mod fabric-screen-api-v1->@Inject::onScreenRemove(Lnet/minecraft/client/gui/screen/Screen;Lorg/spongepowered/asm/mixin/injection/callback/CallbackInfo;)V has 0 override(s) in child classes
[22:22:21] [Render thread/DEBUG] (FabricLoader/Mixin) fabric-screen-api-v1.mixins.json:MinecraftClientMixin from mod fabric-screen-api-v1->@Inject::onScreenRemove(Lnet/minecraft/client/gui/screen/Screen;Lorg/spongepowered/asm/mixin/injection/callback/CallbackInfo;)V won't be passed a CallbackInfo as a result
[22:22:21] [Render thread/DEBUG] (FabricLoader/Mixin) fabric-screen-api-v1.mixins.json:MinecraftClientMixin from mod fabric-screen-api-v1->@Inject::onScreenRemoveBecauseStopping(Lorg/spongepowered/asm/mixin/injection/callback/CallbackInfo;)V doesn't use it's CallbackInfo
[22:22:21] [Render thread/DEBUG] (FabricLoader/Mixin) fabric-screen-api-v1.mixins.json:MinecraftClientMixin from mod fabric-screen-api-v1->@Inject::onScreenRemoveBecauseStopping(Lorg/spongepowered/asm/mixin/injection/callback/CallbackInfo;)V has 0 override(s) in child classes
[22:22:21] [Render thread/DEBUG] (FabricLoader/Mixin) fabric-screen-api-v1.mixins.json:MinecraftClientMixin from mod fabric-screen-api-v1->@Inject::onScreenRemoveBecauseStopping(Lorg/spongepowered/asm/mixin/injection/callback/CallbackInfo;)V won't be passed a CallbackInfo as a result
[22:22:21] [Render thread/DEBUG] (FabricLoader/Mixin) fabric-screen-api-v1.mixins.json:MinecraftClientMixin from mod fabric-screen-api-v1->@Inject::beforeScreenTick(Lorg/spongepowered/asm/mixin/injection/callback/CallbackInfo;)V doesn't use it's CallbackInfo
[22:22:21] [Render thread/DEBUG] (FabricLoader/Mixin) fabric-screen-api-v1.mixins.json:MinecraftClientMixin from mod fabric-screen-api-v1->@Inject::beforeScreenTick(Lorg/spongepowered/asm/mixin/injection/callback/CallbackInfo;)V has 0 override(s) in child classes
[22:22:21] [Render thread/DEBUG] (FabricLoader/Mixin) fabric-screen-api-v1.mixins.json:MinecraftClientMixin from mod fabric-screen-api-v1->@Inject::beforeScreenTick(Lorg/spongepowered/asm/mixin/injection/callback/CallbackInfo;)V won't be passed a CallbackInfo as a result
[22:22:21] [Render thread/DEBUG] (FabricLoader/Mixin) fabric-screen-api-v1.mixins.json:MinecraftClientMixin from mod fabric-screen-api-v1->@Inject::afterScreenTick(Lorg/spongepowered/asm/mixin/injection/callback/CallbackInfo;)V doesn't use it's CallbackInfo
[22:22:21] [Render thread/DEBUG] (FabricLoader/Mixin) fabric-screen-api-v1.mixins.json:MinecraftClientMixin from mod fabric-screen-api-v1->@Inject::afterScreenTick(Lorg/spongepowered/asm/mixin/injection/callback/CallbackInfo;)V has 0 override(s) in child classes
[22:22:21] [Render thread/DEBUG] (FabricLoader/Mixin) fabric-screen-api-v1.mixins.json:MinecraftClientMixin from mod fabric-screen-api-v1->@Inject::afterScreenTick(Lorg/spongepowered/asm/mixin/injection/callback/CallbackInfo;)V won't be passed a CallbackInfo as a result
[22:22:21] [Render thread/DEBUG] (FabricLoader/Mixin) fabric-screen-api-v1.mixins.json:MinecraftClientMixin from mod fabric-screen-api-v1->@Inject::beforeLoadingScreenTick(Lorg/spongepowered/asm/mixin/injection/callback/CallbackInfo;)V doesn't use it's CallbackInfo
[22:22:21] [Render thread/DEBUG] (FabricLoader/Mixin) fabric-screen-api-v1.mixins.json:MinecraftClientMixin from mod fabric-screen-api-v1->@Inject::beforeLoadingScreenTick(Lorg/spongepowered/asm/mixin/injection/callback/CallbackInfo;)V has 0 override(s) in child classes
[22:22:21] [Render thread/DEBUG] (FabricLoader/Mixin) fabric-screen-api-v1.mixins.json:MinecraftClientMixin from mod fabric-screen-api-v1->@Inject::beforeLoadingScreenTick(Lorg/spongepowered/asm/mixin/injection/callback/CallbackInfo;)V won't be passed a CallbackInfo as a result
[22:22:21] [Render thread/DEBUG] (FabricLoader/Mixin) fabric-screen-api-v1.mixins.json:MinecraftClientMixin from mod fabric-screen-api-v1->@Inject::afterLoadingScreenTick(Lorg/spongepowered/asm/mixin/injection/callback/CallbackInfo;)V doesn't use it's CallbackInfo
[22:22:21] [Render thread/DEBUG] (FabricLoader/Mixin) fabric-screen-api-v1.mixins.json:MinecraftClientMixin from mod fabric-screen-api-v1->@Inject::afterLoadingScreenTick(Lorg/spongepowered/asm/mixin/injection/callback/CallbackInfo;)V has 0 override(s) in child classes
[22:22:21] [Render thread/DEBUG] (FabricLoader/Mixin) fabric-screen-api-v1.mixins.json:MinecraftClientMixin from mod fabric-screen-api-v1->@Inject::afterLoadingScreenTick(Lorg/spongepowered/asm/mixin/injection/callback/CallbackInfo;)V won't be passed a CallbackInfo as a result
[22:22:21] [Render thread/DEBUG] (FabricLoader/Mixin) fabric-registry-sync-v0.client.mixins.json:MinecraftClientMixin from mod fabric-registry-sync-v0->@Inject::disconnectAfter(Lnet/minecraft/client/gui/screen/Screen;Lorg/spongepowered/asm/mixin/injection/callback/CallbackInfo;)V doesn't use it's CallbackInfo
[22:22:21] [Render thread/DEBUG] (FabricLoader/Mixin) fabric-registry-sync-v0.client.mixins.json:MinecraftClientMixin from mod fabric-registry-sync-v0->@Inject::disconnectAfter(Lnet/minecraft/client/gui/screen/Screen;Lorg/spongepowered/asm/mixin/injection/callback/CallbackInfo;)V has 0 override(s) in child classes
[22:22:21] [Render thread/DEBUG] (FabricLoader/Mixin) fabric-registry-sync-v0.client.mixins.json:MinecraftClientMixin from mod fabric-registry-sync-v0->@Inject::disconnectAfter(Lnet/minecraft/client/gui/screen/Screen;Lorg/spongepowered/asm/mixin/injection/callback/CallbackInfo;)V won't be passed a CallbackInfo as a result
[22:22:21] [Render thread/DEBUG] (FabricLoader/Mixin) fabric-registry-sync-v0.client.mixins.json:MinecraftClientMixin from mod fabric-registry-sync-v0->@Inject::onStart(Lorg/spongepowered/asm/mixin/injection/callback/CallbackInfo;)V doesn't use it's CallbackInfo
[22:22:21] [Render thread/DEBUG] (FabricLoader/Mixin) fabric-registry-sync-v0.client.mixins.json:MinecraftClientMixin from mod fabric-registry-sync-v0->@Inject::onStart(Lorg/spongepowered/asm/mixin/injection/callback/CallbackInfo;)V has 0 override(s) in child classes
[22:22:21] [Render thread/DEBUG] (FabricLoader/Mixin) fabric-registry-sync-v0.client.mixins.json:MinecraftClientMixin from mod fabric-registry-sync-v0->@Inject::onStart(Lorg/spongepowered/asm/mixin/injection/callback/CallbackInfo;)V won't be passed a CallbackInfo as a result
[22:22:21] [Render thread/DEBUG] (FabricLoader/Mixin) mixins.litematica.json:MixinMinecraftClient from mod litematica->@Inject::handlePlacementRestriction(Lorg/spongepowered/asm/mixin/injection/callback/CallbackInfo;)V does use it's CallbackInfo
[22:22:21] [Render thread/DEBUG] (FabricLoader/Mixin) mixins.litematica.json:MixinMinecraftClient from mod litematica->@Inject::onRunTickStart(Lorg/spongepowered/asm/mixin/injection/callback/CallbackInfo;)V doesn't use it's CallbackInfo
[22:22:21] [Render thread/DEBUG] (FabricLoader/Mixin) mixins.litematica.json:MixinMinecraftClient from mod litematica->@Inject::onRunTickStart(Lorg/spongepowered/asm/mixin/injection/callback/CallbackInfo;)V has 0 override(s) in child classes
[22:22:21] [Render thread/DEBUG] (FabricLoader/Mixin) mixins.litematica.json:MixinMinecraftClient from mod litematica->@Inject::onRunTickStart(Lorg/spongepowered/asm/mixin/injection/callback/CallbackInfo;)V won't be passed a CallbackInfo as a result
[22:22:21] [Render thread/DEBUG] (FabricLoader/Mixin) Mixing MixinClientPlayerEntity from mixins.baritone.json into net.minecraft.client.network.ClientPlayerEntity
[22:22:21] [Render thread/DEBUG] (FabricLoader/Mixin) Mixing elytra.ClientPlayerEntityMixin from fabric-entity-events-v1.client.mixins.json into net.minecraft.client.network.ClientPlayerEntity
[22:22:21] [Render thread/DEBUG] (FabricLoader/Mixin) fabric-entity-events-v1.client.mixins.json:elytra.ClientPlayerEntityMixin from mod fabric-entity-events-v1: Class version 61 required is higher than the class version supported by the current version of Mixin (JAVA_16 supports class version 60)
[22:22:21] [Render thread/DEBUG] (FabricLoader/Mixin) mixins.baritone.json:MixinClientPlayerEntity from mod baritone->@Inject::onPreUpdate(Lorg/spongepowered/asm/mixin/injection/callback/CallbackInfo;)V does use it's CallbackInfo
[22:22:21] [Render thread/DEBUG] (FabricLoader/Mixin) mixins.baritone.json:MixinClientPlayerEntity from mod baritone->@Inject::updateRidden(Lorg/spongepowered/asm/mixin/injection/callback/CallbackInfo;)V does use it's CallbackInfo
[22:22:21] [Render thread/DEBUG] (FabricLoader/Mixin) fabric-entity-events-v1.client.mixins.json:elytra.ClientPlayerEntityMixin from mod fabric-entity-events-v1->@Inject::injectElytraStart(Lorg/spongepowered/asm/mixin/injection/callback/CallbackInfo;)V doesn't use it's CallbackInfo
[22:22:21] [Render thread/DEBUG] (FabricLoader/Mixin) fabric-entity-events-v1.client.mixins.json:elytra.ClientPlayerEntityMixin from mod fabric-entity-events-v1->@Inject::injectElytraStart(Lorg/spongepowered/asm/mixin/injection/callback/CallbackInfo;)V has 0 override(s) in child classes
[22:22:21] [Render thread/DEBUG] (FabricLoader/Mixin) fabric-entity-events-v1.client.mixins.json:elytra.ClientPlayerEntityMixin from mod fabric-entity-events-v1->@Inject::injectElytraStart(Lorg/spongepowered/asm/mixin/injection/callback/CallbackInfo;)V won't be passed a CallbackInfo as a result
[22:22:21] [Render thread/DEBUG] (FabricLoader/Mixin) Mixing MixinScreen from mixins.baritone.json into net.minecraft.client.gui.screen.Screen
[22:22:21] [Render thread/DEBUG] (FabricLoader/Mixin) Mixing ScreenAccessor from fabric-screen-api-v1.mixins.json into net.minecraft.client.gui.screen.Screen
[22:22:21] [Render thread/DEBUG] (FabricLoader/Mixin) fabric-screen-api-v1.mixins.json:ScreenAccessor from mod fabric-screen-api-v1: Class version 61 required is higher than the class version supported by the current version of Mixin (JAVA_16 supports class version 60)
[22:22:21] [Render thread/DEBUG] (FabricLoader/Mixin) Mixing ScreenMixin from fabric-screen-api-v1.mixins.json into net.minecraft.client.gui.screen.Screen
[22:22:21] [Render thread/DEBUG] (FabricLoader/Mixin) fabric-screen-api-v1.mixins.json:ScreenMixin from mod fabric-screen-api-v1: Class version 61 required is higher than the class version supported by the current version of Mixin (JAVA_16 supports class version 60)
[22:22:21] [Render thread/DEBUG] (FabricLoader/Mixin) mixins.baritone.json:MixinScreen from mod baritone->@Inject::handleCustomClickEvent(Lnet/minecraft/text/Style;Lorg/spongepowered/asm/mixin/injection/callback/CallbackInfoReturnable;)V does use it's CallbackInfoReturnable
[22:22:21] [Render thread/DEBUG] (FabricLoader/Mixin) fabric-screen-api-v1.mixins.json:ScreenMixin from mod fabric-screen-api-v1->@Inject::beforeInitScreen(Lnet/minecraft/client/MinecraftClient;IILorg/spongepowered/asm/mixin/injection/callback/CallbackInfo;)V doesn't use it's CallbackInfo
[22:22:21] [Render thread/DEBUG] (FabricLoader/Mixin) fabric-screen-api-v1.mixins.json:ScreenMixin from mod fabric-screen-api-v1->@Inject::beforeInitScreen(Lnet/minecraft/client/MinecraftClient;IILorg/spongepowered/asm/mixin/injection/callback/CallbackInfo;)V has 0 override(s) in child classes
[22:22:21] [Render thread/DEBUG] (FabricLoader/Mixin) fabric-screen-api-v1.mixins.json:ScreenMixin from mod fabric-screen-api-v1->@Inject::beforeInitScreen(Lnet/minecraft/client/MinecraftClient;IILorg/spongepowered/asm/mixin/injection/callback/CallbackInfo;)V won't be passed a CallbackInfo as a result
[22:22:21] [Render thread/DEBUG] (FabricLoader/Mixin) fabric-screen-api-v1.mixins.json:ScreenMixin from mod fabric-screen-api-v1->@Inject::afterInitScreen(Lnet/minecraft/client/MinecraftClient;IILorg/spongepowered/asm/mixin/injection/callback/CallbackInfo;)V doesn't use it's CallbackInfo
[22:22:21] [Render thread/DEBUG] (FabricLoader/Mixin) fabric-screen-api-v1.mixins.json:ScreenMixin from mod fabric-screen-api-v1->@Inject::afterInitScreen(Lnet/minecraft/client/MinecraftClient;IILorg/spongepowered/asm/mixin/injection/callback/CallbackInfo;)V has 0 override(s) in child classes
[22:22:21] [Render thread/DEBUG] (FabricLoader/Mixin) fabric-screen-api-v1.mixins.json:ScreenMixin from mod fabric-screen-api-v1->@Inject::afterInitScreen(Lnet/minecraft/client/MinecraftClient;IILorg/spongepowered/asm/mixin/injection/callback/CallbackInfo;)V won't be passed a CallbackInfo as a result
[22:22:21] [Render thread/DEBUG] (FabricLoader/Mixin) fabric-screen-api-v1.mixins.json:ScreenMixin from mod fabric-screen-api-v1->@Inject::beforeResizeScreen(Lnet/minecraft/client/MinecraftClient;IILorg/spongepowered/asm/mixin/injection/callback/CallbackInfo;)V doesn't use it's CallbackInfo
[22:22:21] [Render thread/DEBUG] (FabricLoader/Mixin) fabric-screen-api-v1.mixins.json:ScreenMixin from mod fabric-screen-api-v1->@Inject::beforeResizeScreen(Lnet/minecraft/client/MinecraftClient;IILorg/spongepowered/asm/mixin/injection/callback/CallbackInfo;)V has 0 override(s) in child classes
[22:22:21] [Render thread/DEBUG] (FabricLoader/Mixin) fabric-screen-api-v1.mixins.json:ScreenMixin from mod fabric-screen-api-v1->@Inject::beforeResizeScreen(Lnet/minecraft/client/MinecraftClient;IILorg/spongepowered/asm/mixin/injection/callback/CallbackInfo;)V won't be passed a CallbackInfo as a result
[22:22:21] [Render thread/DEBUG] (FabricLoader/Mixin) fabric-screen-api-v1.mixins.json:ScreenMixin from mod fabric-screen-api-v1->@Inject::afterResizeScreen(Lnet/minecraft/client/MinecraftClient;IILorg/spongepowered/asm/mixin/injection/callback/CallbackInfo;)V doesn't use it's CallbackInfo
[22:22:21] [Render thread/DEBUG] (FabricLoader/Mixin) fabric-screen-api-v1.mixins.json:ScreenMixin from mod fabric-screen-api-v1->@Inject::afterResizeScreen(Lnet/minecraft/client/MinecraftClient;IILorg/spongepowered/asm/mixin/injection/callback/CallbackInfo;)V has 0 override(s) in child classes
[22:22:21] [Render thread/DEBUG] (FabricLoader/Mixin) fabric-screen-api-v1.mixins.json:ScreenMixin from mod fabric-screen-api-v1->@Inject::afterResizeScreen(Lnet/minecraft/client/MinecraftClient;IILorg/spongepowered/asm/mixin/injection/callback/CallbackInfo;)V won't be passed a CallbackInfo as a result
[22:22:21] [Render thread/DEBUG] (FabricLoader/Mixin) Mixing MixinTitleScreen from mixins.modmenu.json into net.minecraft.client.gui.screen.TitleScreen
[22:22:21] [Render thread/DEBUG] (FabricLoader/Mixin) mixins.modmenu.json:MixinTitleScreen from mod modmenu: Class version 61 required is higher than the class version supported by the current version of Mixin (JAVA_16 supports class version 60)
[22:22:21] [Render thread/DEBUG] (FabricLoader/Mixin) Mixing ClientWorldMixin from fabric-lifecycle-events-v1.client.mixins.json into net.minecraft.client.world.ClientWorld
[22:22:21] [Render thread/DEBUG] (FabricLoader/Mixin) fabric-lifecycle-events-v1.client.mixins.json:ClientWorldMixin from mod fabric-lifecycle-events-v1: Class version 61 required is higher than the class version supported by the current version of Mixin (JAVA_16 supports class version 60)
[22:22:21] [Render thread/DEBUG] (FabricLoader/Mixin) Mixing MixinClientWorld from mixins.litematica.json into net.minecraft.client.world.ClientWorld
[22:22:21] [Render thread/DEBUG] (FabricLoader/Mixin) fabric-lifecycle-events-v1.client.mixins.json:ClientWorldMixin from mod fabric-lifecycle-events-v1->@Inject::tickWorldAfterBlockEntities(Lorg/spongepowered/asm/mixin/injection/callback/CallbackInfo;)V doesn't use it's CallbackInfo
[22:22:21] [Render thread/DEBUG] (FabricLoader/Mixin) fabric-lifecycle-events-v1.client.mixins.json:ClientWorldMixin from mod fabric-lifecycle-events-v1->@Inject::tickWorldAfterBlockEntities(Lorg/spongepowered/asm/mixin/injection/callback/CallbackInfo;)V has 0 override(s) in child classes
[22:22:21] [Render thread/DEBUG] (FabricLoader/Mixin) fabric-lifecycle-events-v1.client.mixins.json:ClientWorldMixin from mod fabric-lifecycle-events-v1->@Inject::tickWorldAfterBlockEntities(Lorg/spongepowered/asm/mixin/injection/callback/CallbackInfo;)V won't be passed a CallbackInfo as a result
[22:22:21] [Render thread/DEBUG] (FabricLoader/Mixin) fabric-lifecycle-events-v1.client.mixins.json:ClientWorldMixin from mod fabric-lifecycle-events-v1->@Inject::startWorldTick(Lorg/spongepowered/asm/mixin/injection/callback/CallbackInfo;)V doesn't use it's CallbackInfo
[22:22:21] [Render thread/DEBUG] (FabricLoader/Mixin) fabric-lifecycle-events-v1.client.mixins.json:ClientWorldMixin from mod fabric-lifecycle-events-v1->@Inject::startWorldTick(Lorg/spongepowered/asm/mixin/injection/callback/CallbackInfo;)V has 0 override(s) in child classes
[22:22:21] [Render thread/DEBUG] (FabricLoader/Mixin) fabric-lifecycle-events-v1.client.mixins.json:ClientWorldMixin from mod fabric-lifecycle-events-v1->@Inject::startWorldTick(Lorg/spongepowered/asm/mixin/injection/callback/CallbackInfo;)V won't be passed a CallbackInfo as a result
[22:22:21] [Render thread/DEBUG] (FabricLoader/Mixin) mixins.litematica.json:MixinClientWorld from mod litematica->@Inject::litematica_onHandleBlockUpdate(Lnet/minecraft/util/math/BlockPos;Lnet/minecraft/block/BlockState;ILorg/spongepowered/asm/mixin/injection/callback/CallbackInfo;)V doesn't use it's CallbackInfo
[22:22:21] [Render thread/DEBUG] (FabricLoader/Mixin) mixins.litematica.json:MixinClientWorld from mod litematica->@Inject::litematica_onHandleBlockUpdate(Lnet/minecraft/util/math/BlockPos;Lnet/minecraft/block/BlockState;ILorg/spongepowered/asm/mixin/injection/callback/CallbackInfo;)V has 0 override(s) in child classes
[22:22:21] [Render thread/DEBUG] (FabricLoader/Mixin) mixins.litematica.json:MixinClientWorld from mod litematica->@Inject::litematica_onHandleBlockUpdate(Lnet/minecraft/util/math/BlockPos;Lnet/minecraft/block/BlockState;ILorg/spongepowered/asm/mixin/injection/callback/CallbackInfo;)V won't be passed a CallbackInfo as a result
[22:22:21] [Render thread/DEBUG] (FabricLoader/Mixin) Mixing MixinHandledScreen from mixins.malilib.json into net.minecraft.client.gui.screen.ingame.HandledScreen
[22:22:21] [Render thread/DEBUG] (FabricLoader/Mixin) Mixing IMixinHandledScreen from mixins.litematica.json into net.minecraft.client.gui.screen.ingame.HandledScreen
[22:22:21] [Render thread/DEBUG] (FabricLoader/Mixin) Mixing MixinHandledScreen from mixins.litematica.json into net.minecraft.client.gui.screen.ingame.HandledScreen
[22:22:21] [Render thread/DEBUG] (FabricLoader/Mixin) mixins.malilib.json:MixinHandledScreen from mod malilib->@Inject::onRenderTooltip(Lnet/minecraft/client/gui/DrawContext;IILorg/spongepowered/asm/mixin/injection/callback/CallbackInfo;)V doesn't use it's CallbackInfo
[22:22:21] [Render thread/DEBUG] (FabricLoader/Mixin) mixins.malilib.json:MixinHandledScreen from mod malilib->@Inject::onRenderTooltip(Lnet/minecraft/client/gui/DrawContext;IILorg/spongepowered/asm/mixin/injection/callback/CallbackInfo;)V has 0 override(s) in child classes
[22:22:21] [Render thread/DEBUG] (FabricLoader/Mixin) mixins.malilib.json:MixinHandledScreen from mod malilib->@Inject::onRenderTooltip(Lnet/minecraft/client/gui/DrawContext;IILorg/spongepowered/asm/mixin/injection/callback/CallbackInfo;)V won't be passed a CallbackInfo as a result
[22:22:21] [Render thread/DEBUG] (FabricLoader/Mixin) mixins.litematica.json:MixinHandledScreen from mod litematica->@Inject::renderSlotHighlights(Lnet/minecraft/client/gui/DrawContext;IIFLorg/spongepowered/asm/mixin/injection/callback/CallbackInfo;)V doesn't use it's CallbackInfo
[22:22:21] [Render thread/DEBUG] (FabricLoader/Mixin) mixins.litematica.json:MixinHandledScreen from mod litematica->@Inject::renderSlotHighlights(Lnet/minecraft/client/gui/DrawContext;IIFLorg/spongepowered/asm/mixin/injection/callback/CallbackInfo;)V has 0 override(s) in child classes
[22:22:21] [Render thread/DEBUG] (FabricLoader/Mixin) mixins.litematica.json:MixinHandledScreen from mod litematica->@Inject::renderSlotHighlights(Lnet/minecraft/client/gui/DrawContext;IIFLorg/spongepowered/asm/mixin/injection/callback/CallbackInfo;)V won't be passed a CallbackInfo as a result
[22:22:21] [Render thread/DEBUG] (FabricLoader/Mixin) Mixing MixinGameMenu from mixins.modmenu.json into net.minecraft.client.gui.screen.GameMenuScreen
[22:22:21] [Render thread/DEBUG] (FabricLoader/Mixin) mixins.modmenu.json:MixinGameMenu from mod modmenu: Class version 61 required is higher than the class version supported by the current version of Mixin (JAVA_16 supports class version 60)
[22:22:21] [Render thread/DEBUG] (FabricLoader/Mixin) Renaming synthetic method lambda$onInitWidgets$0(Lnet/minecraft/client/gui/widget/ButtonWidget;)V to md84916f$modmenu$lambda$onInitWidgets$0$0 in mixins.modmenu.json:MixinGameMenu from mod modmenu
[22:22:21] [Render thread/DEBUG] (FabricLoader/Mixin) mixins.modmenu.json:MixinGameMenu from mod modmenu->@Inject::onInitWidgets(Lorg/spongepowered/asm/mixin/injection/callback/CallbackInfo;Lnet/minecraft/client/gui/widget/GridWidget;Lnet/minecraft/client/gui/widget/GridWidget$Adder;Lnet/minecraft/text/Text;)V doesn't use it's CallbackInfo
[22:22:21] [Render thread/DEBUG] (FabricLoader/Mixin) mixins.modmenu.json:MixinGameMenu from mod modmenu->@Inject::onInitWidgets(Lorg/spongepowered/asm/mixin/injection/callback/CallbackInfo;Lnet/minecraft/client/gui/widget/GridWidget;Lnet/minecraft/client/gui/widget/GridWidget$Adder;Lnet/minecraft/text/Text;)V has 0 override(s) in child classes
[22:22:21] [Render thread/DEBUG] (FabricLoader/Mixin) mixins.modmenu.json:MixinGameMenu from mod modmenu->@Inject::onInitWidgets(Lorg/spongepowered/asm/mixin/injection/callback/CallbackInfo;Lnet/minecraft/client/gui/widget/GridWidget;Lnet/minecraft/client/gui/widget/GridWidget$Adder;Lnet/minecraft/text/Text;)V won't be passed a CallbackInfo as a result
[22:22:21] [Render thread/DEBUG] (FabricLoader/Mixin) Mixing SinglePreparationResourceReloaderMixin from fabric-resource-conditions-api-v1.mixins.json into net.minecraft.resource.SinglePreparationResourceReloader
[22:22:21] [Render thread/DEBUG] (FabricLoader/Mixin) fabric-resource-conditions-api-v1.mixins.json:SinglePreparationResourceReloaderMixin from mod fabric-resource-conditions-api-v1: Class version 61 required is higher than the class version supported by the current version of Mixin (JAVA_16 supports class version 60)
[22:22:21] [Render thread/DEBUG] (FabricLoader/Mixin) fabric-resource-conditions-api-v1.mixins.json:SinglePreparationResourceReloaderMixin from mod fabric-resource-conditions-api-v1->@Inject::applyResourceConditions(Lnet/minecraft/resource/ResourceManager;Lnet/minecraft/util/profiler/Profiler;Ljava/lang/Object;Lorg/spongepowered/asm/mixin/injection/callback/CallbackInfo;)V doesn't use it's CallbackInfo
[22:22:21] [Render thread/DEBUG] (FabricLoader/Mixin) fabric-resource-conditions-api-v1.mixins.json:SinglePreparationResourceReloaderMixin from mod fabric-resource-conditions-api-v1->@Inject::applyResourceConditions(Lnet/minecraft/resource/ResourceManager;Lnet/minecraft/util/profiler/Profiler;Ljava/lang/Object;Lorg/spongepowered/asm/mixin/injection/callback/CallbackInfo;)V has 0 override(s) in child classes
[22:22:21] [Render thread/DEBUG] (FabricLoader/Mixin) fabric-resource-conditions-api-v1.mixins.json:SinglePreparationResourceReloaderMixin from mod fabric-resource-conditions-api-v1->@Inject::applyResourceConditions(Lnet/minecraft/resource/ResourceManager;Lnet/minecraft/util/profiler/Profiler;Ljava/lang/Object;Lorg/spongepowered/asm/mixin/injection/callback/CallbackInfo;)V won't be passed a CallbackInfo as a result
[22:22:21] [Render thread/DEBUG] (FabricLoader/Mixin) Mixing DefaultClientResourcePackProviderMixin from fabric-resource-loader-v0.client.mixins.json into net.minecraft.client.resource.DefaultClientResourcePackProvider
[22:22:21] [Render thread/DEBUG] (FabricLoader/Mixin) fabric-resource-loader-v0.client.mixins.json:DefaultClientResourcePackProviderMixin from mod fabric-resource-loader-v0: Class version 61 required is higher than the class version supported by the current version of Mixin (JAVA_16 supports class version 60)
[22:22:21] [Render thread/DEBUG] (FabricLoader/Mixin) Renaming synthetic method lambda$onCreateVanillaBuiltinResourcePack$0(Lnet/minecraft/resource/ResourcePackProfile$PackFactory;Ljava/lang/String;Ljava/lang/String;)Lnet/minecraft/resource/ResourcePack; to md84916f$fabric-resource-loader-v0$lambda$onCreateVanillaBuiltinResourcePack$0$0 in fabric-resource-loader-v0.client.mixins.json:DefaultClientResourcePackProviderMixin from mod fabric-resource-loader-v0
[22:22:21] [Render thread/DEBUG] (FabricLoader/Mixin) Mixing VanillaResourcePackProviderMixin from fabric-resource-loader-v0.client.mixins.json into net.minecraft.resource.VanillaResourcePackProvider
[22:22:21] [Render thread/DEBUG] (FabricLoader/Mixin) fabric-resource-loader-v0.client.mixins.json:VanillaResourcePackProviderMixin from mod fabric-resource-loader-v0: Class version 61 required is higher than the class version supported by the current version of Mixin (JAVA_16 supports class version 60)
[22:22:21] [Render thread/DEBUG] (FabricLoader/Mixin) fabric-resource-loader-v0.client.mixins.json:VanillaResourcePackProviderMixin from mod fabric-resource-loader-v0->@Inject::addBuiltinResourcePacks(Ljava/util/function/Consumer;Lorg/spongepowered/asm/mixin/injection/callback/CallbackInfo;)V doesn't use it's CallbackInfo
[22:22:21] [Render thread/DEBUG] (FabricLoader/Mixin) fabric-resource-loader-v0.client.mixins.json:VanillaResourcePackProviderMixin from mod fabric-resource-loader-v0->@Inject::addBuiltinResourcePacks(Ljava/util/function/Consumer;Lorg/spongepowered/asm/mixin/injection/callback/CallbackInfo;)V has 0 override(s) in child classes
[22:22:21] [Render thread/DEBUG] (FabricLoader/Mixin) fabric-resource-loader-v0.client.mixins.json:VanillaResourcePackProviderMixin from mod fabric-resource-loader-v0->@Inject::addBuiltinResourcePacks(Ljava/util/function/Consumer;Lorg/spongepowered/asm/mixin/injection/callback/CallbackInfo;)V won't be passed a CallbackInfo as a result
[22:22:21] [Render thread/DEBUG] (FabricLoader/Mixin) Mixing ResourcePackManagerMixin from fabric-resource-loader-v0.mixins.json into net.minecraft.resource.ResourcePackManager
[22:22:21] [Render thread/DEBUG] (FabricLoader/Mixin) fabric-resource-loader-v0.mixins.json:ResourcePackManagerMixin from mod fabric-resource-loader-v0: Class version 61 required is higher than the class version supported by the current version of Mixin (JAVA_16 supports class version 60)
[22:22:21] [Render thread/DEBUG] (FabricLoader/Mixin) fabric-resource-loader-v0.mixins.json:ResourcePackManagerMixin from mod fabric-resource-loader-v0->@Inject::construct([Lnet/minecraft/resource/ResourcePackProvider;Lorg/spongepowered/asm/mixin/injection/callback/CallbackInfo;)V doesn't use it's CallbackInfo
[22:22:21] [Render thread/DEBUG] (FabricLoader/Mixin) fabric-resource-loader-v0.mixins.json:ResourcePackManagerMixin from mod fabric-resource-loader-v0->@Inject::construct([Lnet/minecraft/resource/ResourcePackProvider;Lorg/spongepowered/asm/mixin/injection/callback/CallbackInfo;)V has 0 override(s) in child classes
[22:22:21] [Render thread/DEBUG] (FabricLoader/Mixin) fabric-resource-loader-v0.mixins.json:ResourcePackManagerMixin from mod fabric-resource-loader-v0->@Inject::construct([Lnet/minecraft/resource/ResourcePackProvider;Lorg/spongepowered/asm/mixin/injection/callback/CallbackInfo;)V won't be passed a CallbackInfo as a result
[22:22:21] [Render thread/INFO] (com.mojang.authlib.yggdrasil.YggdrasilAuthenticationService) Environment: authHost='https://authserver.mojang.com', accountsHost='https://api.mojang.com', sessionHost='https://sessionserver.mojang.com', servicesHost='https://api.minecraftservices.com', name='PROD'
[22:22:21] [Yggdrasil Key Fetcher/DEBUG] (com.mojang.authlib.HttpAuthenticationService) Opening connection to https://api.minecraftservices.com/publickeys
[22:22:21] [Render thread/DEBUG] (com.mojang.authlib.minecraft.client.MinecraftClient) Connecting to https://api.minecraftservices.com/player/attributes
[22:22:21] [Yggdrasil Key Fetcher/DEBUG] (com.mojang.authlib.HttpAuthenticationService) Reading data from https://api.minecraftservices.com/publickeys
[22:22:22] [Yggdrasil Key Fetcher/DEBUG] (com.mojang.authlib.HttpAuthenticationService) Successful read, server response was 200
[22:22:22] [Yggdrasil Key Fetcher/DEBUG] (com.mojang.authlib.HttpAuthenticationService) Response: {
  "profilePropertyKeys" : [ {
    "publicKey" : "MIICIjANBgkqhkiG9w0BAQEFAAOCAg8AMIICCgKCAgEAylB4B6m5lz7jwrcFz6Fd/fnfUhcvlxsTSn5kIK/2aGG1C3kMy4VjhwlxF6BFUSnfxhNswPjh3ZitkBxEAFY25uzkJFRwHwVA9mdwjashXILtR6OqdLXXFVyUPIURLOSWqGNBtb08EN5fMnG8iFLgEJIBMxs9BvF3s3/FhuHyPKiVTZmXY0WY4ZyYqvoKR+XjaTRPPvBsDa4WI2u1zxXMeHlodT3lnCzVvyOYBLXL6CJgByuOxccJ8hnXfF9yY4F0aeL080Jz/3+EBNG8RO4ByhtBf4Ny8NQ6stWsjfeUIvH7bU/4zCYcYOq4WrInXHqS8qruDmIl7P5XXGcabuzQstPf/h2CRAUpP/PlHXcMlvewjmGU6MfDK+lifScNYwjPxRo4nKTGFZf/0aqHCh/EAsQyLKrOIYRE0lDG3bzBh8ogIMLAugsAfBb6M3mqCqKaTMAf/VAjh5FFJnjS+7bE+bZEV0qwax1CEoPPJL1fIQjOS8zj086gjpGRCtSy9+bTPTfTR/SJ+VUB5G2IeCItkNHpJX2ygojFZ9n5Fnj7R9ZnOM+L8nyIjPu3aePvtcrXlyLhH/hvOfIOjPxOlqW+O5QwSFP4OEcyLAUgDdUgyW36Z5mB285uKW/ighzZsOTevVUG2QwDItObIV6i8RCxFbN2oDHyPaO5j1tTaBNyVt8CAwEAAQ=="
  }, {
    "publicKey" : "MIICIjANBgkqhkiG9w0BAQEFAAOCAg8AMIICCgKCAgEAra4Y2wu3rWEW7cDTDRRd4IvUD140Y12SaG3k4V3UwT/pDnnX5itOcYiZA0qf4VCpJDp2PifOL+Pr/ph/G9/6ZoIxkBeGENo+S7i9BqizJy9cmZocpyx+RkZaw9+frCGNLuYLrxziNWiXFACJSg2mHACR7+6NkGN8d/16/3PxMnvGSyLT7JKGUgqj1Q3oW7k+NLXR9sw6oRELOcnUvZVa2bcglv8vlcyPqqnBhydLfHI85Z5WnIYZviZ3Bb4dv5Fme726BGOtEY7kz40RfiwjT3xYKYKPJUS3/crPX6eugmWyrWdddKaePrW88bp17Z5NIStlJ5KJJk4coha8O+P7onDqmbHwLqPTeR51njkgZ+DJWT6fz8ku9OWQn6I/FxqN14iYIghDJijmKvEwsI7FJ5X2ttPXEvBYLmpj2j0lQQcUIqH7hkiZ+mCW0GYawJgbAeNAraM9sP+76MyAGITtAsXv1IQmah+7OeDJOToG2Kb1Dl0Va+HiP9MPpcnO7kbn6dqAyhNvRNmHnsUOiEcLhW9Rk7xz87IBV/cGKbUDgxu8cYY0P512DWt5+Jmr8W10FDFdLmkJt1taWxNxApM2CiFPCimk02koyLZDW9nqpWNw6qS/TOYPdz438qEuamtYUJ+u6WhBjK8xAJEAt5k3gDKX+nlTiG3N6se09D62fS8CAwEAAQ=="
  } ],
  "playerCertificateKeys" : [ {
    "publicKey" : "MIICIjANBgkqhkiG9w0BAQEFAAOCAg8AMIICCgKCAgEAylB4B6m5lz7jwrcFz6Fd/fnfUhcvlxsTSn5kIK/2aGG1C3kMy4VjhwlxF6BFUSnfxhNswPjh3ZitkBxEAFY25uzkJFRwHwVA9mdwjashXILtR6OqdLXXFVyUPIURLOSWqGNBtb08EN5fMnG8iFLgEJIBMxs9BvF3s3/FhuHyPKiVTZmXY0WY4ZyYqvoKR+XjaTRPPvBsDa4WI2u1zxXMeHlodT3lnCzVvyOYBLXL6CJgByuOxccJ8hnXfF9yY4F0aeL080Jz/3+EBNG8RO4ByhtBf4Ny8NQ6stWsjfeUIvH7bU/4zCYcYOq4WrInXHqS8qruDmIl7P5XXGcabuzQstPf/h2CRAUpP/PlHXcMlvewjmGU6MfDK+lifScNYwjPxRo4nKTGFZf/0aqHCh/EAsQyLKrOIYRE0lDG3bzBh8ogIMLAugsAfBb6M3mqCqKaTMAf/VAjh5FFJnjS+7bE+bZEV0qwax1CEoPPJL1fIQjOS8zj086gjpGRCtSy9+bTPTfTR/SJ+VUB5G2IeCItkNHpJX2ygojFZ9n5Fnj7R9ZnOM+L8nyIjPu3aePvtcrXlyLhH/hvOfIOjPxOlqW+O5QwSFP4OEcyLAUgDdUgyW36Z5mB285uKW/ighzZsOTevVUG2QwDItObIV6i8RCxFbN2oDHyPaO5j1tTaBNyVt8CAwEAAQ=="
  }, {
    "publicKey" : "MIICIjANBgkqhkiG9w0BAQEFAAOCAg8AMIICCgKCAgEAt4t9NPuu7cktclnaH7eZj0omkLcJHeLz5MKsyJEntHZ0INtuBjSSul3Pp3pBeJN8k3ADdcdBLUN90bcAi7WsQqTx3Ft363q3W7TbM8j2iTEdp/0uVspoRt/DP1tkaWFs/w2WwUv9jbVoBUzfUc4pSTIxRwdjmqjZQfvjwKNDbOx3IhP2H0WXodbISejPi1wBZqNW4m1rnZAXp/EpUguxA8mobCa4vUCBkyFDyXdl69/wUSJHyCPmgcMJ364OlAhIqtwVPShBZObvrK/f0BYk6ShJD3N7TFDatSYsIIdcTKRknaIm91s+EsMrdB9U4Yw+ZJ/pyCB4S3vk8zfDCnb0DWIxYH3/EMzaxl77djmTmMzi/JDITup5z3jfWtRZmrAhU2/+W5IO5hEpo3/bCS9PXIY5xb41Lmp2ZO8dXKtyD66Chchy0W129n8vPl2GIruOdrxsjZAHnneyAb9jm0uaGaphwnEnuecX/qgHY6ZMtayvLLsPst8PO6R1vufMy8WqjK+j7LnC1krL7CPDg0NEhyQTmw5l+NCNjSlvB1juM9V4PARg0bYCOkGXm7ydRCjSSH8CJXZpwnd5cBB5WKAX3KPzutRgMi/LFwNSMZzFuUyXaYOZPpD259yqph1LmGqegEdDriACVU+dVEONFMm8eIuBofe7ljmsAFKW9BINwK0CAwEAAQ=="
  } ],
  "authenticationKeys" : [ {
    "publicKey" : "MIIBIjANBgkqhkiG9w0BAQEFAAOCAQ8AMIIBCgKCAQEA4S4G8fJJw4hLRME8zM2aBqaQRqYs0TlU8N+sZl0MUgtyFw0KAXnzbOPH7yu6qbqsGYVKF/D+fUg+49PhFmxEsylvmj/yeRwdp3yFGME/BVfL06zFmAw+rGaxqubcswzIO8ByUtjQOmlnrzj4zvhNSYJmwNbTIKrKNlSHYvYZbUDRquH9yMDOKnvGAMMDGttFrM300mVznRgaTEzU9aPqMvj0YxtxUcGIQTar0TBQa7NzEAr59u5VVx5s6naS6QVBrMc6e32f38enVkNFZQT87KlCb2B6ziPmbaRzWWs4qcHsHz8BUCKplo5iu/ePtwaa5AaVT27Lnv+KzS46eyf1CwIDAQAB"
  }, {
    "publicKey" : "MIIBIjANBgkqhkiG9w0BAQEFAAOCAQ8AMIIBCgKCAQEAys5/Z+MBAOBcdnk3wKDDvsw6UUdTjSRQ+e5Ug2HJnshWunZMQDPGZvctUWpHxDZHAjaFfhpjw1pWtN/ejTpv37jZCp0yF533LfAfxiiQBWfJdKk5Wzyw7kmU8xmO984csukYFH4aTTLwZuhmMLFk3l00mMNPixgnRMuyr7aKIu/+l3wH1kCf1k74MTH4wX5fgNqFvTS3127DNVnTH9sOw+dhEViiQpTz3BFEpIUvl9T7B2rjF0CDmW9xtyNINw2EfENa7PwE0uIyNoZl/+m7yzMKef4lrE6Ch/IMzfT03Q2QvbwFlm+kzQKhSlB18Ohotrkega62fMxdn/s6Rv6oQQIDAQAB"
  } ]
}
[22:22:22] [Render thread/ERROR] (net.minecraft.client.MinecraftClient) Failed to verify authentication
com.mojang.authlib.exceptions.InvalidCredentialsException: Status: 401
	at com.mojang.authlib.exceptions.MinecraftClientHttpException.toAuthenticationException(MinecraftClientHttpException.java:56) ~[authlib-4.0.43.jar:?]
	at com.mojang.authlib.yggdrasil.YggdrasilUserApiService.fetchProperties(YggdrasilUserApiService.java:156) ~[authlib-4.0.43.jar:?]
	at com.mojang.authlib.yggdrasil.YggdrasilUserApiService.<init>(YggdrasilUserApiService.java:55) ~[authlib-4.0.43.jar:?]
	at com.mojang.authlib.yggdrasil.YggdrasilAuthenticationService.createUserApiService(YggdrasilAuthenticationService.java:124) ~[authlib-4.0.43.jar:?]
	at net.minecraft.client.MinecraftClient.createUserApiService(MinecraftClient.java:733) ~[minecraft-merged-487d1d375f-1.20.1-net.fabricmc.yarn.1_20_1.1.20.1+build.10-v2.jar:?]
	at net.minecraft.client.MinecraftClient.<init>(MinecraftClient.java:442) ~[minecraft-merged-487d1d375f-1.20.1-net.fabricmc.yarn.1_20_1.1.20.1+build.10-v2.jar:?]
	at net.minecraft.client.main.Main.main(Main.java:211) ~[minecraft-merged-487d1d375f-1.20.1-net.fabricmc.yarn.1_20_1.1.20.1+build.10-v2.jar:?]
	at net.fabricmc.loader.impl.game.minecraft.MinecraftGameProvider.launch(MinecraftGameProvider.java:517) ~[fabric-loader-0.19.5.jar:?]
	at net.fabricmc.loader.impl.launch.knot.Knot.launch(Knot.java:72) ~[fabric-loader-0.19.5.jar:?]
	at net.fabricmc.loader.impl.launch.knot.KnotClient.main(KnotClient.java:23) ~[fabric-loader-0.19.5.jar:?]
	at net.fabricmc.devlaunchinjector.Main.main(Main.java:86) ~[dev-launch-injector-0.2.1+build.8.jar:?]
Caused by: com.mojang.authlib.exceptions.MinecraftClientHttpException: Status: 401
	at com.mojang.authlib.minecraft.client.MinecraftClient.readInputStream(MinecraftClient.java:85) ~[authlib-4.0.43.jar:?]
	at com.mojang.authlib.minecraft.client.MinecraftClient.get(MinecraftClient.java:48) ~[authlib-4.0.43.jar:?]
	at com.mojang.authlib.yggdrasil.YggdrasilUserApiService.fetchProperties(YggdrasilUserApiService.java:129) ~[authlib-4.0.43.jar:?]
	... 9 more
[22:22:22] [Render thread/INFO] (net.minecraft.client.MinecraftClient) Setting user: Player150
[22:22:22] [Render thread/DEBUG] (FabricLoader/Mixin) Mixing KeyBindingAccessor from fabric-events-interaction-v0.client.mixins.json into net.minecraft.client.option.KeyBinding
[22:22:22] [Render thread/DEBUG] (FabricLoader/Mixin) fabric-events-interaction-v0.client.mixins.json:KeyBindingAccessor from mod fabric-events-interaction-v0: Class version 61 required is higher than the class version supported by the current version of Mixin (JAVA_16 supports class version 60)
[22:22:22] [Render thread/DEBUG] (FabricLoader/Mixin) Mixing KeyBindingAccessor from fabric-key-binding-api-v1.mixins.json into net.minecraft.client.option.KeyBinding
[22:22:22] [Render thread/DEBUG] (FabricLoader/Mixin) fabric-key-binding-api-v1.mixins.json:KeyBindingAccessor from mod fabric-key-binding-api-v1: Class version 61 required is higher than the class version supported by the current version of Mixin (JAVA_16 supports class version 60)
[22:22:22] [Render thread/DEBUG] (FabricLoader/Mixin) Renaming @Accessor method fabric_getCategoryMap()Ljava/util/Map; to fabric_getCategoryMap$fabric-key-binding-api-v1_$md$84916f$0 in fabric-key-binding-api-v1.mixins.json:KeyBindingAccessor from mod fabric-key-binding-api-v1
[22:22:22] [Render thread/DEBUG] (FabricLoader/Entrypoint) Iterating over entrypoint 'main'
[22:22:22] [Render thread/DEBUG] (FabricLoader/Mixin) Mixing MinecraftServerMixin from fabric-lifecycle-events-v1.mixins.json into net.minecraft.server.MinecraftServer
[22:22:22] [Render thread/DEBUG] (FabricLoader/Mixin) fabric-lifecycle-events-v1.mixins.json:MinecraftServerMixin from mod fabric-lifecycle-events-v1: Class version 61 required is higher than the class version supported by the current version of Mixin (JAVA_16 supports class version 60)
[22:22:22] [Render thread/DEBUG] (FabricLoader/Mixin) Renaming synthetic method lambda$endResourceReload$0(Ljava/lang/Void;Ljava/lang/Throwable;)Ljava/lang/Void; to md84916f$fabric-lifecycle-events-v1$lambda$endResourceReload$0$0 in fabric-lifecycle-events-v1.mixins.json:MinecraftServerMixin from mod fabric-lifecycle-events-v1
[22:22:22] [Render thread/DEBUG] (FabricLoader/Mixin) Mixing modification.MinecraftServerMixin from fabric-biome-api-v1.mixins.json into net.minecraft.server.MinecraftServer
[22:22:22] [Render thread/DEBUG] (FabricLoader/Mixin) fabric-biome-api-v1.mixins.json:modification.MinecraftServerMixin from mod fabric-biome-api-v1: Class version 61 required is higher than the class version supported by the current version of Mixin (JAVA_16 supports class version 60)
[22:22:22] [Render thread/DEBUG] (FabricLoader/Mixin) Mixing MinecraftServerMixin from fabric-resource-loader-v0.mixins.json into net.minecraft.server.MinecraftServer
[22:22:22] [Render thread/DEBUG] (FabricLoader/Mixin) fabric-resource-loader-v0.mixins.json:MinecraftServerMixin from mod fabric-resource-loader-v0: Class version 61 required is higher than the class version supported by the current version of Mixin (JAVA_16 supports class version 60)
[22:22:22] [Render thread/DEBUG] (FabricLoader/Mixin) Mixing MinecraftServerMixin from fabric-message-api-v1.mixins.json into net.minecraft.server.MinecraftServer
[22:22:22] [Render thread/DEBUG] (FabricLoader/Mixin) fabric-message-api-v1.mixins.json:MinecraftServerMixin from mod fabric-message-api-v1: Class version 61 required is higher than the class version supported by the current version of Mixin (JAVA_16 supports class version 60)
[22:22:22] [Render thread/DEBUG] (FabricLoader/Mixin) Renaming synthetic method lambda$onGetChatDecorator$1(Lnet/minecraft/network/message/MessageDecorator;Lnet/minecraft/server/network/ServerPlayerEntity;Lnet/minecraft/text/Text;)Ljava/util/concurrent/CompletableFuture; to md84916f$fabric-message-api-v1$lambda$onGetChatDecorator$1$1 in fabric-message-api-v1.mixins.json:MinecraftServerMixin from mod fabric-message-api-v1
[22:22:22] [Render thread/DEBUG] (FabricLoader/Mixin) Renaming synthetic method lambda$onGetChatDecorator$0(Lnet/minecraft/server/network/ServerPlayerEntity;Lnet/minecraft/text/Text;)Ljava/util/concurrent/CompletionStage; to md84916f$fabric-message-api-v1$lambda$onGetChatDecorator$0$2 in fabric-message-api-v1.mixins.json:MinecraftServerMixin from mod fabric-message-api-v1
[22:22:22] [Render thread/DEBUG] (FabricLoader/Mixin) Mixing MinecraftServerMixin from fabric-registry-sync-v0.mixins.json into net.minecraft.server.MinecraftServer
[22:22:22] [Render thread/DEBUG] (FabricLoader/Mixin) fabric-registry-sync-v0.mixins.json:MinecraftServerMixin from mod fabric-registry-sync-v0: Class version 61 required is higher than the class version supported by the current version of Mixin (JAVA_16 supports class version 60)
[22:22:22] [Render thread/DEBUG] (FabricLoader/Mixin) Mixing MinecraftServerMixin from fabric-gametest-api-v1.mixins.json into net.minecraft.server.MinecraftServer
[22:22:22] [Render thread/DEBUG] (FabricLoader/Mixin) fabric-gametest-api-v1.mixins.json:MinecraftServerMixin from mod fabric-gametest-api-v1: Class version 61 required is higher than the class version supported by the current version of Mixin (JAVA_16 supports class version 60)
[22:22:22] [Render thread/DEBUG] (FabricLoader/Mixin) fabric-lifecycle-events-v1.mixins.json:MinecraftServerMixin from mod fabric-lifecycle-events-v1->@Inject::beforeSetupServer(Lorg/spongepowered/asm/mixin/injection/callback/CallbackInfo;)V doesn't use it's CallbackInfo
[22:22:22] [Render thread/DEBUG] (FabricLoader/Mixin) fabric-lifecycle-events-v1.mixins.json:MinecraftServerMixin from mod fabric-lifecycle-events-v1->@Inject::beforeSetupServer(Lorg/spongepowered/asm/mixin/injection/callback/CallbackInfo;)V has 0 override(s) in child classes
[22:22:22] [Render thread/DEBUG] (FabricLoader/Mixin) fabric-lifecycle-events-v1.mixins.json:MinecraftServerMixin from mod fabric-lifecycle-events-v1->@Inject::beforeSetupServer(Lorg/spongepowered/asm/mixin/injection/callback/CallbackInfo;)V won't be passed a CallbackInfo as a result
[22:22:22] [Render thread/DEBUG] (FabricLoader/Mixin) fabric-lifecycle-events-v1.mixins.json:MinecraftServerMixin from mod fabric-lifecycle-events-v1->@Inject::afterSetupServer(Lorg/spongepowered/asm/mixin/injection/callback/CallbackInfo;)V doesn't use it's CallbackInfo
[22:22:22] [Render thread/DEBUG] (FabricLoader/Mixin) fabric-lifecycle-events-v1.mixins.json:MinecraftServerMixin from mod fabric-lifecycle-events-v1->@Inject::afterSetupServer(Lorg/spongepowered/asm/mixin/injection/callback/CallbackInfo;)V has 0 override(s) in child classes
[22:22:22] [Render thread/DEBUG] (FabricLoader/Mixin) fabric-lifecycle-events-v1.mixins.json:MinecraftServerMixin from mod fabric-lifecycle-events-v1->@Inject::afterSetupServer(Lorg/spongepowered/asm/mixin/injection/callback/CallbackInfo;)V won't be passed a CallbackInfo as a result
[22:22:22] [Render thread/DEBUG] (FabricLoader/Mixin) fabric-lifecycle-events-v1.mixins.json:MinecraftServerMixin from mod fabric-lifecycle-events-v1->@Inject::beforeShutdownServer(Lorg/spongepowered/asm/mixin/injection/callback/CallbackInfo;)V doesn't use it's CallbackInfo
[22:22:22] [Render thread/DEBUG] (FabricLoader/Mixin) fabric-lifecycle-events-v1.mixins.json:MinecraftServerMixin from mod fabric-lifecycle-events-v1->@Inject::beforeShutdownServer(Lorg/spongepowered/asm/mixin/injection/callback/CallbackInfo;)V has 0 override(s) in child classes
[22:22:22] [Render thread/DEBUG] (FabricLoader/Mixin) fabric-lifecycle-events-v1.mixins.json:MinecraftServerMixin from mod fabric-lifecycle-events-v1->@Inject::beforeShutdownServer(Lorg/spongepowered/asm/mixin/injection/callback/CallbackInfo;)V won't be passed a CallbackInfo as a result
[22:22:22] [Render thread/DEBUG] (FabricLoader/Mixin) fabric-lifecycle-events-v1.mixins.json:MinecraftServerMixin from mod fabric-lifecycle-events-v1->@Inject::afterShutdownServer(Lorg/spongepowered/asm/mixin/injection/callback/CallbackInfo;)V doesn't use it's CallbackInfo
[22:22:22] [Render thread/DEBUG] (FabricLoader/Mixin) fabric-lifecycle-events-v1.mixins.json:MinecraftServerMixin from mod fabric-lifecycle-events-v1->@Inject::afterShutdownServer(Lorg/spongepowered/asm/mixin/injection/callback/CallbackInfo;)V has 0 override(s) in child classes
[22:22:22] [Render thread/DEBUG] (FabricLoader/Mixin) fabric-lifecycle-events-v1.mixins.json:MinecraftServerMixin from mod fabric-lifecycle-events-v1->@Inject::afterShutdownServer(Lorg/spongepowered/asm/mixin/injection/callback/CallbackInfo;)V won't be passed a CallbackInfo as a result
[22:22:22] [Render thread/DEBUG] (FabricLoader/Mixin) fabric-lifecycle-events-v1.mixins.json:MinecraftServerMixin from mod fabric-lifecycle-events-v1->@Inject::onStartTick(Ljava/util/function/BooleanSupplier;Lorg/spongepowered/asm/mixin/injection/callback/CallbackInfo;)V doesn't use it's CallbackInfo
[22:22:22] [Render thread/DEBUG] (FabricLoader/Mixin) fabric-lifecycle-events-v1.mixins.json:MinecraftServerMixin from mod fabric-lifecycle-events-v1->@Inject::onStartTick(Ljava/util/function/BooleanSupplier;Lorg/spongepowered/asm/mixin/injection/callback/CallbackInfo;)V has 0 override(s) in child classes
[22:22:22] [Render thread/DEBUG] (FabricLoader/Mixin) fabric-lifecycle-events-v1.mixins.json:MinecraftServerMixin from mod fabric-lifecycle-events-v1->@Inject::onStartTick(Ljava/util/function/BooleanSupplier;Lorg/spongepowered/asm/mixin/injection/callback/CallbackInfo;)V won't be passed a CallbackInfo as a result
[22:22:22] [Render thread/DEBUG] (FabricLoader/Mixin) fabric-lifecycle-events-v1.mixins.json:MinecraftServerMixin from mod fabric-lifecycle-events-v1->@Inject::onEndTick(Ljava/util/function/BooleanSupplier;Lorg/spongepowered/asm/mixin/injection/callback/CallbackInfo;)V doesn't use it's CallbackInfo
[22:22:22] [Render thread/DEBUG] (FabricLoader/Mixin) fabric-lifecycle-events-v1.mixins.json:MinecraftServerMixin from mod fabric-lifecycle-events-v1->@Inject::onEndTick(Ljava/util/function/BooleanSupplier;Lorg/spongepowered/asm/mixin/injection/callback/CallbackInfo;)V has 0 override(s) in child classes
[22:22:22] [Render thread/DEBUG] (FabricLoader/Mixin) fabric-lifecycle-events-v1.mixins.json:MinecraftServerMixin from mod fabric-lifecycle-events-v1->@Inject::onEndTick(Ljava/util/function/BooleanSupplier;Lorg/spongepowered/asm/mixin/injection/callback/CallbackInfo;)V won't be passed a CallbackInfo as a result
[22:22:22] [Render thread/DEBUG] (FabricLoader/Mixin) fabric-lifecycle-events-v1.mixins.json:MinecraftServerMixin from mod fabric-lifecycle-events-v1->@Inject::onUnloadWorldAtShutdown(Lorg/spongepowered/asm/mixin/injection/callback/CallbackInfo;Ljava/util/Iterator;Lnet/minecraft/server/world/ServerWorld;)V doesn't use it's CallbackInfo
[22:22:22] [Render thread/DEBUG] (FabricLoader/Mixin) fabric-lifecycle-events-v1.mixins.json:MinecraftServerMixin from mod fabric-lifecycle-events-v1->@Inject::onUnloadWorldAtShutdown(Lorg/spongepowered/asm/mixin/injection/callback/CallbackInfo;Ljava/util/Iterator;Lnet/minecraft/server/world/ServerWorld;)V has 0 override(s) in child classes
[22:22:22] [Render thread/DEBUG] (FabricLoader/Mixin) fabric-lifecycle-events-v1.mixins.json:MinecraftServerMixin from mod fabric-lifecycle-events-v1->@Inject::onUnloadWorldAtShutdown(Lorg/spongepowered/asm/mixin/injection/callback/CallbackInfo;Ljava/util/Iterator;Lnet/minecraft/server/world/ServerWorld;)V won't be passed a CallbackInfo as a result
[22:22:22] [Render thread/DEBUG] (FabricLoader/Mixin) fabric-lifecycle-events-v1.mixins.json:MinecraftServerMixin from mod fabric-lifecycle-events-v1->@Inject::startResourceReload(Ljava/util/Collection;Lorg/spongepowered/asm/mixin/injection/callback/CallbackInfoReturnable;)V doesn't use it's CallbackInfoReturnable
[22:22:22] [Render thread/DEBUG] (FabricLoader/Mixin) fabric-lifecycle-events-v1.mixins.json:MinecraftServerMixin from mod fabric-lifecycle-events-v1->@Inject::startResourceReload(Ljava/util/Collection;Lorg/spongepowered/asm/mixin/injection/callback/CallbackInfoReturnable;)V has 0 override(s) in child classes
[22:22:22] [Render thread/DEBUG] (FabricLoader/Mixin) fabric-lifecycle-events-v1.mixins.json:MinecraftServerMixin from mod fabric-lifecycle-events-v1->@Inject::startResourceReload(Ljava/util/Collection;Lorg/spongepowered/asm/mixin/injection/callback/CallbackInfoReturnable;)V won't be passed a CallbackInfoReturnable as a result
[22:22:22] [Render thread/DEBUG] (FabricLoader/Mixin) fabric-lifecycle-events-v1.mixins.json:MinecraftServerMixin from mod fabric-lifecycle-events-v1->@Inject::endResourceReload(Ljava/util/Collection;Lorg/spongepowered/asm/mixin/injection/callback/CallbackInfoReturnable;)V does use it's CallbackInfoReturnable
[22:22:22] [Render thread/DEBUG] (FabricLoader/Mixin) fabric-biome-api-v1.mixins.json:modification.MinecraftServerMixin from mod fabric-biome-api-v1->@Inject::finalizeWorldGen(Lorg/spongepowered/asm/mixin/injection/callback/CallbackInfo;)V doesn't use it's CallbackInfo
[22:22:22] [Render thread/DEBUG] (FabricLoader/Mixin) fabric-biome-api-v1.mixins.json:modification.MinecraftServerMixin from mod fabric-biome-api-v1->@Inject::finalizeWorldGen(Lorg/spongepowered/asm/mixin/injection/callback/CallbackInfo;)V has 0 override(s) in child classes
[22:22:22] [Render thread/DEBUG] (FabricLoader/Mixin) fabric-biome-api-v1.mixins.json:modification.MinecraftServerMixin from mod fabric-biome-api-v1->@Inject::finalizeWorldGen(Lorg/spongepowered/asm/mixin/injection/callback/CallbackInfo;)V won't be passed a CallbackInfo as a result
[22:22:22] [Render thread/DEBUG] (FabricLoader/Mixin) fabric-message-api-v1.mixins.json:MinecraftServerMixin from mod fabric-message-api-v1->@Inject::onGetChatDecorator(Lorg/spongepowered/asm/mixin/injection/callback/CallbackInfoReturnable;)V does use it's CallbackInfoReturnable
[22:22:22] [Render thread/DEBUG] (FabricLoader/Mixin) fabric-registry-sync-v0.mixins.json:MinecraftServerMixin from mod fabric-registry-sync-v0->@Inject::beforeSetupServer(Lorg/spongepowered/asm/mixin/injection/callback/CallbackInfo;)V doesn't use it's CallbackInfo
[22:22:22] [Render thread/DEBUG] (FabricLoader/Mixin) fabric-registry-sync-v0.mixins.json:MinecraftServerMixin from mod fabric-registry-sync-v0->@Inject::beforeSetupServer(Lorg/spongepowered/asm/mixin/injection/callback/CallbackInfo;)V has 0 override(s) in child classes
[22:22:22] [Render thread/DEBUG] (FabricLoader/Mixin) fabric-registry-sync-v0.mixins.json:MinecraftServerMixin from mod fabric-registry-sync-v0->@Inject::beforeSetupServer(Lorg/spongepowered/asm/mixin/injection/callback/CallbackInfo;)V won't be passed a CallbackInfo as a result
[22:22:22] [Render thread/DEBUG] (FabricLoader/Mixin) fabric-gametest-api-v1.mixins.json:MinecraftServerMixin from mod fabric-gametest-api-v1->@Inject::tickWorlds(Ljava/util/function/BooleanSupplier;Lorg/spongepowered/asm/mixin/injection/callback/CallbackInfo;)V doesn't use it's CallbackInfo
[22:22:22] [Render thread/DEBUG] (FabricLoader/Mixin) fabric-gametest-api-v1.mixins.json:MinecraftServerMixin from mod fabric-gametest-api-v1->@Inject::tickWorlds(Ljava/util/function/BooleanSupplier;Lorg/spongepowered/asm/mixin/injection/callback/CallbackInfo;)V has 0 override(s) in child classes
[22:22:22] [Render thread/DEBUG] (FabricLoader/Mixin) fabric-gametest-api-v1.mixins.json:MinecraftServerMixin from mod fabric-gametest-api-v1->@Inject::tickWorlds(Ljava/util/function/BooleanSupplier;Lorg/spongepowered/asm/mixin/injection/callback/CallbackInfo;)V won't be passed a CallbackInfo as a result
[22:22:22] [Render thread/DEBUG] (FabricLoader/Mixin) Mixing ServerLoginNetworkHandlerMixin from fabric-networking-api-v1.mixins.json into net.minecraft.server.network.ServerLoginNetworkHandler
[22:22:22] [Render thread/DEBUG] (FabricLoader/Mixin) fabric-networking-api-v1.mixins.json:ServerLoginNetworkHandlerMixin from mod fabric-networking-api-v1: Class version 61 required is higher than the class version supported by the current version of Mixin (JAVA_16 supports class version 60)
[22:22:22] [Render thread/DEBUG] (FabricLoader/Mixin) Mixing accessor.ServerLoginNetworkHandlerAccessor from fabric-networking-api-v1.mixins.json into net.minecraft.server.network.ServerLoginNetworkHandler
[22:22:22] [Render thread/DEBUG] (FabricLoader/Mixin) fabric-networking-api-v1.mixins.json:accessor.ServerLoginNetworkHandlerAccessor from mod fabric-networking-api-v1: Class version 61 required is higher than the class version supported by the current version of Mixin (JAVA_16 supports class version 60)
[22:22:22] [Render thread/DEBUG] (FabricLoader/Mixin) fabric-networking-api-v1.mixins.json:ServerLoginNetworkHandlerMixin from mod fabric-networking-api-v1->@Inject::initAddon(Lorg/spongepowered/asm/mixin/injection/callback/CallbackInfo;)V doesn't use it's CallbackInfo
[22:22:22] [Render thread/DEBUG] (FabricLoader/Mixin) fabric-networking-api-v1.mixins.json:ServerLoginNetworkHandlerMixin from mod fabric-networking-api-v1->@Inject::initAddon(Lorg/spongepowered/asm/mixin/injection/callback/CallbackInfo;)V has 0 override(s) in child classes
[22:22:22] [Render thread/DEBUG] (FabricLoader/Mixin) fabric-networking-api-v1.mixins.json:ServerLoginNetworkHandlerMixin from mod fabric-networking-api-v1->@Inject::initAddon(Lorg/spongepowered/asm/mixin/injection/callback/CallbackInfo;)V won't be passed a CallbackInfo as a result
[22:22:22] [Render thread/DEBUG] (FabricLoader/Mixin) fabric-networking-api-v1.mixins.json:ServerLoginNetworkHandlerMixin from mod fabric-networking-api-v1->@Inject::handleCustomPayloadReceivedAsync(Lnet/minecraft/network/packet/c2s/login/LoginQueryResponseC2SPacket;Lorg/spongepowered/asm/mixin/injection/callback/CallbackInfo;)V does use it's CallbackInfo
[22:22:22] [Render thread/DEBUG] (FabricLoader/Mixin) fabric-networking-api-v1.mixins.json:ServerLoginNetworkHandlerMixin from mod fabric-networking-api-v1->@Inject::handleDisconnection(Lnet/minecraft/text/Text;Lorg/spongepowered/asm/mixin/injection/callback/CallbackInfo;)V doesn't use it's CallbackInfo
[22:22:22] [Render thread/DEBUG] (FabricLoader/Mixin) fabric-networking-api-v1.mixins.json:ServerLoginNetworkHandlerMixin from mod fabric-networking-api-v1->@Inject::handleDisconnection(Lnet/minecraft/text/Text;Lorg/spongepowered/asm/mixin/injection/callback/CallbackInfo;)V has 0 override(s) in child classes
[22:22:22] [Render thread/DEBUG] (FabricLoader/Mixin) fabric-networking-api-v1.mixins.json:ServerLoginNetworkHandlerMixin from mod fabric-networking-api-v1->@Inject::handleDisconnection(Lnet/minecraft/text/Text;Lorg/spongepowered/asm/mixin/injection/callback/CallbackInfo;)V won't be passed a CallbackInfo as a result
[22:22:22] [Render thread/DEBUG] (FabricLoader/Mixin) fabric-networking-api-v1.mixins.json:ServerLoginNetworkHandlerMixin from mod fabric-networking-api-v1->@Inject::handlePlayTransitionNormal(Lnet/minecraft/server/network/ServerPlayerEntity;Lorg/spongepowered/asm/mixin/injection/callback/CallbackInfo;)V doesn't use it's CallbackInfo
[22:22:22] [Render thread/DEBUG] (FabricLoader/Mixin) fabric-networking-api-v1.mixins.json:ServerLoginNetworkHandlerMixin from mod fabric-networking-api-v1->@Inject::handlePlayTransitionNormal(Lnet/minecraft/server/network/ServerPlayerEntity;Lorg/spongepowered/asm/mixin/injection/callback/CallbackInfo;)V has 0 override(s) in child classes
[22:22:22] [Render thread/DEBUG] (FabricLoader/Mixin) fabric-networking-api-v1.mixins.json:ServerLoginNetworkHandlerMixin from mod fabric-networking-api-v1->@Inject::handlePlayTransitionNormal(Lnet/minecraft/server/network/ServerPlayerEntity;Lorg/spongepowered/asm/mixin/injection/callback/CallbackInfo;)V won't be passed a CallbackInfo as a result
[22:22:22] [Render thread/INFO] (lazymaterialgathering) Hello Fabric world!
[22:22:22] [Render thread/DEBUG] (FabricLoader/Mixin) Mixing LootTableBuilderMixin from fabric-loot-api-v2.mixins.json into net.minecraft.loot.LootTable$Builder
[22:22:22] [Render thread/DEBUG] (FabricLoader/Mixin) fabric-loot-api-v2.mixins.json:LootTableBuilderMixin from mod fabric-loot-api-v2: Class version 61 required is higher than the class version supported by the current version of Mixin (JAVA_8 supports class version 52)
[22:22:22] [Render thread/DEBUG] (FabricLoader/Mixin) Mixing LootManagerMixin from fabric-loot-api-v2.mixins.json into net.minecraft.loot.LootManager
[22:22:22] [Render thread/DEBUG] (FabricLoader/Mixin) fabric-loot-api-v2.mixins.json:LootManagerMixin from mod fabric-loot-api-v2: Class version 61 required is higher than the class version supported by the current version of Mixin (JAVA_8 supports class version 52)
[22:22:22] [Render thread/DEBUG] (FabricLoader/Mixin) Renaming synthetic method lambda$applyLootTableEvents$1(Lcom/google/common/collect/ImmutableMap$Builder;Lnet/minecraft/resource/ResourceManager;Lnet/minecraft/loot/LootManager;Lnet/minecraft/loot/LootDataKey;Ljava/lang/Object;)V to md84916f$fabric-loot-api-v2$lambda$applyLootTableEvents$1$0 in fabric-loot-api-v2.mixins.json:LootManagerMixin from mod fabric-loot-api-v2
[22:22:22] [Render thread/DEBUG] (FabricLoader/Mixin) Renaming synthetic method lambda$reload$0(Lnet/minecraft/resource/ResourceManager;Lnet/minecraft/loot/LootManager;)V to md84916f$fabric-loot-api-v2$lambda$reload$0$1 in fabric-loot-api-v2.mixins.json:LootManagerMixin from mod fabric-loot-api-v2
[22:22:22] [Render thread/DEBUG] (FabricLoader/Mixin) Mixing KeyedResourceReloadListenerMixin from fabric-resource-loader-v0.mixins.json into net.minecraft.loot.LootManager
[22:22:22] [Render thread/DEBUG] (FabricLoader/Mixin) fabric-resource-loader-v0.mixins.json:KeyedResourceReloadListenerMixin from mod fabric-resource-loader-v0: Class version 61 required is higher than the class version supported by the current version of Mixin (JAVA_16 supports class version 60)
[22:22:22] [Render thread/DEBUG] (FabricLoader/Mixin) Mixing LootManagerMixin from fabric-resource-conditions-api-v1.mixins.json into net.minecraft.loot.LootManager
[22:22:22] [Render thread/DEBUG] (FabricLoader/Mixin) fabric-resource-conditions-api-v1.mixins.json:LootManagerMixin from mod fabric-resource-conditions-api-v1: Class version 61 required is higher than the class version supported by the current version of Mixin (JAVA_16 supports class version 60)
[22:22:22] [Render thread/DEBUG] (FabricLoader/Mixin) fabric-loot-api-v2.mixins.json:LootManagerMixin from mod fabric-loot-api-v2->@Inject::reload(Lnet/minecraft/resource/ResourceReloader$Synchronizer;Lnet/minecraft/resource/ResourceManager;Lnet/minecraft/util/profiler/Profiler;Lnet/minecraft/util/profiler/Profiler;Ljava/util/concurrent/Executor;Ljava/util/concurrent/Executor;Lorg/spongepowered/asm/mixin/injection/callback/CallbackInfoReturnable;)V does use it's CallbackInfoReturnable
[22:22:22] [Render thread/DEBUG] (FabricLoader/Mixin) fabric-resource-conditions-api-v1.mixins.json:LootManagerMixin from mod fabric-resource-conditions-api-v1->@Inject::load(Lnet/minecraft/loot/LootDataType;Lnet/minecraft/resource/ResourceManager;Ljava/util/concurrent/Executor;Ljava/util/Map;Lorg/spongepowered/asm/mixin/injection/callback/CallbackInfoReturnable;Ljava/util/Map;)V doesn't use it's CallbackInfoReturnable
[22:22:22] [Render thread/DEBUG] (FabricLoader/Mixin) fabric-resource-conditions-api-v1.mixins.json:LootManagerMixin from mod fabric-resource-conditions-api-v1->@Inject::runAsync(Lnet/minecraft/resource/ResourceManager;Lnet/minecraft/loot/LootDataType;Ljava/util/Map;Lorg/spongepowered/asm/mixin/injection/callback/CallbackInfo;)V doesn't use it's CallbackInfo
[22:22:22] [Render thread/DEBUG] (FabricLoader/Mixin) fabric-resource-conditions-api-v1.mixins.json:LootManagerMixin from mod fabric-resource-conditions-api-v1->@Inject::applyResourceConditions(Lnet/minecraft/loot/LootDataType;Ljava/util/Map;Lnet/minecraft/util/Identifier;Lcom/google/gson/JsonElement;Lorg/spongepowered/asm/mixin/injection/callback/CallbackInfo;)V does use it's CallbackInfo
[22:22:22] [Render thread/DEBUG] (FabricLoader/Mixin) fabric-resource-conditions-api-v1.mixins.json:LootManagerMixin from mod fabric-resource-conditions-api-v1->@Inject::runAsyncEnd(Lnet/minecraft/resource/ResourceManager;Lnet/minecraft/loot/LootDataType;Ljava/util/Map;Lorg/spongepowered/asm/mixin/injection/callback/CallbackInfo;)V doesn't use it's CallbackInfo
[22:22:22] [Render thread/DEBUG] (FabricLoader/Mixin) Mixing LootTableAccessor from fabric-loot-api-v2.mixins.json into net.minecraft.loot.LootTable
[22:22:22] [Render thread/DEBUG] (FabricLoader/Mixin) fabric-loot-api-v2.mixins.json:LootTableAccessor from mod fabric-loot-api-v2: Class version 61 required is higher than the class version supported by the current version of Mixin (JAVA_8 supports class version 52)
[22:22:22] [Render thread/DEBUG] (FabricLoader/Mixin) Mixing LootTableMixin from fabric-loot-tables-v1.mixins.json into net.minecraft.loot.LootTable
[22:22:22] [Render thread/DEBUG] (FabricLoader/Mixin) fabric-loot-tables-v1.mixins.json:LootTableMixin from mod fabric-loot-tables-v1: Class version 61 required is higher than the class version supported by the current version of Mixin (JAVA_16 supports class version 60)
[22:22:22] [Render thread/DEBUG] (FabricLoader/Entrypoint) Iterating over entrypoint 'client'
[22:22:22] [Render thread/DEBUG] (FabricLoader/Mixin) Mixing accessor.ClientLoginNetworkHandlerAccessor from fabric-networking-api-v1.client.mixins.json into net.minecraft.client.network.ClientLoginNetworkHandler
[22:22:22] [Render thread/DEBUG] (FabricLoader/Mixin) fabric-networking-api-v1.client.mixins.json:accessor.ClientLoginNetworkHandlerAccessor from mod fabric-networking-api-v1: Class version 61 required is higher than the class version supported by the current version of Mixin (JAVA_16 supports class version 60)
[22:22:22] [Render thread/DEBUG] (FabricLoader/Mixin) Mixing ClientLoginNetworkHandlerMixin from fabric-networking-api-v1.client.mixins.json into net.minecraft.client.network.ClientLoginNetworkHandler
[22:22:22] [Render thread/DEBUG] (FabricLoader/Mixin) fabric-networking-api-v1.client.mixins.json:ClientLoginNetworkHandlerMixin from mod fabric-networking-api-v1: Class version 61 required is higher than the class version supported by the current version of Mixin (JAVA_16 supports class version 60)
[22:22:22] [Render thread/DEBUG] (FabricLoader/Mixin) fabric-networking-api-v1.client.mixins.json:ClientLoginNetworkHandlerMixin from mod fabric-networking-api-v1->@Inject::initAddon(Lorg/spongepowered/asm/mixin/injection/callback/CallbackInfo;)V doesn't use it's CallbackInfo
[22:22:22] [Render thread/DEBUG] (FabricLoader/Mixin) fabric-networking-api-v1.client.mixins.json:ClientLoginNetworkHandlerMixin from mod fabric-networking-api-v1->@Inject::initAddon(Lorg/spongepowered/asm/mixin/injection/callback/CallbackInfo;)V has 0 override(s) in child classes
[22:22:22] [Render thread/DEBUG] (FabricLoader/Mixin) fabric-networking-api-v1.client.mixins.json:ClientLoginNetworkHandlerMixin from mod fabric-networking-api-v1->@Inject::initAddon(Lorg/spongepowered/asm/mixin/injection/callback/CallbackInfo;)V won't be passed a CallbackInfo as a result
[22:22:22] [Render thread/DEBUG] (FabricLoader/Mixin) fabric-networking-api-v1.client.mixins.json:ClientLoginNetworkHandlerMixin from mod fabric-networking-api-v1->@Inject::handleQueryRequest(Lnet/minecraft/network/packet/s2c/login/LoginQueryRequestS2CPacket;Lorg/spongepowered/asm/mixin/injection/callback/CallbackInfo;)V does use it's CallbackInfo
[22:22:22] [Render thread/DEBUG] (FabricLoader/Mixin) fabric-networking-api-v1.client.mixins.json:ClientLoginNetworkHandlerMixin from mod fabric-networking-api-v1->@Inject::invokeLoginDisconnectEvent(Lnet/minecraft/text/Text;Lorg/spongepowered/asm/mixin/injection/callback/CallbackInfo;)V doesn't use it's CallbackInfo
[22:22:22] [Render thread/DEBUG] (FabricLoader/Mixin) fabric-networking-api-v1.client.mixins.json:ClientLoginNetworkHandlerMixin from mod fabric-networking-api-v1->@Inject::invokeLoginDisconnectEvent(Lnet/minecraft/text/Text;Lorg/spongepowered/asm/mixin/injection/callback/CallbackInfo;)V has 0 override(s) in child classes
[22:22:22] [Render thread/DEBUG] (FabricLoader/Mixin) fabric-networking-api-v1.client.mixins.json:ClientLoginNetworkHandlerMixin from mod fabric-networking-api-v1->@Inject::invokeLoginDisconnectEvent(Lnet/minecraft/text/Text;Lorg/spongepowered/asm/mixin/injection/callback/CallbackInfo;)V won't be passed a CallbackInfo as a result
[22:22:22] [Render thread/DEBUG] (FabricLoader/Mixin) fabric-networking-api-v1.client.mixins.json:ClientLoginNetworkHandlerMixin from mod fabric-networking-api-v1->@Inject::handlePlayTransition(Lorg/spongepowered/asm/mixin/injection/callback/CallbackInfo;)V doesn't use it's CallbackInfo
[22:22:22] [Render thread/DEBUG] (FabricLoader/Mixin) fabric-networking-api-v1.client.mixins.json:ClientLoginNetworkHandlerMixin from mod fabric-networking-api-v1->@Inject::handlePlayTransition(Lorg/spongepowered/asm/mixin/injection/callback/CallbackInfo;)V has 0 override(s) in child classes
[22:22:22] [Render thread/DEBUG] (FabricLoader/Mixin) fabric-networking-api-v1.client.mixins.json:ClientLoginNetworkHandlerMixin from mod fabric-networking-api-v1->@Inject::handlePlayTransition(Lorg/spongepowered/asm/mixin/injection/callback/CallbackInfo;)V won't be passed a CallbackInfo as a result
[22:22:22] [Render thread/DEBUG] (FabricLoader/Mixin) Mixing ClientPlayNetworkHandlerMixin from fabric-message-api-v1.client.mixins.json into net.minecraft.client.network.ClientPlayNetworkHandler
[22:22:22] [Render thread/DEBUG] (FabricLoader/Mixin) Mixing ClientPlayNetworkHandlerMixin from fabric-networking-api-v1.client.mixins.json into net.minecraft.client.network.ClientPlayNetworkHandler
[22:22:22] [Render thread/DEBUG] (FabricLoader/Mixin) fabric-networking-api-v1.client.mixins.json:ClientPlayNetworkHandlerMixin from mod fabric-networking-api-v1: Class version 61 required is higher than the class version supported by the current version of Mixin (JAVA_16 supports class version 60)
[22:22:22] [Render thread/DEBUG] (FabricLoader/Mixin) Mixing ClientPlayNetworkHandlerMixin from fabric-lifecycle-events-v1.client.mixins.json into net.minecraft.client.network.ClientPlayNetworkHandler
[22:22:22] [Render thread/DEBUG] (FabricLoader/Mixin) fabric-lifecycle-events-v1.client.mixins.json:ClientPlayNetworkHandlerMixin from mod fabric-lifecycle-events-v1: Class version 61 required is higher than the class version supported by the current version of Mixin (JAVA_16 supports class version 60)
[22:22:22] [Render thread/DEBUG] (FabricLoader/Mixin) Mixing MixinClientPlayNetHandler from mixins.baritone.json into net.minecraft.client.network.ClientPlayNetworkHandler
[22:22:22] [Render thread/DEBUG] (FabricLoader/Mixin) Renaming synthetic method lambda$postHandleMultiBlockChange$0(Ljava/util/List;Lnet/minecraft/util/math/BlockPos;Lnet/minecraft/block/BlockState;)V to md84916f$baritone$lambda$postHandleMultiBlockChange$0$0 in mixins.baritone.json:MixinClientPlayNetHandler from mod baritone
[22:22:22] [Render thread/DEBUG] (FabricLoader/Mixin) Mixing MixinClientPlayNetworkHandler from mixins.malilib.json into net.minecraft.client.network.ClientPlayNetworkHandler
[22:22:22] [Render thread/DEBUG] (FabricLoader/Mixin) Mixing ClientPlayNetworkHandlerMixin from fabric-command-api-v2.client.mixins.json into net.minecraft.client.network.ClientPlayNetworkHandler
[22:22:22] [Render thread/DEBUG] (FabricLoader/Mixin) fabric-command-api-v2.client.mixins.json:ClientPlayNetworkHandlerMixin from mod fabric-command-api-v2: Class version 61 required is higher than the class version supported by the current version of Mixin (JAVA_16 supports class version 60)
[22:22:22] [Render thread/DEBUG] (FabricLoader/Mixin) Mixing MixinClientPlayNetworkHandler from mixins.litematica.json into net.minecraft.client.network.ClientPlayNetworkHandler
[22:22:22] [Render thread/DEBUG] (FabricLoader/Mixin) Mixing ClientPlayNetworkHandlerMixin from fabric-data-attachment-api-v1.client.mixins.json into net.minecraft.client.network.ClientPlayNetworkHandler
[22:22:22] [Render thread/DEBUG] (FabricLoader/Mixin) fabric-message-api-v1.client.mixins.json:ClientPlayNetworkHandlerMixin from mod fabric-message-api-v1->@Inject::fabric_allowSendChatMessage(Ljava/lang/String;Lorg/spongepowered/asm/mixin/injection/callback/CallbackInfo;)V does use it's CallbackInfo
[22:22:22] [Render thread/DEBUG] (FabricLoader/Mixin) fabric-message-api-v1.client.mixins.json:ClientPlayNetworkHandlerMixin from mod fabric-message-api-v1->@Inject::fabric_allowSendCommandMessage(Ljava/lang/String;Lorg/spongepowered/asm/mixin/injection/callback/CallbackInfo;)V does use it's CallbackInfo
[22:22:22] [Render thread/DEBUG] (FabricLoader/Mixin) fabric-networking-api-v1.client.mixins.json:ClientPlayNetworkHandlerMixin from mod fabric-networking-api-v1->@Inject::initAddon(Lorg/spongepowered/asm/mixin/injection/callback/CallbackInfo;)V doesn't use it's CallbackInfo
[22:22:22] [Render thread/DEBUG] (FabricLoader/Mixin) fabric-networking-api-v1.client.mixins.json:ClientPlayNetworkHandlerMixin from mod fabric-networking-api-v1->@Inject::initAddon(Lorg/spongepowered/asm/mixin/injection/callback/CallbackInfo;)V has 0 override(s) in child classes
[22:22:22] [Render thread/DEBUG] (FabricLoader/Mixin) fabric-networking-api-v1.client.mixins.json:ClientPlayNetworkHandlerMixin from mod fabric-networking-api-v1->@Inject::initAddon(Lorg/spongepowered/asm/mixin/injection/callback/CallbackInfo;)V won't be passed a CallbackInfo as a result
[22:22:22] [Render thread/DEBUG] (FabricLoader/Mixin) fabric-networking-api-v1.client.mixins.json:ClientPlayNetworkHandlerMixin from mod fabric-networking-api-v1->@Inject::handleServerPlayReady(Lnet/minecraft/network/packet/s2c/play/GameJoinS2CPacket;Lorg/spongepowered/asm/mixin/injection/callback/CallbackInfo;)V doesn't use it's CallbackInfo
[22:22:22] [Render thread/DEBUG] (FabricLoader/Mixin) fabric-networking-api-v1.client.mixins.json:ClientPlayNetworkHandlerMixin from mod fabric-networking-api-v1->@Inject::handleServerPlayReady(Lnet/minecraft/network/packet/s2c/play/GameJoinS2CPacket;Lorg/spongepowered/asm/mixin/injection/callback/CallbackInfo;)V has 0 override(s) in child classes
[22:22:22] [Render thread/DEBUG] (FabricLoader/Mixin) fabric-networking-api-v1.client.mixins.json:ClientPlayNetworkHandlerMixin from mod fabric-networking-api-v1->@Inject::handleServerPlayReady(Lnet/minecraft/network/packet/s2c/play/GameJoinS2CPacket;Lorg/spongepowered/asm/mixin/injection/callback/CallbackInfo;)V won't be passed a CallbackInfo as a result
[22:22:22] [Render thread/DEBUG] (FabricLoader/Mixin) fabric-networking-api-v1.client.mixins.json:ClientPlayNetworkHandlerMixin from mod fabric-networking-api-v1->@Inject::handleCustomPayload(Lnet/minecraft/network/packet/s2c/play/CustomPayloadS2CPacket;Lorg/spongepowered/asm/mixin/injection/callback/CallbackInfo;)V does use it's CallbackInfo
[22:22:22] [Render thread/DEBUG] (FabricLoader/Mixin) fabric-networking-api-v1.client.mixins.json:ClientPlayNetworkHandlerMixin from mod fabric-networking-api-v1->@Inject::handleDisconnection(Lnet/minecraft/text/Text;Lorg/spongepowered/asm/mixin/injection/callback/CallbackInfo;)V doesn't use it's CallbackInfo
[22:22:22] [Render thread/DEBUG] (FabricLoader/Mixin) fabric-networking-api-v1.client.mixins.json:ClientPlayNetworkHandlerMixin from mod fabric-networking-api-v1->@Inject::handleDisconnection(Lnet/minecraft/text/Text;Lorg/spongepowered/asm/mixin/injection/callback/CallbackInfo;)V has 0 override(s) in child classes
[22:22:22] [Render thread/DEBUG] (FabricLoader/Mixin) fabric-networking-api-v1.client.mixins.json:ClientPlayNetworkHandlerMixin from mod fabric-networking-api-v1->@Inject::handleDisconnection(Lnet/minecraft/text/Text;Lorg/spongepowered/asm/mixin/injection/callback/CallbackInfo;)V won't be passed a CallbackInfo as a result
[22:22:22] [Render thread/DEBUG] (FabricLoader/Mixin) fabric-lifecycle-events-v1.client.mixins.json:ClientPlayNetworkHandlerMixin from mod fabric-lifecycle-events-v1->@Inject::onPlayerRespawn(Lnet/minecraft/network/packet/s2c/play/PlayerRespawnS2CPacket;Lorg/spongepowered/asm/mixin/injection/callback/CallbackInfo;)V doesn't use it's CallbackInfo
[22:22:22] [Render thread/DEBUG] (FabricLoader/Mixin) fabric-lifecycle-events-v1.client.mixins.json:ClientPlayNetworkHandlerMixin from mod fabric-lifecycle-events-v1->@Inject::onPlayerRespawn(Lnet/minecraft/network/packet/s2c/play/PlayerRespawnS2CPacket;Lorg/spongepowered/asm/mixin/injection/callback/CallbackInfo;)V has 0 override(s) in child classes
[22:22:22] [Render thread/DEBUG] (FabricLoader/Mixin) fabric-lifecycle-events-v1.client.mixins.json:ClientPlayNetworkHandlerMixin from mod fabric-lifecycle-events-v1->@Inject::onPlayerRespawn(Lnet/minecraft/network/packet/s2c/play/PlayerRespawnS2CPacket;Lorg/spongepowered/asm/mixin/injection/callback/CallbackInfo;)V won't be passed a CallbackInfo as a result
[22:22:22] [Render thread/DEBUG] (FabricLoader/Mixin) fabric-lifecycle-events-v1.client.mixins.json:ClientPlayNetworkHandlerMixin from mod fabric-lifecycle-events-v1->@Inject::onGameJoin(Lnet/minecraft/network/packet/s2c/play/GameJoinS2CPacket;Lorg/spongepowered/asm/mixin/injection/callback/CallbackInfo;)V doesn't use it's CallbackInfo
[22:22:22] [Render thread/DEBUG] (FabricLoader/Mixin) fabric-lifecycle-events-v1.client.mixins.json:ClientPlayNetworkHandlerMixin from mod fabric-lifecycle-events-v1->@Inject::onGameJoin(Lnet/minecraft/network/packet/s2c/play/GameJoinS2CPacket;Lorg/spongepowered/asm/mixin/injection/callback/CallbackInfo;)V has 0 override(s) in child classes
[22:22:22] [Render thread/DEBUG] (FabricLoader/Mixin) fabric-lifecycle-events-v1.client.mixins.json:ClientPlayNetworkHandlerMixin from mod fabric-lifecycle-events-v1->@Inject::onGameJoin(Lnet/minecraft/network/packet/s2c/play/GameJoinS2CPacket;Lorg/spongepowered/asm/mixin/injection/callback/CallbackInfo;)V won't be passed a CallbackInfo as a result
[22:22:22] [Render thread/DEBUG] (FabricLoader/Mixin) fabric-lifecycle-events-v1.client.mixins.json:ClientPlayNetworkHandlerMixin from mod fabric-lifecycle-events-v1->@Inject::onClearWorld(Lorg/spongepowered/asm/mixin/injection/callback/CallbackInfo;)V doesn't use it's CallbackInfo
[22:22:22] [Render thread/DEBUG] (FabricLoader/Mixin) fabric-lifecycle-events-v1.client.mixins.json:ClientPlayNetworkHandlerMixin from mod fabric-lifecycle-events-v1->@Inject::onClearWorld(Lorg/spongepowered/asm/mixin/injection/callback/CallbackInfo;)V has 0 override(s) in child classes
[22:22:22] [Render thread/DEBUG] (FabricLoader/Mixin) fabric-lifecycle-events-v1.client.mixins.json:ClientPlayNetworkHandlerMixin from mod fabric-lifecycle-events-v1->@Inject::onClearWorld(Lorg/spongepowered/asm/mixin/injection/callback/CallbackInfo;)V won't be passed a CallbackInfo as a result
[22:22:22] [Render thread/DEBUG] (FabricLoader/Mixin) fabric-lifecycle-events-v1.client.mixins.json:ClientPlayNetworkHandlerMixin from mod fabric-lifecycle-events-v1->@Inject::hookOnSynchronizeTags(Lnet/minecraft/network/packet/s2c/play/SynchronizeTagsS2CPacket;Lorg/spongepowered/asm/mixin/injection/callback/CallbackInfo;)V doesn't use it's CallbackInfo
[22:22:22] [Render thread/DEBUG] (FabricLoader/Mixin) fabric-lifecycle-events-v1.client.mixins.json:ClientPlayNetworkHandlerMixin from mod fabric-lifecycle-events-v1->@Inject::hookOnSynchronizeTags(Lnet/minecraft/network/packet/s2c/play/SynchronizeTagsS2CPacket;Lorg/spongepowered/asm/mixin/injection/callback/CallbackInfo;)V has 0 override(s) in child classes
[22:22:22] [Render thread/DEBUG] (FabricLoader/Mixin) fabric-lifecycle-events-v1.client.mixins.json:ClientPlayNetworkHandlerMixin from mod fabric-lifecycle-events-v1->@Inject::hookOnSynchronizeTags(Lnet/minecraft/network/packet/s2c/play/SynchronizeTagsS2CPacket;Lorg/spongepowered/asm/mixin/injection/callback/CallbackInfo;)V won't be passed a CallbackInfo as a result
[22:22:22] [Render thread/DEBUG] (FabricLoader/Mixin) mixins.baritone.json:MixinClientPlayNetHandler from mod baritone->@Inject::sendChatMessage(Ljava/lang/String;Lorg/spongepowered/asm/mixin/injection/callback/CallbackInfo;)V does use it's CallbackInfo
[22:22:22] [Render thread/DEBUG] (FabricLoader/Mixin) mixins.baritone.json:MixinClientPlayNetHandler from mod baritone->@Inject::postHandleChunkData(Lnet/minecraft/network/packet/s2c/play/ChunkDataS2CPacket;Lorg/spongepowered/asm/mixin/injection/callback/CallbackInfo;)V does use it's CallbackInfo
[22:22:22] [Render thread/DEBUG] (FabricLoader/Mixin) mixins.baritone.json:MixinClientPlayNetHandler from mod baritone->@Inject::preChunkUnload(Lnet/minecraft/network/packet/s2c/play/UnloadChunkS2CPacket;Lorg/spongepowered/asm/mixin/injection/callback/CallbackInfo;)V does use it's CallbackInfo
[22:22:22] [Render thread/DEBUG] (FabricLoader/Mixin) mixins.baritone.json:MixinClientPlayNetHandler from mod baritone->@Inject::postChunkUnload(Lnet/minecraft/network/packet/s2c/play/UnloadChunkS2CPacket;Lorg/spongepowered/asm/mixin/injection/callback/CallbackInfo;)V does use it's CallbackInfo
[22:22:22] [Render thread/DEBUG] (FabricLoader/Mixin) mixins.baritone.json:MixinClientPlayNetHandler from mod baritone->@Inject::postHandleBlockChange(Lnet/minecraft/network/packet/s2c/play/BlockUpdateS2CPacket;Lorg/spongepowered/asm/mixin/injection/callback/CallbackInfo;)V does use it's CallbackInfo
[22:22:22] [Render thread/DEBUG] (FabricLoader/Mixin) mixins.baritone.json:MixinClientPlayNetHandler from mod baritone->@Inject::postHandleMultiBlockChange(Lnet/minecraft/network/packet/s2c/play/ChunkDeltaUpdateS2CPacket;Lorg/spongepowered/asm/mixin/injection/callback/CallbackInfo;)V does use it's CallbackInfo
[22:22:22] [Render thread/DEBUG] (FabricLoader/Mixin) mixins.baritone.json:MixinClientPlayNetHandler from mod baritone->@Inject::onPlayerDeath(Lnet/minecraft/network/packet/s2c/play/DeathMessageS2CPacket;Lorg/spongepowered/asm/mixin/injection/callback/CallbackInfo;)V does use it's CallbackInfo
[22:22:22] [Render thread/DEBUG] (FabricLoader/Mixin) mixins.malilib.json:MixinClientPlayNetworkHandler from mod malilib->@Inject::onPreJoinGameHead(Lnet/minecraft/network/packet/s2c/play/GameJoinS2CPacket;Lorg/spongepowered/asm/mixin/injection/callback/CallbackInfo;)V doesn't use it's CallbackInfo
[22:22:22] [Render thread/DEBUG] (FabricLoader/Mixin) mixins.malilib.json:MixinClientPlayNetworkHandler from mod malilib->@Inject::onPreJoinGameHead(Lnet/minecraft/network/packet/s2c/play/GameJoinS2CPacket;Lorg/spongepowered/asm/mixin/injection/callback/CallbackInfo;)V has 0 override(s) in child classes
[22:22:22] [Render thread/DEBUG] (FabricLoader/Mixin) mixins.malilib.json:MixinClientPlayNetworkHandler from mod malilib->@Inject::onPreJoinGameHead(Lnet/minecraft/network/packet/s2c/play/GameJoinS2CPacket;Lorg/spongepowered/asm/mixin/injection/callback/CallbackInfo;)V won't be passed a CallbackInfo as a result
[22:22:22] [Render thread/DEBUG] (FabricLoader/Mixin) mixins.malilib.json:MixinClientPlayNetworkHandler from mod malilib->@Inject::onPreGameJoin(Lnet/minecraft/network/packet/s2c/play/GameJoinS2CPacket;Lorg/spongepowered/asm/mixin/injection/callback/CallbackInfo;)V doesn't use it's CallbackInfo
[22:22:22] [Render thread/DEBUG] (FabricLoader/Mixin) mixins.malilib.json:MixinClientPlayNetworkHandler from mod malilib->@Inject::onPreGameJoin(Lnet/minecraft/network/packet/s2c/play/GameJoinS2CPacket;Lorg/spongepowered/asm/mixin/injection/callback/CallbackInfo;)V has 0 override(s) in child classes
[22:22:22] [Render thread/DEBUG] (FabricLoader/Mixin) mixins.malilib.json:MixinClientPlayNetworkHandler from mod malilib->@Inject::onPreGameJoin(Lnet/minecraft/network/packet/s2c/play/GameJoinS2CPacket;Lorg/spongepowered/asm/mixin/injection/callback/CallbackInfo;)V won't be passed a CallbackInfo as a result
[22:22:22] [Render thread/DEBUG] (FabricLoader/Mixin) mixins.malilib.json:MixinClientPlayNetworkHandler from mod malilib->@Inject::onPostGameJoin(Lnet/minecraft/network/packet/s2c/play/GameJoinS2CPacket;Lorg/spongepowered/asm/mixin/injection/callback/CallbackInfo;)V doesn't use it's CallbackInfo
[22:22:22] [Render thread/DEBUG] (FabricLoader/Mixin) mixins.malilib.json:MixinClientPlayNetworkHandler from mod malilib->@Inject::onPostGameJoin(Lnet/minecraft/network/packet/s2c/play/GameJoinS2CPacket;Lorg/spongepowered/asm/mixin/injection/callback/CallbackInfo;)V has 0 override(s) in child classes
[22:22:22] [Render thread/DEBUG] (FabricLoader/Mixin) mixins.malilib.json:MixinClientPlayNetworkHandler from mod malilib->@Inject::onPostGameJoin(Lnet/minecraft/network/packet/s2c/play/GameJoinS2CPacket;Lorg/spongepowered/asm/mixin/injection/callback/CallbackInfo;)V won't be passed a CallbackInfo as a result
[22:22:22] [Render thread/DEBUG] (FabricLoader/Mixin) mixins.malilib.json:MixinClientPlayNetworkHandler from mod malilib->@Inject::onCustomPayload(Lnet/minecraft/network/packet/s2c/play/CustomPayloadS2CPacket;Lorg/spongepowered/asm/mixin/injection/callback/CallbackInfo;)V does use it's CallbackInfo
[22:22:22] [Render thread/DEBUG] (FabricLoader/Mixin) fabric-command-api-v2.client.mixins.json:ClientPlayNetworkHandlerMixin from mod fabric-command-api-v2->@Inject::onGameJoin(Lnet/minecraft/network/packet/s2c/play/GameJoinS2CPacket;Lorg/spongepowered/asm/mixin/injection/callback/CallbackInfo;)V doesn't use it's CallbackInfo
[22:22:22] [Render thread/DEBUG] (FabricLoader/Mixin) fabric-command-api-v2.client.mixins.json:ClientPlayNetworkHandlerMixin from mod fabric-command-api-v2->@Inject::onGameJoin(Lnet/minecraft/network/packet/s2c/play/GameJoinS2CPacket;Lorg/spongepowered/asm/mixin/injection/callback/CallbackInfo;)V has 0 override(s) in child classes
[22:22:22] [Render thread/DEBUG] (FabricLoader/Mixin) fabric-command-api-v2.client.mixins.json:ClientPlayNetworkHandlerMixin from mod fabric-command-api-v2->@Inject::onGameJoin(Lnet/minecraft/network/packet/s2c/play/GameJoinS2CPacket;Lorg/spongepowered/asm/mixin/injection/callback/CallbackInfo;)V won't be passed a CallbackInfo as a result
[22:22:22] [Render thread/DEBUG] (FabricLoader/Mixin) fabric-command-api-v2.client.mixins.json:ClientPlayNetworkHandlerMixin from mod fabric-command-api-v2->@Inject::onOnCommandTree(Lnet/minecraft/network/packet/s2c/play/CommandTreeS2CPacket;Lorg/spongepowered/asm/mixin/injection/callback/CallbackInfo;)V doesn't use it's CallbackInfo
[22:22:22] [Render thread/DEBUG] (FabricLoader/Mixin) fabric-command-api-v2.client.mixins.json:ClientPlayNetworkHandlerMixin from mod fabric-command-api-v2->@Inject::onOnCommandTree(Lnet/minecraft/network/packet/s2c/play/CommandTreeS2CPacket;Lorg/spongepowered/asm/mixin/injection/callback/CallbackInfo;)V has 0 override(s) in child classes
[22:22:22] [Render thread/DEBUG] (FabricLoader/Mixin) fabric-command-api-v2.client.mixins.json:ClientPlayNetworkHandlerMixin from mod fabric-command-api-v2->@Inject::onOnCommandTree(Lnet/minecraft/network/packet/s2c/play/CommandTreeS2CPacket;Lorg/spongepowered/asm/mixin/injection/callback/CallbackInfo;)V won't be passed a CallbackInfo as a result
[22:22:22] [Render thread/DEBUG] (FabricLoader/Mixin) fabric-command-api-v2.client.mixins.json:ClientPlayNetworkHandlerMixin from mod fabric-command-api-v2->@Inject::onSendCommand(Ljava/lang/String;Lorg/spongepowered/asm/mixin/injection/callback/CallbackInfoReturnable;)V does use it's CallbackInfoReturnable
[22:22:22] [Render thread/DEBUG] (FabricLoader/Mixin) fabric-command-api-v2.client.mixins.json:ClientPlayNetworkHandlerMixin from mod fabric-command-api-v2->@Inject::onSendCommand(Ljava/lang/String;Lorg/spongepowered/asm/mixin/injection/callback/CallbackInfo;)V does use it's CallbackInfo
[22:22:22] [Render thread/DEBUG] (FabricLoader/Mixin) mixins.litematica.json:MixinClientPlayNetworkHandler from mod litematica->@Inject::litematica_onUpdateChunk(Lnet/minecraft/network/packet/s2c/play/ChunkDataS2CPacket;Lorg/spongepowered/asm/mixin/injection/callback/CallbackInfo;)V doesn't use it's CallbackInfo
[22:22:22] [Render thread/DEBUG] (FabricLoader/Mixin) mixins.litematica.json:MixinClientPlayNetworkHandler from mod litematica->@Inject::litematica_onUpdateChunk(Lnet/minecraft/network/packet/s2c/play/ChunkDataS2CPacket;Lorg/spongepowered/asm/mixin/injection/callback/CallbackInfo;)V has 0 override(s) in child classes
[22:22:22] [Render thread/DEBUG] (FabricLoader/Mixin) mixins.litematica.json:MixinClientPlayNetworkHandler from mod litematica->@Inject::litematica_onUpdateChunk(Lnet/minecraft/network/packet/s2c/play/ChunkDataS2CPacket;Lorg/spongepowered/asm/mixin/injection/callback/CallbackInfo;)V won't be passed a CallbackInfo as a result
[22:22:22] [Render thread/DEBUG] (FabricLoader/Mixin) mixins.litematica.json:MixinClientPlayNetworkHandler from mod litematica->@Inject::litematica_onChunkUnload(Lnet/minecraft/network/packet/s2c/play/UnloadChunkS2CPacket;Lorg/spongepowered/asm/mixin/injection/callback/CallbackInfo;)V doesn't use it's CallbackInfo
[22:22:22] [Render thread/DEBUG] (FabricLoader/Mixin) mixins.litematica.json:MixinClientPlayNetworkHandler from mod litematica->@Inject::litematica_onChunkUnload(Lnet/minecraft/network/packet/s2c/play/UnloadChunkS2CPacket;Lorg/spongepowered/asm/mixin/injection/callback/CallbackInfo;)V has 0 override(s) in child classes
[22:22:22] [Render thread/DEBUG] (FabricLoader/Mixin) mixins.litematica.json:MixinClientPlayNetworkHandler from mod litematica->@Inject::litematica_onChunkUnload(Lnet/minecraft/network/packet/s2c/play/UnloadChunkS2CPacket;Lorg/spongepowered/asm/mixin/injection/callback/CallbackInfo;)V won't be passed a CallbackInfo as a result
[22:22:22] [Render thread/DEBUG] (FabricLoader/Mixin) mixins.litematica.json:MixinClientPlayNetworkHandler from mod litematica->@Inject::litematica_onGameMessage(Lnet/minecraft/network/packet/s2c/play/GameMessageS2CPacket;Lorg/spongepowered/asm/mixin/injection/callback/CallbackInfo;)V does use it's CallbackInfo
[22:22:22] [Worker-Main-1/INFO] (Mod Menu/Update Checker) Checking mod updates...
[22:22:22] [Worker-Main-1/DEBUG] (Mod Menu/Update Checker) Hash for fabric-renderer-api-v1 is a48fc0cb52de5996a9af178ca53727b90f29278550a2021e4e110b5636224aee42448e094bb18fec042d945387c9f863d2d2720069fd4eeba5d908b7ace84fc2
[22:22:22] [Worker-Main-1/DEBUG] (Mod Menu/Update Checker) Hash for fabric-keybindings-v0 is 1eb30a7a208b91baa8b8282f00fb95db8da67c098b82b811ba38ffb73882644de0a336c49599582f41b97d2790bc9871daa66eebf1c4e153d4db5ad2c54f3bd1
[22:22:22] [Worker-Main-1/DEBUG] (Mod Menu/Update Checker) Hash for fabric-transfer-api-v1 is b15e1399486ea399eb987b945063e834a2f125e6cbff533690ec4c3673fee08fa7da525fd0f562864d400582a8aa29b31acdac3ee00ed12f81195f1a544178e2
[22:22:22] [Worker-Main-1/DEBUG] (Mod Menu/Update Checker) Hash for fabric-mining-level-api-v1 is 4ec1f59511549b8e68294b9eb80772c790fea4d61428f2a0f9be10d06970332affea9750bf185ef3c85aaad214850f097821c40b989ea06a1b92c8f4db1b559c
[22:22:22] [Worker-Main-1/DEBUG] (Mod Menu/Update Checker) Hash for fabric-containers-v0 is 3d848b230e4caa171336b26fe6119056ed73764d418d27dbbfef47f5a86d1e4cdfc16526ab8b51f042e2566cf36daf31af33bcdfcdc2727cdc522e7965c7d9c5
[22:22:22] [Worker-Main-1/DEBUG] (Mod Menu/Update Checker) Hash for fabric-object-builder-api-v1 is 901c29d3194834cb45be8ce811b98bce7db3679b703b063590871e99310c9905a7ff4d562f4724125f23385c34ef44ab3d5bcb57fef6d86f249550ae69ea7277
[22:22:22] [Worker-Main-1/DEBUG] (Mod Menu/Update Checker) Hash for fabric-dimensions-v1 is 2ee856883f12682a784cec5c441159f3a4e5587c29c1140cdce12a691ee138dd8846aca3811db7b3536c32bad794dbe7d77db2ff20a3c63ce48163dc25c7446c
[22:22:22] [Worker-Main-1/DEBUG] (Mod Menu/Update Checker) Hash for fabric-game-rule-api-v1 is 4715b4213fc89fe32e37c97ecf98c56b427c3a1ba8b4941d152923f48fa6b3cffecb37902903df00ec1718731684270429b9e1beafb73794951944df52c8e323
[22:22:22] [Worker-Main-1/DEBUG] (Mod Menu/Update Checker) Hash for fabric-api-base is b0715f171dc8ae12054714750a7d2d01ce45699bfe73eb07b3d0591a73c09ad869cabb91a221146b83e3b2872d999e548541fe9d0677a1465a86183f23240b19
[22:22:22] [Worker-Main-1/DEBUG] (Mod Menu/Update Checker) Hash for fabric-resource-conditions-api-v1 is 82271846ea49eae1b6f0acb7c59e071c13fe10d0b9d8ce05d28ecd8ef7c3ae1b17a9eba5738419d581f11f74ef04ffb31dc67430ed7ece178ce7a918c3893849
[22:22:22] [Worker-Main-1/DEBUG] (Mod Menu/Update Checker) Hash for fabric-sound-api-v1 is 069da8b992da4ec9a2935e079394b935497003aae2dd37b7ac0a3aa9e23a8f4455ae4a34db2e48440462c9b1654edaad0ae79b2c143ff0920bb72674ed0a3311
[22:22:22] [Worker-Main-1/DEBUG] (Mod Menu/Update Checker) Hash for fabric-model-loading-api-v1 is 855ac1eea65377c67d3b72ba2c20e6cf806cb8aaf8b6276f92f410df1caf0b0f5f9ec9977c26a7b3bdd1f9ecb4631fb963627e17c71de2da4767ee6a24e12f8b
[22:22:22] [Worker-Main-1/DEBUG] (Mod Menu/Update Checker) Hash for fabric-rendering-data-attachment-v1 is c2aa18c85b2eeb8a08c28f1dddcbc3a7da1e06fec98f7ef2d197607cfe545918cee2a4efc4dc7318c1294fa5a10c71f966c20c5ec09dae0d355d46903056779a
[22:22:23] [Render thread/DEBUG] (FabricLoader/Mixin) Mixing MixinNetworkManager from mixins.baritone.json into net.minecraft.network.ClientConnection
[22:22:23] [Worker-Main-1/DEBUG] (Mod Menu/Update Checker) Hash for mixinextras is 854e8fdc79699835253cb1d98ff10c6ef88586f11a1a279a198e8c6784ff7477dceb6d8d8562fafb458b2c43648f6dc4853e42a3d606ba495d1c3eafa02d953a
[22:22:23] [Render thread/DEBUG] (FabricLoader/Mixin) Mixing ClientConnectionMixin from fabric-networking-api-v1.mixins.json into net.minecraft.network.ClientConnection
[22:22:23] [Render thread/DEBUG] (FabricLoader/Mixin) fabric-networking-api-v1.mixins.json:ClientConnectionMixin from mod fabric-networking-api-v1: Class version 61 required is higher than the class version supported by the current version of Mixin (JAVA_16 supports class version 60)
[22:22:23] [Worker-Main-1/DEBUG] (Mod Menu/Update Checker) Hash for fabric-data-attachment-api-v1 is 1d5213424a0dd8922c8d4cfb941523b20f8bbc4df3b3ac9da1285d180586ae818b4fd9be11accb86ba034976209746cbdce1268e862cf1f3b68fce098060e999
[22:22:23] [Worker-Main-1/DEBUG] (Mod Menu/Update Checker) Hash for fabric-rendering-fluids-v1 is 747d94ad6d47e2480f9c2939211a4e611c0170216dc8b4b337bd9b5f9cf5c8595bdbd39f1f7a3f7a170aeaa75002f78645b324561cc3b77fa2791415546d62ad
[22:22:23] [Worker-Main-1/DEBUG] (Mod Menu/Update Checker) Hash for litematica is b1d21fc90991ee7f6663ac9ee85843d0b69b8141900afc5d45e4f8f2ddb223653b37385e4fd6414f4205b13bf2ec7f1a8b85c8633556bf124ca7441cd0fd13db
[22:22:23] [Worker-Main-1/DEBUG] (Mod Menu/Update Checker) Hash for fabric-blockrenderlayer-v1 is 60b1fffb3bcb30f7acd769dff173a127366c5bed954738647e8c17168bc10a3c92dfdb2edb17542323b5fd9a66bbe91b89c8766c1dd7352fc44fa7427934514e
[22:22:23] [Worker-Main-1/DEBUG] (Mod Menu/Update Checker) Hash for fabric-lifecycle-events-v1 is 4bf9bc706ea54000665ebda51d4cff9487c2878c636c0b39d83998f03de544aa9972e50696e4e3d7e1dcddb58360ef7745a1eff59e356079dce0334d947480e9
[22:22:23] [Worker-Main-1/DEBUG] (Mod Menu/Update Checker) Hash for fabric-renderer-registries-v1 is 230cea148bcaf54e3f12814701ee3e18aafc95d5e20acca5fa979dac8ddcd56fd23ac43de56311470cc2cc4e9a27595b50be3eea3b917d67f0ed0ffc847472ac
[22:22:23] [Worker-Main-1/DEBUG] (Mod Menu/Update Checker) Hash for fabric-loot-tables-v1 is 2683d065a7147858f6420f4dfa8b809d5d634b62a86a73e08ada9af582259b4c3d6ab0d2a298c27c6d04a186902ca4f17cd0a95c27967c29c96356369357e058
[22:22:23] [Worker-Main-1/DEBUG] (Mod Menu/Update Checker) Hash for fabric-particles-v1 is 98247854e4633e258caae3a6c4f29a4b41454b29104f9bce1537b5a03c8ab0e59e9a73364e6dd1960173d8fa93b42163dc6cf36a99b44558bc64c2f2a940dcfc
[22:22:23] [Worker-Main-1/DEBUG] (Mod Menu/Update Checker) Hash for fabric-data-generation-api-v1 is 6f45634821622ea23203fdca88df343feb8d9a00bd003482f352e8fcad98a36f2252577a31180f37713c7af4822b38bd21874c84b13e7e23a90e5573f9de03f3
[22:22:23] [Worker-Main-1/DEBUG] (Mod Menu/Update Checker) Hash for fabric-networking-v0 is 8f84d736dc04efebe5e6dae999fb1172389146387c75b7f16713e9498b7e59ee24895b0d27c1ca5084026d6712eaf426129607792af0e8e4703b887b332ab354
[22:22:23] [Worker-Main-1/DEBUG] (Mod Menu/Update Checker) Hash for fabric-api-lookup-api-v1 is 254e328fad4f43dc9914002bfc4e0200b65fdc7c9646ea2d7f96ded5da2a06c379ace440492f6793f029f02457d408395293c1dfdcf3c7940eb42154895f9ecd
[22:22:23] [Worker-Main-1/DEBUG] (Mod Menu/Update Checker) Hash for fabric-screen-handler-api-v1 is 844abfdc8dbcf0367215cb7e361f25fc9340afed04323434c5baab28d5bb80ed2c2ef98bc2d2697b16d6b59d9c40a093364e09741314ee00a273cbbbf1e1d1da
[22:22:23] [Worker-Main-1/DEBUG] (Mod Menu/Update Checker) Hash for modmenu is 9a7837e04bb34376611b207a3b20e5fe1c82a4822b42929d5b410809ec4b88ff3cac8821c4568f880775bafa3c079dfc7800f8471356a4046248b12607e855eb
[22:22:23] [Worker-Main-1/DEBUG] (Mod Menu/Update Checker) Hash for fabric-command-api-v2 is c2b0f87568969c0baac0cfa7fb55d7d9a6f1378a27ff303198eb7a6205ebe4dbfc66e3531c2588cf60b74a227c155fa1415ce45eb1fdc760502492dc55730845
[22:22:23] [Worker-Main-1/DEBUG] (Mod Menu/Update Checker) Hash for fabric-command-api-v1 is 9ddb71f2a34c8e2e63f4a7917f34040419184c6cc521777b87bc809b1782168064edfa0656247255e96d4a2acd44c29df3a83d2a113b9a3ac921e6b114d8ee66
[22:22:23] [Worker-Main-1/DEBUG] (Mod Menu/Update Checker) Hash for fabric-block-api-v1 is 4be2f14e18c1ce8046cfb234273bfe14aae07b61af72d02bbb93b9ebbae9f1be1dba7cb958ff605d51cadd04fc48ba5b8594b1d71d19d39988dbc8e65826afc5
[22:22:23] [Worker-Main-1/DEBUG] (Mod Menu/Update Checker) Hash for fabric-tag-api-v1 is d89852a34dc6a7cfca266e49f93862e0a386c39262838503a7c5091f2d05c2b8ada7f91daf0b9cceb5bd615836f8b4c4ccfb6baea31671393439729f4abc7e7d
[22:22:23] [Worker-Main-1/DEBUG] (Mod Menu/Update Checker) Hash for fabric-screen-api-v1 is 08744f5211c70f70933ac6e3589981bb40bd8fabc36b287230ab7267e5356fd67d256655cdc2fd87638acb55f3efb0be300b15538e9148f4394b2c240f0488ab
[22:22:23] [Worker-Main-1/DEBUG] (Mod Menu/Update Checker) Hash for fabric-renderer-indigo is 78927ebb303dc22a864dae65d67197a91d0d886f27d3239daa7cdceee3db94d21a8a677ed52b8e2c6b99ed2f83783954a78aab904874dc7ea8c8eff2cca93556
[22:22:23] [Worker-Main-1/DEBUG] (Mod Menu/Update Checker) Hash for fabric-api is b05629c2b1dd2b80390a7f2f5da7172909d4707983c51daaf57682e5ca8a8ff205cd8c284d0d6e949531f00b06586ab616b26e5ad38b8364ba84fec01f014e39
[22:22:23] [Worker-Main-1/DEBUG] (Mod Menu/Update Checker) Hash for fabric-events-interaction-v0 is 19befd93c8886f7ea8d461965713742ac0172d8c0f976daba5bc504059a658e1c97c9f46153899e090af353903bcd30292fadac7c0bdcbafb5a0a6c52c48e0f0
[22:22:23] [Worker-Main-1/DEBUG] (Mod Menu/Update Checker) Hash for fabric-crash-report-info-v1 is 010eb89f159d804bee6b63daa5e18956cc1b3057aaa009b89e764494524bd72e6e65fac479f2130011642ca9c41245748b4cf695108a4d06e00a1357d683fb92
[22:22:23] [Worker-Main-1/DEBUG] (Mod Menu/Update Checker) Hash for fabric-item-api-v1 is af21b4c789fe3fc8d428e786bff7c73c317d5fc2dd787cf2d65e5b47906789bcf1d82008c09c09babd9e48963d8c0f2d0551abcf14d89f577adbaff501ae9dda
[22:22:23] [Worker-Main-1/DEBUG] (Mod Menu/Update Checker) Hash for fabric-convention-tags-v1 is 2bea08e929dc0a343c774235dc795e41a73480357d87d23ebc4caa432a940c323dc2dec57042ce5de7817c133e7c1a72dedbb4b1cddfe7b4e208ba95b64faa70
[22:22:23] [Worker-Main-1/DEBUG] (Mod Menu/Update Checker) Hash for fabric-item-group-api-v1 is 8659bc4aa2f025d11f871d44d0bd419ae775b5c872ca59ba8c7a5baa81d484a1227215af2000be7468892fb46e580222b9006ff9e28c053e1ea14d6ce25962ff
[22:22:23] [Worker-Main-1/DEBUG] (Mod Menu/Update Checker) Hash for fabric-recipe-api-v1 is f5bd6f4e9c1d1aed22da030caffd5b21f7ae28c9b50e6fc960b2e8e2f3d9d5f99f1a66904632508848eaf0cc18dc95f2dac40d28397fc3c7478fa9e4411b73aa
[22:22:23] [Worker-Main-1/DEBUG] (Mod Menu/Update Checker) Hash for fabric-entity-events-v1 is 04dbc0c98181b47c18158c2044980f1cfe86bb566e3f10eae066abf51aa9de9e92897633916d501bb6b2c8222916654c6c1ba118f9b531419e1e60d0fde4719a
[22:22:23] [Worker-Main-1/DEBUG] (Mod Menu/Update Checker) Hash for fabric-rendering-v0 is e8acaee9b9d4bc52b931512e92534123ee47c0db6b5ee0a7ff338efae61e1ab7c571d278ea3392eabfcea31235047aecb8264fb32c6120966b0807334b740ba5
[22:22:23] [Worker-Main-1/DEBUG] (Mod Menu/Update Checker) Hash for fabric-rendering-v1 is 67711c91c0a82d6ae423254a1c9e427a169aafafa2f55dd61be85466724cea8e669b166e46947e5d6c4256e5c3bfbb653d7301698caba2a045922326e3ab0a83
[22:22:23] [Worker-Main-1/DEBUG] (Mod Menu/Update Checker) Hash for fabric-key-binding-api-v1 is b936899afe1f735903c65496a92a94995fb74069dbb0882f99778e4b8e1fae50f6b09e803080f659bb47a92b0951077f10b8eb04ee8797ab84ff87a1b04e0730
[22:22:23] [Render thread/DEBUG] (FabricLoader/Mixin) mixins.baritone.json:MixinNetworkManager from mod baritone->@Inject::preDispatchPacket(Lnet/minecraft/network/packet/Packet;Lnet/minecraft/network/PacketCallbacks;Lorg/spongepowered/asm/mixin/injection/callback/CallbackInfo;)V does use it's CallbackInfo
[22:22:23] [Render thread/DEBUG] (FabricLoader/Mixin) mixins.baritone.json:MixinNetworkManager from mod baritone->@Inject::postDispatchPacket(Lnet/minecraft/network/packet/Packet;Lnet/minecraft/network/PacketCallbacks;Lorg/spongepowered/asm/mixin/injection/callback/CallbackInfo;)V does use it's CallbackInfo
[22:22:23] [Render thread/DEBUG] (FabricLoader/Mixin) mixins.baritone.json:MixinNetworkManager from mod baritone->@Inject::preProcessPacket(Lio/netty/channel/ChannelHandlerContext;Lnet/minecraft/network/packet/Packet;Lorg/spongepowered/asm/mixin/injection/callback/CallbackInfo;)V does use it's CallbackInfo
[22:22:23] [Render thread/DEBUG] (FabricLoader/Mixin) mixins.baritone.json:MixinNetworkManager from mod baritone->@Inject::postProcessPacket(Lio/netty/channel/ChannelHandlerContext;Lnet/minecraft/network/packet/Packet;Lorg/spongepowered/asm/mixin/injection/callback/CallbackInfo;)V does use it's CallbackInfo
[22:22:23] [Render thread/DEBUG] (FabricLoader/Mixin) fabric-networking-api-v1.mixins.json:ClientConnectionMixin from mod fabric-networking-api-v1->@Inject::initAddedFields(Lnet/minecraft/network/NetworkSide;Lorg/spongepowered/asm/mixin/injection/callback/CallbackInfo;)V doesn't use it's CallbackInfo
[22:22:23] [Render thread/DEBUG] (FabricLoader/Mixin) fabric-networking-api-v1.mixins.json:ClientConnectionMixin from mod fabric-networking-api-v1->@Inject::initAddedFields(Lnet/minecraft/network/NetworkSide;Lorg/spongepowered/asm/mixin/injection/callback/CallbackInfo;)V has 0 override(s) in child classes
[22:22:23] [Render thread/DEBUG] (FabricLoader/Mixin) fabric-networking-api-v1.mixins.json:ClientConnectionMixin from mod fabric-networking-api-v1->@Inject::initAddedFields(Lnet/minecraft/network/NetworkSide;Lorg/spongepowered/asm/mixin/injection/callback/CallbackInfo;)V won't be passed a CallbackInfo as a result
[22:22:23] [Render thread/DEBUG] (FabricLoader/Mixin) fabric-networking-api-v1.mixins.json:ClientConnectionMixin from mod fabric-networking-api-v1->@Inject::checkPacket(Lnet/minecraft/network/packet/Packet;Lnet/minecraft/network/PacketCallbacks;Lorg/spongepowered/asm/mixin/injection/callback/CallbackInfo;)V doesn't use it's CallbackInfo
[22:22:23] [Render thread/DEBUG] (FabricLoader/Mixin) fabric-networking-api-v1.mixins.json:ClientConnectionMixin from mod fabric-networking-api-v1->@Inject::checkPacket(Lnet/minecraft/network/packet/Packet;Lnet/minecraft/network/PacketCallbacks;Lorg/spongepowered/asm/mixin/injection/callback/CallbackInfo;)V has 0 override(s) in child classes
[22:22:23] [Render thread/DEBUG] (FabricLoader/Mixin) fabric-networking-api-v1.mixins.json:ClientConnectionMixin from mod fabric-networking-api-v1->@Inject::checkPacket(Lnet/minecraft/network/packet/Packet;Lnet/minecraft/network/PacketCallbacks;Lorg/spongepowered/asm/mixin/injection/callback/CallbackInfo;)V won't be passed a CallbackInfo as a result
[22:22:23] [Render thread/DEBUG] (FabricLoader/Mixin) fabric-networking-api-v1.mixins.json:ClientConnectionMixin from mod fabric-networking-api-v1->@Inject::checkPacket(Lnet/minecraft/network/packet/Packet;Lnet/minecraft/network/PacketCallbacks;Lorg/spongepowered/asm/mixin/injection/callback/CallbackInfo;)V doesn't use it's CallbackInfo
[22:22:23] [Render thread/DEBUG] (FabricLoader/Mixin) fabric-networking-api-v1.mixins.json:ClientConnectionMixin from mod fabric-networking-api-v1->@Inject::checkPacket(Lnet/minecraft/network/packet/Packet;Lnet/minecraft/network/PacketCallbacks;Lorg/spongepowered/asm/mixin/injection/callback/CallbackInfo;)V has 0 override(s) in child classes
[22:22:23] [Render thread/DEBUG] (FabricLoader/Mixin) fabric-networking-api-v1.mixins.json:ClientConnectionMixin from mod fabric-networking-api-v1->@Inject::checkPacket(Lnet/minecraft/network/packet/Packet;Lnet/minecraft/network/PacketCallbacks;Lorg/spongepowered/asm/mixin/injection/callback/CallbackInfo;)V won't be passed a CallbackInfo as a result
[22:22:23] [Render thread/DEBUG] (FabricLoader/Mixin) fabric-networking-api-v1.mixins.json:ClientConnectionMixin from mod fabric-networking-api-v1->@Inject::handleDisconnect(Lio/netty/channel/ChannelHandlerContext;Lorg/spongepowered/asm/mixin/injection/callback/CallbackInfo;)V doesn't use it's CallbackInfo
[22:22:23] [Render thread/DEBUG] (FabricLoader/Mixin) fabric-networking-api-v1.mixins.json:ClientConnectionMixin from mod fabric-networking-api-v1->@Inject::handleDisconnect(Lio/netty/channel/ChannelHandlerContext;Lorg/spongepowered/asm/mixin/injection/callback/CallbackInfo;)V has 0 override(s) in child classes
[22:22:23] [Render thread/DEBUG] (FabricLoader/Mixin) fabric-networking-api-v1.mixins.json:ClientConnectionMixin from mod fabric-networking-api-v1->@Inject::handleDisconnect(Lio/netty/channel/ChannelHandlerContext;Lorg/spongepowered/asm/mixin/injection/callback/CallbackInfo;)V won't be passed a CallbackInfo as a result
[22:22:23] [Render thread/DEBUG] (FabricLoader/Mixin) fabric-networking-api-v1.mixins.json:ClientConnectionMixin from mod fabric-networking-api-v1->@Inject::sendInternal(Lnet/minecraft/network/packet/Packet;Lnet/minecraft/network/PacketCallbacks;Lnet/minecraft/network/NetworkState;Lnet/minecraft/network/NetworkState;Lorg/spongepowered/asm/mixin/injection/callback/CallbackInfo;Lio/netty/channel/ChannelFuture;)V does use it's CallbackInfo
[22:22:23] [Worker-Main-1/DEBUG] (Mod Menu/Update Checker) Hash for baritone is d3254dfeddac75a1337bc76d5ea36ce5f8d5b6e5650de05cbc76cf9634ad5141b3acbb8ef28e981f5ebec84e82247a78753e085e87035e5097b82d2f2e271c5a
[22:22:23] [Worker-Main-1/DEBUG] (Mod Menu/Update Checker) Hash for fabric-resource-loader-v0 is 281d30fc94c099c3419f8ceb9115da16644c139f801f26b4ff0d5fcd48436800669c724b2ebe3b25b8b7b0b5812c897e98aec29224a483df2ccbcd4a7ee06aa3
[22:22:23] [Worker-Main-1/DEBUG] (Mod Menu/Update Checker) Hash for malilib is d3d5c89f4e579fd4268229e75117751096f320e27f229731fb65dbf3dbe974fedb872ac52442e3e0a90f9ecfa05d63814ca6f355dffcd9264dae1d4b21d149fa
[22:22:23] [Worker-Main-1/DEBUG] (Mod Menu/Update Checker) Hash for fabric-content-registries-v0 is 418f75426a0fd9fb955df6f8909d06331fc6bf18245e385380bfee9f5100e7c5e18c6d6c60480ab70f4bc7fdca9492dc6c55f8f9c27cda794f2b13cb81110dfa
[22:22:23] [Worker-Main-1/DEBUG] (Mod Menu/Update Checker) Hash for fabric-block-view-api-v2 is 510eae6a2b78af8f09085c62eb3d4d3e9704b0b31c62649f8e4d9be7d293ac26f336fcf1b0442ae39b7f2b1d48cde19493402aece2ea0307728ccfb4f6eb444b
[22:22:23] [Worker-Main-1/DEBUG] (Mod Menu/Update Checker) Hash for fabric-biome-api-v1 is 84781624a6fdb3565042699e4e4b4af3a786415decd909e958dd6207f65797fc126438946af1fcceeca4d255ea8a3e91c257b3c240c9dddf792e075500e64ee7
[22:22:23] [Worker-Main-1/DEBUG] (Mod Menu/Update Checker) Hash for fabric-client-tags-api-v1 is 8e7b3c844f77e7fe9d9b72ecde10f318485f2cc587803fdde49caa812d7e078af1ba4624112dcd51f6b35a532490ad579c2aabe7902ad73ac09d65a7f600f3b1
[22:22:23] [Worker-Main-1/DEBUG] (Mod Menu/Update Checker) Hash for fabric-gametest-api-v1 is 0afe2a9beb1e2a7003d1dc1b9ac613b8f9285e73bedc27a1c3184592e288665b6a7e68152959016e444c824b12de6c85a89ad0a8cef82b5d1b1877b41e39a26e
[22:22:23] [Worker-Main-1/DEBUG] (Mod Menu/Update Checker) Hash for fabric-loot-api-v2 is 35184c3fe452004bab4a527cc349e097acce63b8df4a289f919fb19860900ad341932496ec3a56d580ef6e3d199990b6618280174a4c5a7ff19a7bfda29cd066
[22:22:23] [Worker-Main-1/DEBUG] (Mod Menu/Update Checker) Hash for fabric-commands-v0 is 3fd546716cc252739b0bf625bed1d98293bf9bd0cf2f831713dc6c74766794df1f9b319a94ffb5457b5f1ec98f9fe651ba77e2e131abf463b5540fd8c8b03073
[22:22:23] [Worker-Main-1/DEBUG] (Mod Menu/Update Checker) Hash for fabric-message-api-v1 is 589174670c751cf5d6964dd64c725f705391f6b6dc29cd9e2b79181d0ad3d33e865207526e9e96f02aa7176a25e9bb9bbfa537d2fd41ab57fab683c5649fe895
[22:22:23] [Worker-Main-1/DEBUG] (Mod Menu/Update Checker) Hash for fabric-registry-sync-v0 is 2d900af80fd3eddd2056832441b45ca1af6fb1c8d48b3f822a45e06c835ff08f5da3838fd4c19c981df80e36d9f2761efe070222b1decef1c670949da2634636
[22:22:23] [Worker-Main-1/DEBUG] (Mod Menu/Update Checker) Hash for fabric-transitive-access-wideners-v1 is 95af97af36b7e99f3dacd2fbecd44a9bbca443fd5870211b6311ed69a19fcd7923f0cbfbdb15eaaa39ac16e234c44f5b0d4b75428c2a47c8b9bfddcf86bfd069
[22:22:23] [Worker-Main-1/DEBUG] (Mod Menu/Update Checker) Hash for fabric-networking-api-v1 is 695c264b7e17d80be7af2e94bb16c30b1b6549a52e4d4135b4afbc243db29db26bd3cbbb21427d643fde53165c3e901e881e61c4a3ca69874fc26a0dbfc345e6
[22:22:23] [Worker-Main-1/DEBUG] (Mod Menu/Update Checker) Hash for fabric-events-lifecycle-v0 is bd5d3e17e794c2faed89d6063a7234a8975565613c71e7c235b099a736d6b24f45e86e85114b5c4e45fd7308b1fd1c26ca590a471048460c70fa986cb73558a1
[22:22:23] [Worker-Main-1/DEBUG] (Mod Menu/Update Checker) Hash for fabric-models-v0 is 6b68f4fdf043c7f1a4023ad50be1302cb25d45890183d17892d8445280809f01233d01ebf9e0a3c9d56cf6e6bccd8c22e67748ad8702dd065ce39eb73393debd
[22:22:23] [Worker-Main-1/DEBUG] (Mod Menu/Update Checker) User agent: TerraformersMC/ModMenu/7.2.2 (1.20.1/fabric/development)
[22:22:23] [Worker-Main-1/DEBUG] (Mod Menu/Update Checker) Body: {"hashes":["1eb30a7a208b91baa8b8282f00fb95db8da67c098b82b811ba38ffb73882644de0a336c49599582f41b97d2790bc9871daa66eebf1c4e153d4db5ad2c54f3bd1","844abfdc8dbcf0367215cb7e361f25fc9340afed04323434c5baab28d5bb80ed2c2ef98bc2d2697b16d6b59d9c40a093364e09741314ee00a273cbbbf1e1d1da","8f84d736dc04efebe5e6dae999fb1172389146387c75b7f16713e9498b7e59ee24895b0d27c1ca5084026d6712eaf426129607792af0e8e4703b887b332ab354","c2b0f87568969c0baac0cfa7fb55d7d9a6f1378a27ff303198eb7a6205ebe4dbfc66e3531c2588cf60b74a227c155fa1415ce45eb1fdc760502492dc55730845","b15e1399486ea399eb987b945063e834a2f125e6cbff533690ec4c3673fee08fa7da525fd0f562864d400582a8aa29b31acdac3ee00ed12f81195f1a544178e2","b936899afe1f735903c65496a92a94995fb74069dbb0882f99778e4b8e1fae50f6b09e803080f659bb47a92b0951077f10b8eb04ee8797ab84ff87a1b04e0730","95af97af36b7e99f3dacd2fbecd44a9bbca443fd5870211b6311ed69a19fcd7923f0cbfbdb15eaaa39ac16e234c44f5b0d4b75428c2a47c8b9bfddcf86bfd069","4ec1f59511549b8e68294b9eb80772c790fea4d61428f2a0f9be10d06970332affea9750bf185ef3c85aaad214850f097821c40b989ea06a1b92c8f4db1b559c","b1d21fc90991ee7f6663ac9ee85843d0b69b8141900afc5d45e4f8f2ddb223653b37385e4fd6414f4205b13bf2ec7f1a8b85c8633556bf124ca7441cd0fd13db","04dbc0c98181b47c18158c2044980f1cfe86bb566e3f10eae066abf51aa9de9e92897633916d501bb6b2c8222916654c6c1ba118f9b531419e1e60d0fde4719a","0afe2a9beb1e2a7003d1dc1b9ac613b8f9285e73bedc27a1c3184592e288665b6a7e68152959016e444c824b12de6c85a89ad0a8cef82b5d1b1877b41e39a26e","695c264b7e17d80be7af2e94bb16c30b1b6549a52e4d4135b4afbc243db29db26bd3cbbb21427d643fde53165c3e901e881e61c4a3ca69874fc26a0dbfc345e6","1d5213424a0dd8922c8d4cfb941523b20f8bbc4df3b3ac9da1285d180586ae818b4fd9be11accb86ba034976209746cbdce1268e862cf1f3b68fce098060e999","af21b4c789fe3fc8d428e786bff7c73c317d5fc2dd787cf2d65e5b47906789bcf1d82008c09c09babd9e48963d8c0f2d0551abcf14d89f577adbaff501ae9dda","3fd546716cc252739b0bf625bed1d98293bf9bd0cf2f831713dc6c74766794df1f9b319a94ffb5457b5f1ec98f9fe651ba77e2e131abf463b5540fd8c8b03073","bd5d3e17e794c2faed89d6063a7234a8975565613c71e7c235b099a736d6b24f45e86e85114b5c4e45fd7308b1fd1c26ca590a471048460c70fa986cb73558a1","c2aa18c85b2eeb8a08c28f1dddcbc3a7da1e06fec98f7ef2d197607cfe545918cee2a4efc4dc7318c1294fa5a10c71f966c20c5ec09dae0d355d46903056779a","854e8fdc79699835253cb1d98ff10c6ef88586f11a1a279a198e8c6784ff7477dceb6d8d8562fafb458b2c43648f6dc4853e42a3d606ba495d1c3eafa02d953a","19befd93c8886f7ea8d461965713742ac0172d8c0f976daba5bc504059a658e1c97c9f46153899e090af353903bcd30292fadac7c0bdcbafb5a0a6c52c48e0f0","3d848b230e4caa171336b26fe6119056ed73764d418d27dbbfef47f5a86d1e4cdfc16526ab8b51f042e2566cf36daf31af33bcdfcdc2727cdc522e7965c7d9c5","281d30fc94c099c3419f8ceb9115da16644c139f801f26b4ff0d5fcd48436800669c724b2ebe3b25b8b7b0b5812c897e98aec29224a483df2ccbcd4a7ee06aa3","8e7b3c844f77e7fe9d9b72ecde10f318485f2cc587803fdde49caa812d7e078af1ba4624112dcd51f6b35a532490ad579c2aabe7902ad73ac09d65a7f600f3b1","8659bc4aa2f025d11f871d44d0bd419ae775b5c872ca59ba8c7a5baa81d484a1227215af2000be7468892fb46e580222b9006ff9e28c053e1ea14d6ce25962ff","4bf9bc706ea54000665ebda51d4cff9487c2878c636c0b39d83998f03de544aa9972e50696e4e3d7e1dcddb58360ef7745a1eff59e356079dce0334d947480e9","9a7837e04bb34376611b207a3b20e5fe1c82a4822b42929d5b410809ec4b88ff3cac8821c4568f880775bafa3c079dfc7800f8471356a4046248b12607e855eb","6b68f4fdf043c7f1a4023ad50be1302cb25d45890183d17892d8445280809f01233d01ebf9e0a3c9d56cf6e6bccd8c22e67748ad8702dd065ce39eb73393debd","010eb89f159d804bee6b63daa5e18956cc1b3057aaa009b89e764494524bd72e6e65fac479f2130011642ca9c41245748b4cf695108a4d06e00a1357d683fb92","2683d065a7147858f6420f4dfa8b809d5d634b62a86a73e08ada9af582259b4c3d6ab0d2a298c27c6d04a186902ca4f17cd0a95c27967c29c96356369357e058","60b1fffb3bcb30f7acd769dff173a127366c5bed954738647e8c17168bc10a3c92dfdb2edb17542323b5fd9a66bbe91b89c8766c1dd7352fc44fa7427934514e","4be2f14e18c1ce8046cfb234273bfe14aae07b61af72d02bbb93b9ebbae9f1be1dba7cb958ff605d51cadd04fc48ba5b8594b1d71d19d39988dbc8e65826afc5","589174670c751cf5d6964dd64c725f705391f6b6dc29cd9e2b79181d0ad3d33e865207526e9e96f02aa7176a25e9bb9bbfa537d2fd41ab57fab683c5649fe895","254e328fad4f43dc9914002bfc4e0200b65fdc7c9646ea2d7f96ded5da2a06c379ace440492f6793f029f02457d408395293c1dfdcf3c7940eb42154895f9ecd","82271846ea49eae1b6f0acb7c59e071c13fe10d0b9d8ce05d28ecd8ef7c3ae1b17a9eba5738419d581f11f74ef04ffb31dc67430ed7ece178ce7a918c3893849","069da8b992da4ec9a2935e079394b935497003aae2dd37b7ac0a3aa9e23a8f4455ae4a34db2e48440462c9b1654edaad0ae79b2c143ff0920bb72674ed0a3311","2bea08e929dc0a343c774235dc795e41a73480357d87d23ebc4caa432a940c323dc2dec57042ce5de7817c133e7c1a72dedbb4b1cddfe7b4e208ba95b64faa70","a48fc0cb52de5996a9af178ca53727b90f29278550a2021e4e110b5636224aee42448e094bb18fec042d945387c9f863d2d2720069fd4eeba5d908b7ace84fc2","08744f5211c70f70933ac6e3589981bb40bd8fabc36b287230ab7267e5356fd67d256655cdc2fd87638acb55f3efb0be300b15538e9148f4394b2c240f0488ab","f5bd6f4e9c1d1aed22da030caffd5b21f7ae28c9b50e6fc960b2e8e2f3d9d5f99f1a66904632508848eaf0cc18dc95f2dac40d28397fc3c7478fa9e4411b73aa","2d900af80fd3eddd2056832441b45ca1af6fb1c8d48b3f822a45e06c835ff08f5da3838fd4c19c981df80e36d9f2761efe070222b1decef1c670949da2634636","84781624a6fdb3565042699e4e4b4af3a786415decd909e958dd6207f65797fc126438946af1fcceeca4d255ea8a3e91c257b3c240c9dddf792e075500e64ee7","d3254dfeddac75a1337bc76d5ea36ce5f8d5b6e5650de05cbc76cf9634ad5141b3acbb8ef28e981f5ebec84e82247a78753e085e87035e5097b82d2f2e271c5a","855ac1eea65377c67d3b72ba2c20e6cf806cb8aaf8b6276f92f410df1caf0b0f5f9ec9977c26a7b3bdd1f9ecb4631fb963627e17c71de2da4767ee6a24e12f8b","35184c3fe452004bab4a527cc349e097acce63b8df4a289f919fb19860900ad341932496ec3a56d580ef6e3d199990b6618280174a4c5a7ff19a7bfda29cd066","e8acaee9b9d4bc52b931512e92534123ee47c0db6b5ee0a7ff338efae61e1ab7c571d278ea3392eabfcea31235047aecb8264fb32c6120966b0807334b740ba5","67711c91c0a82d6ae423254a1c9e427a169aafafa2f55dd61be85466724cea8e669b166e46947e5d6c4256e5c3bfbb653d7301698caba2a045922326e3ab0a83","6f45634821622ea23203fdca88df343feb8d9a00bd003482f352e8fcad98a36f2252577a31180f37713c7af4822b38bd21874c84b13e7e23a90e5573f9de03f3","9ddb71f2a34c8e2e63f4a7917f34040419184c6cc521777b87bc809b1782168064edfa0656247255e96d4a2acd44c29df3a83d2a113b9a3ac921e6b114d8ee66","230cea148bcaf54e3f12814701ee3e18aafc95d5e20acca5fa979dac8ddcd56fd23ac43de56311470cc2cc4e9a27595b50be3eea3b917d67f0ed0ffc847472ac","b05629c2b1dd2b80390a7f2f5da7172909d4707983c51daaf57682e5ca8a8ff205cd8c284d0d6e949531f00b06586ab616b26e5ad38b8364ba84fec01f014e39","747d94ad6d47e2480f9c2939211a4e611c0170216dc8b4b337bd9b5f9cf5c8595bdbd39f1f7a3f7a170aeaa75002f78645b324561cc3b77fa2791415546d62ad","78927ebb303dc22a864dae65d67197a91d0d886f27d3239daa7cdceee3db94d21a8a677ed52b8e2c6b99ed2f83783954a78aab904874dc7ea8c8eff2cca93556","510eae6a2b78af8f09085c62eb3d4d3e9704b0b31c62649f8e4d9be7d293ac26f336fcf1b0442ae39b7f2b1d48cde19493402aece2ea0307728ccfb4f6eb444b","b0715f171dc8ae12054714750a7d2d01ce45699bfe73eb07b3d0591a73c09ad869cabb91a221146b83e3b2872d999e548541fe9d0677a1465a86183f23240b19","418f75426a0fd9fb955df6f8909d06331fc6bf18245e385380bfee9f5100e7c5e18c6d6c60480ab70f4bc7fdca9492dc6c55f8f9c27cda794f2b13cb81110dfa","d89852a34dc6a7cfca266e49f93862e0a386c39262838503a7c5091f2d05c2b8ada7f91daf0b9cceb5bd615836f8b4c4ccfb6baea31671393439729f4abc7e7d","d3d5c89f4e579fd4268229e75117751096f320e27f229731fb65dbf3dbe974fedb872ac52442e3e0a90f9ecfa05d63814ca6f355dffcd9264dae1d4b21d149fa","4715b4213fc89fe32e37c97ecf98c56b427c3a1ba8b4941d152923f48fa6b3cffecb37902903df00ec1718731684270429b9e1beafb73794951944df52c8e323","2ee856883f12682a784cec5c441159f3a4e5587c29c1140cdce12a691ee138dd8846aca3811db7b3536c32bad794dbe7d77db2ff20a3c63ce48163dc25c7446c","98247854e4633e258caae3a6c4f29a4b41454b29104f9bce1537b5a03c8ab0e59e9a73364e6dd1960173d8fa93b42163dc6cf36a99b44558bc64c2f2a940dcfc","901c29d3194834cb45be8ce811b98bce7db3679b703b063590871e99310c9905a7ff4d562f4724125f23385c34ef44ab3d5bcb57fef6d86f249550ae69ea7277"],"algorithm":"sha512","loaders":["fabric"],"game_versions":["1.20.1"]}
[22:22:23] [Render thread/INFO] (net.fabricmc.fabric.impl.client.indigo.Indigo) [Indigo] Registering Indigo renderer!
[22:22:23] [Render thread/DEBUG] (FabricLoader/Mixin) Mixing shader.GameRendererMixin from fabric-rendering-v1.mixins.json into net.minecraft.client.render.GameRenderer
[22:22:23] [Render thread/DEBUG] (FabricLoader/Mixin) fabric-rendering-v1.mixins.json:shader.GameRendererMixin from mod fabric-rendering-v1: Class version 61 required is higher than the class version supported by the current version of Mixin (JAVA_16 supports class version 60)
[22:22:23] [Render thread/DEBUG] (FabricLoader/Mixin) Renaming synthetic method lambda$registerShaders$0(Lnet/minecraft/resource/ResourceFactory;Ljava/util/List;Lnet/minecraft/util/Identifier;Lnet/minecraft/client/render/VertexFormat;Ljava/util/function/Consumer;)V to md84916f$fabric-rendering-v1$lambda$registerShaders$0$0 in fabric-rendering-v1.mixins.json:shader.GameRendererMixin from mod fabric-rendering-v1
[22:22:23] [Render thread/DEBUG] (FabricLoader/Mixin) Mixing GameRendererMixin from fabric-screen-api-v1.mixins.json into net.minecraft.client.render.GameRenderer
[22:22:23] [Render thread/DEBUG] (FabricLoader/Mixin) fabric-screen-api-v1.mixins.json:GameRendererMixin from mod fabric-screen-api-v1: Class version 61 required is higher than the class version supported by the current version of Mixin (JAVA_16 supports class version 60)
[22:22:23] [Render thread/DEBUG] (FabricLoader/Mixin) fabric-rendering-v1.mixins.json:shader.GameRendererMixin from mod fabric-rendering-v1->@Inject::registerShaders(Lnet/minecraft/resource/ResourceFactory;Lorg/spongepowered/asm/mixin/injection/callback/CallbackInfo;Ljava/util/List;Ljava/util/List;)V doesn't use it's CallbackInfo
[22:22:23] [Render thread/DEBUG] (FabricLoader/Mixin) fabric-rendering-v1.mixins.json:shader.GameRendererMixin from mod fabric-rendering-v1->@Inject::registerShaders(Lnet/minecraft/resource/ResourceFactory;Lorg/spongepowered/asm/mixin/injection/callback/CallbackInfo;Ljava/util/List;Ljava/util/List;)V has 0 override(s) in child classes
[22:22:23] [Render thread/DEBUG] (FabricLoader/Mixin) fabric-rendering-v1.mixins.json:shader.GameRendererMixin from mod fabric-rendering-v1->@Inject::registerShaders(Lnet/minecraft/resource/ResourceFactory;Lorg/spongepowered/asm/mixin/injection/callback/CallbackInfo;Ljava/util/List;Ljava/util/List;)V won't be passed a CallbackInfo as a result
[22:22:23] [Render thread/DEBUG] (FabricLoader/Mixin) fabric-rendering-v1.mixins.json:shader.GameRendererMixin from mod fabric-rendering-v1->@Inject::registerShaders(Lnet/minecraft/resource/ResourceFactory;Lorg/spongepowered/asm/mixin/injection/callback/CallbackInfo;Ljava/util/List;Ljava/util/List;)V doesn't use it's CallbackInfo
[22:22:23] [Render thread/DEBUG] (FabricLoader/Mixin) fabric-rendering-v1.mixins.json:shader.GameRendererMixin from mod fabric-rendering-v1->@Inject::registerShaders(Lnet/minecraft/resource/ResourceFactory;Lorg/spongepowered/asm/mixin/injection/callback/CallbackInfo;Ljava/util/List;Ljava/util/List;)V has 0 override(s) in child classes
[22:22:23] [Render thread/DEBUG] (FabricLoader/Mixin) fabric-rendering-v1.mixins.json:shader.GameRendererMixin from mod fabric-rendering-v1->@Inject::registerShaders(Lnet/minecraft/resource/ResourceFactory;Lorg/spongepowered/asm/mixin/injection/callback/CallbackInfo;Ljava/util/List;Ljava/util/List;)V won't be passed a CallbackInfo as a result
[22:22:23] [Render thread/DEBUG] (FabricLoader/Mixin) fabric-rendering-v1.mixins.json:shader.GameRendererMixin from mod fabric-rendering-v1->@Inject::registerShaders(Lnet/minecraft/resource/ResourceFactory;Lorg/spongepowered/asm/mixin/injection/callback/CallbackInfo;Ljava/util/List;Ljava/util/List;)V doesn't use it's CallbackInfo
[22:22:23] [Render thread/DEBUG] (FabricLoader/Mixin) fabric-rendering-v1.mixins.json:shader.GameRendererMixin from mod fabric-rendering-v1->@Inject::registerShaders(Lnet/minecraft/resource/ResourceFactory;Lorg/spongepowered/asm/mixin/injection/callback/CallbackInfo;Ljava/util/List;Ljava/util/List;)V has 0 override(s) in child classes
[22:22:23] [Render thread/DEBUG] (FabricLoader/Mixin) fabric-rendering-v1.mixins.json:shader.GameRendererMixin from mod fabric-rendering-v1->@Inject::registerShaders(Lnet/minecraft/resource/ResourceFactory;Lorg/spongepowered/asm/mixin/injection/callback/CallbackInfo;Ljava/util/List;Ljava/util/List;)V won't be passed a CallbackInfo as a result
[22:22:23] [Render thread/DEBUG] (FabricLoader/Mixin) fabric-rendering-v1.mixins.json:shader.GameRendererMixin from mod fabric-rendering-v1->@Inject::registerShaders(Lnet/minecraft/resource/ResourceFactory;Lorg/spongepowered/asm/mixin/injection/callback/CallbackInfo;Ljava/util/List;Ljava/util/List;)V doesn't use it's CallbackInfo
[22:22:23] [Render thread/DEBUG] (FabricLoader/Mixin) fabric-rendering-v1.mixins.json:shader.GameRendererMixin from mod fabric-rendering-v1->@Inject::registerShaders(Lnet/minecraft/resource/ResourceFactory;Lorg/spongepowered/asm/mixin/injection/callback/CallbackInfo;Ljava/util/List;Ljava/util/List;)V has 0 override(s) in child classes
[22:22:23] [Render thread/DEBUG] (FabricLoader/Mixin) fabric-rendering-v1.mixins.json:shader.GameRendererMixin from mod fabric-rendering-v1->@Inject::registerShaders(Lnet/minecraft/resource/ResourceFactory;Lorg/spongepowered/asm/mixin/injection/callback/CallbackInfo;Ljava/util/List;Ljava/util/List;)V won't be passed a CallbackInfo as a result
[22:22:23] [Render thread/DEBUG] (FabricLoader/Mixin) fabric-rendering-v1.mixins.json:shader.GameRendererMixin from mod fabric-rendering-v1->@Inject::registerShaders(Lnet/minecraft/resource/ResourceFactory;Lorg/spongepowered/asm/mixin/injection/callback/CallbackInfo;Ljava/util/List;Ljava/util/List;)V doesn't use it's CallbackInfo
[22:22:23] [Render thread/DEBUG] (FabricLoader/Mixin) fabric-rendering-v1.mixins.json:shader.GameRendererMixin from mod fabric-rendering-v1->@Inject::registerShaders(Lnet/minecraft/resource/ResourceFactory;Lorg/spongepowered/asm/mixin/injection/callback/CallbackInfo;Ljava/util/List;Ljava/util/List;)V has 0 override(s) in child classes
[22:22:23] [Render thread/DEBUG] (FabricLoader/Mixin) fabric-rendering-v1.mixins.json:shader.GameRendererMixin from mod fabric-rendering-v1->@Inject::registerShaders(Lnet/minecraft/resource/ResourceFactory;Lorg/spongepowered/asm/mixin/injection/callback/CallbackInfo;Ljava/util/List;Ljava/util/List;)V won't be passed a CallbackInfo as a result
[22:22:23] [Render thread/DEBUG] (FabricLoader/Mixin) fabric-rendering-v1.mixins.json:shader.GameRendererMixin from mod fabric-rendering-v1->@Inject::registerShaders(Lnet/minecraft/resource/ResourceFactory;Lorg/spongepowered/asm/mixin/injection/callback/CallbackInfo;Ljava/util/List;Ljava/util/List;)V doesn't use it's CallbackInfo
[22:22:23] [Render thread/DEBUG] (FabricLoader/Mixin) fabric-rendering-v1.mixins.json:shader.GameRendererMixin from mod fabric-rendering-v1->@Inject::registerShaders(Lnet/minecraft/resource/ResourceFactory;Lorg/spongepowered/asm/mixin/injection/callback/CallbackInfo;Ljava/util/List;Ljava/util/List;)V has 0 override(s) in child classes
[22:22:23] [Render thread/DEBUG] (FabricLoader/Mixin) fabric-rendering-v1.mixins.json:shader.GameRendererMixin from mod fabric-rendering-v1->@Inject::registerShaders(Lnet/minecraft/resource/ResourceFactory;Lorg/spongepowered/asm/mixin/injection/callback/CallbackInfo;Ljava/util/List;Ljava/util/List;)V won't be passed a CallbackInfo as a result
[22:22:23] [Render thread/DEBUG] (FabricLoader/Mixin) fabric-rendering-v1.mixins.json:shader.GameRendererMixin from mod fabric-rendering-v1->@Inject::registerShaders(Lnet/minecraft/resource/ResourceFactory;Lorg/spongepowered/asm/mixin/injection/callback/CallbackInfo;Ljava/util/List;Ljava/util/List;)V doesn't use it's CallbackInfo
[22:22:23] [Render thread/DEBUG] (FabricLoader/Mixin) fabric-rendering-v1.mixins.json:shader.GameRendererMixin from mod fabric-rendering-v1->@Inject::registerShaders(Lnet/minecraft/resource/ResourceFactory;Lorg/spongepowered/asm/mixin/injection/callback/CallbackInfo;Ljava/util/List;Ljava/util/List;)V has 0 override(s) in child classes
[22:22:23] [Render thread/DEBUG] (FabricLoader/Mixin) fabric-rendering-v1.mixins.json:shader.GameRendererMixin from mod fabric-rendering-v1->@Inject::registerShaders(Lnet/minecraft/resource/ResourceFactory;Lorg/spongepowered/asm/mixin/injection/callback/CallbackInfo;Ljava/util/List;Ljava/util/List;)V won't be passed a CallbackInfo as a result
[22:22:23] [Render thread/DEBUG] (FabricLoader/Mixin) fabric-rendering-v1.mixins.json:shader.GameRendererMixin from mod fabric-rendering-v1->@Inject::registerShaders(Lnet/minecraft/resource/ResourceFactory;Lorg/spongepowered/asm/mixin/injection/callback/CallbackInfo;Ljava/util/List;Ljava/util/List;)V doesn't use it's CallbackInfo
[22:22:23] [Render thread/DEBUG] (FabricLoader/Mixin) fabric-rendering-v1.mixins.json:shader.GameRendererMixin from mod fabric-rendering-v1->@Inject::registerShaders(Lnet/minecraft/resource/ResourceFactory;Lorg/spongepowered/asm/mixin/injection/callback/CallbackInfo;Ljava/util/List;Ljava/util/List;)V has 0 override(s) in child classes
[22:22:23] [Render thread/DEBUG] (FabricLoader/Mixin) fabric-rendering-v1.mixins.json:shader.GameRendererMixin from mod fabric-rendering-v1->@Inject::registerShaders(Lnet/minecraft/resource/ResourceFactory;Lorg/spongepowered/asm/mixin/injection/callback/CallbackInfo;Ljava/util/List;Ljava/util/List;)V won't be passed a CallbackInfo as a result
[22:22:23] [Render thread/DEBUG] (FabricLoader/Mixin) fabric-rendering-v1.mixins.json:shader.GameRendererMixin from mod fabric-rendering-v1->@Inject::registerShaders(Lnet/minecraft/resource/ResourceFactory;Lorg/spongepowered/asm/mixin/injection/callback/CallbackInfo;Ljava/util/List;Ljava/util/List;)V doesn't use it's CallbackInfo
[22:22:23] [Render thread/DEBUG] (FabricLoader/Mixin) fabric-rendering-v1.mixins.json:shader.GameRendererMixin from mod fabric-rendering-v1->@Inject::registerShaders(Lnet/minecraft/resource/ResourceFactory;Lorg/spongepowered/asm/mixin/injection/callback/CallbackInfo;Ljava/util/List;Ljava/util/List;)V has 0 override(s) in child classes
[22:22:23] [Render thread/DEBUG] (FabricLoader/Mixin) fabric-rendering-v1.mixins.json:shader.GameRendererMixin from mod fabric-rendering-v1->@Inject::registerShaders(Lnet/minecraft/resource/ResourceFactory;Lorg/spongepowered/asm/mixin/injection/callback/CallbackInfo;Ljava/util/List;Ljava/util/List;)V won't be passed a CallbackInfo as a result
[22:22:23] [Render thread/DEBUG] (FabricLoader/Mixin) fabric-rendering-v1.mixins.json:shader.GameRendererMixin from mod fabric-rendering-v1->@Inject::registerShaders(Lnet/minecraft/resource/ResourceFactory;Lorg/spongepowered/asm/mixin/injection/callback/CallbackInfo;Ljava/util/List;Ljava/util/List;)V doesn't use it's CallbackInfo
[22:22:23] [Render thread/DEBUG] (FabricLoader/Mixin) fabric-rendering-v1.mixins.json:shader.GameRendererMixin from mod fabric-rendering-v1->@Inject::registerShaders(Lnet/minecraft/resource/ResourceFactory;Lorg/spongepowered/asm/mixin/injection/callback/CallbackInfo;Ljava/util/List;Ljava/util/List;)V has 0 override(s) in child classes
[22:22:23] [Render thread/DEBUG] (FabricLoader/Mixin) fabric-rendering-v1.mixins.json:shader.GameRendererMixin from mod fabric-rendering-v1->@Inject::registerShaders(Lnet/minecraft/resource/ResourceFactory;Lorg/spongepowered/asm/mixin/injection/callback/CallbackInfo;Ljava/util/List;Ljava/util/List;)V won't be passed a CallbackInfo as a result
[22:22:23] [Render thread/DEBUG] (FabricLoader/Mixin) fabric-rendering-v1.mixins.json:shader.GameRendererMixin from mod fabric-rendering-v1->@Inject::registerShaders(Lnet/minecraft/resource/ResourceFactory;Lorg/spongepowered/asm/mixin/injection/callback/CallbackInfo;Ljava/util/List;Ljava/util/List;)V doesn't use it's CallbackInfo
[22:22:23] [Render thread/DEBUG] (FabricLoader/Mixin) fabric-rendering-v1.mixins.json:shader.GameRendererMixin from mod fabric-rendering-v1->@Inject::registerShaders(Lnet/minecraft/resource/ResourceFactory;Lorg/spongepowered/asm/mixin/injection/callback/CallbackInfo;Ljava/util/List;Ljava/util/List;)V has 0 override(s) in child classes
[22:22:23] [Render thread/DEBUG] (FabricLoader/Mixin) fabric-rendering-v1.mixins.json:shader.GameRendererMixin from mod fabric-rendering-v1->@Inject::registerShaders(Lnet/minecraft/resource/ResourceFactory;Lorg/spongepowered/asm/mixin/injection/callback/CallbackInfo;Ljava/util/List;Ljava/util/List;)V won't be passed a CallbackInfo as a result
[22:22:23] [Render thread/DEBUG] (FabricLoader/Mixin) fabric-rendering-v1.mixins.json:shader.GameRendererMixin from mod fabric-rendering-v1->@Inject::registerShaders(Lnet/minecraft/resource/ResourceFactory;Lorg/spongepowered/asm/mixin/injection/callback/CallbackInfo;Ljava/util/List;Ljava/util/List;)V doesn't use it's CallbackInfo
[22:22:23] [Render thread/DEBUG] (FabricLoader/Mixin) fabric-rendering-v1.mixins.json:shader.GameRendererMixin from mod fabric-rendering-v1->@Inject::registerShaders(Lnet/minecraft/resource/ResourceFactory;Lorg/spongepowered/asm/mixin/injection/callback/CallbackInfo;Ljava/util/List;Ljava/util/List;)V has 0 override(s) in child classes
[22:22:23] [Render thread/DEBUG] (FabricLoader/Mixin) fabric-rendering-v1.mixins.json:shader.GameRendererMixin from mod fabric-rendering-v1->@Inject::registerShaders(Lnet/minecraft/resource/ResourceFactory;Lorg/spongepowered/asm/mixin/injection/callback/CallbackInfo;Ljava/util/List;Ljava/util/List;)V won't be passed a CallbackInfo as a result
[22:22:23] [Render thread/DEBUG] (FabricLoader/Mixin) fabric-rendering-v1.mixins.json:shader.GameRendererMixin from mod fabric-rendering-v1->@Inject::registerShaders(Lnet/minecraft/resource/ResourceFactory;Lorg/spongepowered/asm/mixin/injection/callback/CallbackInfo;Ljava/util/List;Ljava/util/List;)V doesn't use it's CallbackInfo
[22:22:23] [Render thread/DEBUG] (FabricLoader/Mixin) fabric-rendering-v1.mixins.json:shader.GameRendererMixin from mod fabric-rendering-v1->@Inject::registerShaders(Lnet/minecraft/resource/ResourceFactory;Lorg/spongepowered/asm/mixin/injection/callback/CallbackInfo;Ljava/util/List;Ljava/util/List;)V has 0 override(s) in child classes
[22:22:23] [Render thread/DEBUG] (FabricLoader/Mixin) fabric-rendering-v1.mixins.json:shader.GameRendererMixin from mod fabric-rendering-v1->@Inject::registerShaders(Lnet/minecraft/resource/ResourceFactory;Lorg/spongepowered/asm/mixin/injection/callback/CallbackInfo;Ljava/util/List;Ljava/util/List;)V won't be passed a CallbackInfo as a result
[22:22:23] [Render thread/DEBUG] (FabricLoader/Mixin) fabric-rendering-v1.mixins.json:shader.GameRendererMixin from mod fabric-rendering-v1->@Inject::registerShaders(Lnet/minecraft/resource/ResourceFactory;Lorg/spongepowered/asm/mixin/injection/callback/CallbackInfo;Ljava/util/List;Ljava/util/List;)V doesn't use it's CallbackInfo
[22:22:23] [Render thread/DEBUG] (FabricLoader/Mixin) fabric-rendering-v1.mixins.json:shader.GameRendererMixin from mod fabric-rendering-v1->@Inject::registerShaders(Lnet/minecraft/resource/ResourceFactory;Lorg/spongepowered/asm/mixin/injection/callback/CallbackInfo;Ljava/util/List;Ljava/util/List;)V has 0 override(s) in child classes
[22:22:23] [Render thread/DEBUG] (FabricLoader/Mixin) fabric-rendering-v1.mixins.json:shader.GameRendererMixin from mod fabric-rendering-v1->@Inject::registerShaders(Lnet/minecraft/resource/ResourceFactory;Lorg/spongepowered/asm/mixin/injection/callback/CallbackInfo;Ljava/util/List;Ljava/util/List;)V won't be passed a CallbackInfo as a result
[22:22:23] [Render thread/DEBUG] (FabricLoader/Mixin) fabric-rendering-v1.mixins.json:shader.GameRendererMixin from mod fabric-rendering-v1->@Inject::registerShaders(Lnet/minecraft/resource/ResourceFactory;Lorg/spongepowered/asm/mixin/injection/callback/CallbackInfo;Ljava/util/List;Ljava/util/List;)V doesn't use it's CallbackInfo
[22:22:23] [Render thread/DEBUG] (FabricLoader/Mixin) fabric-rendering-v1.mixins.json:shader.GameRendererMixin from mod fabric-rendering-v1->@Inject::registerShaders(Lnet/minecraft/resource/ResourceFactory;Lorg/spongepowered/asm/mixin/injection/callback/CallbackInfo;Ljava/util/List;Ljava/util/List;)V has 0 override(s) in child classes
[22:22:23] [Render thread/DEBUG] (FabricLoader/Mixin) fabric-rendering-v1.mixins.json:shader.GameRendererMixin from mod fabric-rendering-v1->@Inject::registerShaders(Lnet/minecraft/resource/ResourceFactory;Lorg/spongepowered/asm/mixin/injection/callback/CallbackInfo;Ljava/util/List;Ljava/util/List;)V won't be passed a CallbackInfo as a result
[22:22:23] [Render thread/DEBUG] (FabricLoader/Mixin) fabric-rendering-v1.mixins.json:shader.GameRendererMixin from mod fabric-rendering-v1->@Inject::registerShaders(Lnet/minecraft/resource/ResourceFactory;Lorg/spongepowered/asm/mixin/injection/callback/CallbackInfo;Ljava/util/List;Ljava/util/List;)V doesn't use it's CallbackInfo
[22:22:23] [Render thread/DEBUG] (FabricLoader/Mixin) fabric-rendering-v1.mixins.json:shader.GameRendererMixin from mod fabric-rendering-v1->@Inject::registerShaders(Lnet/minecraft/resource/ResourceFactory;Lorg/spongepowered/asm/mixin/injection/callback/CallbackInfo;Ljava/util/List;Ljava/util/List;)V has 0 override(s) in child classes
[22:22:23] [Render thread/DEBUG] (FabricLoader/Mixin) fabric-rendering-v1.mixins.json:shader.GameRendererMixin from mod fabric-rendering-v1->@Inject::registerShaders(Lnet/minecraft/resource/ResourceFactory;Lorg/spongepowered/asm/mixin/injection/callback/CallbackInfo;Ljava/util/List;Ljava/util/List;)V won't be passed a CallbackInfo as a result
[22:22:23] [Render thread/DEBUG] (FabricLoader/Mixin) fabric-rendering-v1.mixins.json:shader.GameRendererMixin from mod fabric-rendering-v1->@Inject::registerShaders(Lnet/minecraft/resource/ResourceFactory;Lorg/spongepowered/asm/mixin/injection/callback/CallbackInfo;Ljava/util/List;Ljava/util/List;)V doesn't use it's CallbackInfo
[22:22:23] [Render thread/DEBUG] (FabricLoader/Mixin) fabric-rendering-v1.mixins.json:shader.GameRendererMixin from mod fabric-rendering-v1->@Inject::registerShaders(Lnet/minecraft/resource/ResourceFactory;Lorg/spongepowered/asm/mixin/injection/callback/CallbackInfo;Ljava/util/List;Ljava/util/List;)V has 0 override(s) in child classes
[22:22:23] [Render thread/DEBUG] (FabricLoader/Mixin) fabric-rendering-v1.mixins.json:shader.GameRendererMixin from mod fabric-rendering-v1->@Inject::registerShaders(Lnet/minecraft/resource/ResourceFactory;Lorg/spongepowered/asm/mixin/injection/callback/CallbackInfo;Ljava/util/List;Ljava/util/List;)V won't be passed a CallbackInfo as a result
[22:22:23] [Render thread/DEBUG] (FabricLoader/Mixin) fabric-rendering-v1.mixins.json:shader.GameRendererMixin from mod fabric-rendering-v1->@Inject::registerShaders(Lnet/minecraft/resource/ResourceFactory;Lorg/spongepowered/asm/mixin/injection/callback/CallbackInfo;Ljava/util/List;Ljava/util/List;)V doesn't use it's CallbackInfo
[22:22:23] [Render thread/DEBUG] (FabricLoader/Mixin) fabric-rendering-v1.mixins.json:shader.GameRendererMixin from mod fabric-rendering-v1->@Inject::registerShaders(Lnet/minecraft/resource/ResourceFactory;Lorg/spongepowered/asm/mixin/injection/callback/CallbackInfo;Ljava/util/List;Ljava/util/List;)V has 0 override(s) in child classes
[22:22:23] [Render thread/DEBUG] (FabricLoader/Mixin) fabric-rendering-v1.mixins.json:shader.GameRendererMixin from mod fabric-rendering-v1->@Inject::registerShaders(Lnet/minecraft/resource/ResourceFactory;Lorg/spongepowered/asm/mixin/injection/callback/CallbackInfo;Ljava/util/List;Ljava/util/List;)V won't be passed a CallbackInfo as a result
[22:22:23] [Render thread/DEBUG] (FabricLoader/Mixin) fabric-rendering-v1.mixins.json:shader.GameRendererMixin from mod fabric-rendering-v1->@Inject::registerShaders(Lnet/minecraft/resource/ResourceFactory;Lorg/spongepowered/asm/mixin/injection/callback/CallbackInfo;Ljava/util/List;Ljava/util/List;)V doesn't use it's CallbackInfo
[22:22:23] [Render thread/DEBUG] (FabricLoader/Mixin) fabric-rendering-v1.mixins.json:shader.GameRendererMixin from mod fabric-rendering-v1->@Inject::registerShaders(Lnet/minecraft/resource/ResourceFactory;Lorg/spongepowered/asm/mixin/injection/callback/CallbackInfo;Ljava/util/List;Ljava/util/List;)V has 0 override(s) in child classes
[22:22:23] [Render thread/DEBUG] (FabricLoader/Mixin) fabric-rendering-v1.mixins.json:shader.GameRendererMixin from mod fabric-rendering-v1->@Inject::registerShaders(Lnet/minecraft/resource/ResourceFactory;Lorg/spongepowered/asm/mixin/injection/callback/CallbackInfo;Ljava/util/List;Ljava/util/List;)V won't be passed a CallbackInfo as a result
[22:22:23] [Render thread/DEBUG] (FabricLoader/Mixin) fabric-rendering-v1.mixins.json:shader.GameRendererMixin from mod fabric-rendering-v1->@Inject::registerShaders(Lnet/minecraft/resource/ResourceFactory;Lorg/spongepowered/asm/mixin/injection/callback/CallbackInfo;Ljava/util/List;Ljava/util/List;)V doesn't use it's CallbackInfo
[22:22:23] [Render thread/DEBUG] (FabricLoader/Mixin) fabric-rendering-v1.mixins.json:shader.GameRendererMixin from mod fabric-rendering-v1->@Inject::registerShaders(Lnet/minecraft/resource/ResourceFactory;Lorg/spongepowered/asm/mixin/injection/callback/CallbackInfo;Ljava/util/List;Ljava/util/List;)V has 0 override(s) in child classes
[22:22:23] [Render thread/DEBUG] (FabricLoader/Mixin) fabric-rendering-v1.mixins.json:shader.GameRendererMixin from mod fabric-rendering-v1->@Inject::registerShaders(Lnet/minecraft/resource/ResourceFactory;Lorg/spongepowered/asm/mixin/injection/callback/CallbackInfo;Ljava/util/List;Ljava/util/List;)V won't be passed a CallbackInfo as a result
[22:22:23] [Render thread/DEBUG] (FabricLoader/Mixin) fabric-rendering-v1.mixins.json:shader.GameRendererMixin from mod fabric-rendering-v1->@Inject::registerShaders(Lnet/minecraft/resource/ResourceFactory;Lorg/spongepowered/asm/mixin/injection/callback/CallbackInfo;Ljava/util/List;Ljava/util/List;)V doesn't use it's CallbackInfo
[22:22:23] [Render thread/DEBUG] (FabricLoader/Mixin) fabric-rendering-v1.mixins.json:shader.GameRendererMixin from mod fabric-rendering-v1->@Inject::registerShaders(Lnet/minecraft/resource/ResourceFactory;Lorg/spongepowered/asm/mixin/injection/callback/CallbackInfo;Ljava/util/List;Ljava/util/List;)V has 0 override(s) in child classes
[22:22:23] [Render thread/DEBUG] (FabricLoader/Mixin) fabric-rendering-v1.mixins.json:shader.GameRendererMixin from mod fabric-rendering-v1->@Inject::registerShaders(Lnet/minecraft/resource/ResourceFactory;Lorg/spongepowered/asm/mixin/injection/callback/CallbackInfo;Ljava/util/List;Ljava/util/List;)V won't be passed a CallbackInfo as a result
[22:22:23] [Render thread/DEBUG] (FabricLoader/Mixin) fabric-rendering-v1.mixins.json:shader.GameRendererMixin from mod fabric-rendering-v1->@Inject::registerShaders(Lnet/minecraft/resource/ResourceFactory;Lorg/spongepowered/asm/mixin/injection/callback/CallbackInfo;Ljava/util/List;Ljava/util/List;)V doesn't use it's CallbackInfo
[22:22:23] [Render thread/DEBUG] (FabricLoader/Mixin) fabric-rendering-v1.mixins.json:shader.GameRendererMixin from mod fabric-rendering-v1->@Inject::registerShaders(Lnet/minecraft/resource/ResourceFactory;Lorg/spongepowered/asm/mixin/injection/callback/CallbackInfo;Ljava/util/List;Ljava/util/List;)V has 0 override(s) in child classes
[22:22:23] [Render thread/DEBUG] (FabricLoader/Mixin) fabric-rendering-v1.mixins.json:shader.GameRendererMixin from mod fabric-rendering-v1->@Inject::registerShaders(Lnet/minecraft/resource/ResourceFactory;Lorg/spongepowered/asm/mixin/injection/callback/CallbackInfo;Ljava/util/List;Ljava/util/List;)V won't be passed a CallbackInfo as a result
[22:22:23] [Render thread/DEBUG] (FabricLoader/Mixin) fabric-rendering-v1.mixins.json:shader.GameRendererMixin from mod fabric-rendering-v1->@Inject::registerShaders(Lnet/minecraft/resource/ResourceFactory;Lorg/spongepowered/asm/mixin/injection/callback/CallbackInfo;Ljava/util/List;Ljava/util/List;)V doesn't use it's CallbackInfo
[22:22:23] [Render thread/DEBUG] (FabricLoader/Mixin) fabric-rendering-v1.mixins.json:shader.GameRendererMixin from mod fabric-rendering-v1->@Inject::registerShaders(Lnet/minecraft/resource/ResourceFactory;Lorg/spongepowered/asm/mixin/injection/callback/CallbackInfo;Ljava/util/List;Ljava/util/List;)V has 0 override(s) in child classes
[22:22:23] [Render thread/DEBUG] (FabricLoader/Mixin) fabric-rendering-v1.mixins.json:shader.GameRendererMixin from mod fabric-rendering-v1->@Inject::registerShaders(Lnet/minecraft/resource/ResourceFactory;Lorg/spongepowered/asm/mixin/injection/callback/CallbackInfo;Ljava/util/List;Ljava/util/List;)V won't be passed a CallbackInfo as a result
[22:22:23] [Render thread/DEBUG] (FabricLoader/Mixin) fabric-rendering-v1.mixins.json:shader.GameRendererMixin from mod fabric-rendering-v1->@Inject::registerShaders(Lnet/minecraft/resource/ResourceFactory;Lorg/spongepowered/asm/mixin/injection/callback/CallbackInfo;Ljava/util/List;Ljava/util/List;)V doesn't use it's CallbackInfo
[22:22:23] [Render thread/DEBUG] (FabricLoader/Mixin) fabric-rendering-v1.mixins.json:shader.GameRendererMixin from mod fabric-rendering-v1->@Inject::registerShaders(Lnet/minecraft/resource/ResourceFactory;Lorg/spongepowered/asm/mixin/injection/callback/CallbackInfo;Ljava/util/List;Ljava/util/List;)V has 0 override(s) in child classes
[22:22:23] [Render thread/DEBUG] (FabricLoader/Mixin) fabric-rendering-v1.mixins.json:shader.GameRendererMixin from mod fabric-rendering-v1->@Inject::registerShaders(Lnet/minecraft/resource/ResourceFactory;Lorg/spongepowered/asm/mixin/injection/callback/CallbackInfo;Ljava/util/List;Ljava/util/List;)V won't be passed a CallbackInfo as a result
[22:22:23] [Render thread/DEBUG] (FabricLoader/Mixin) fabric-rendering-v1.mixins.json:shader.GameRendererMixin from mod fabric-rendering-v1->@Inject::registerShaders(Lnet/minecraft/resource/ResourceFactory;Lorg/spongepowered/asm/mixin/injection/callback/CallbackInfo;Ljava/util/List;Ljava/util/List;)V doesn't use it's CallbackInfo
[22:22:23] [Render thread/DEBUG] (FabricLoader/Mixin) fabric-rendering-v1.mixins.json:shader.GameRendererMixin from mod fabric-rendering-v1->@Inject::registerShaders(Lnet/minecraft/resource/ResourceFactory;Lorg/spongepowered/asm/mixin/injection/callback/CallbackInfo;Ljava/util/List;Ljava/util/List;)V has 0 override(s) in child classes
[22:22:23] [Render thread/DEBUG] (FabricLoader/Mixin) fabric-rendering-v1.mixins.json:shader.GameRendererMixin from mod fabric-rendering-v1->@Inject::registerShaders(Lnet/minecraft/resource/ResourceFactory;Lorg/spongepowered/asm/mixin/injection/callback/CallbackInfo;Ljava/util/List;Ljava/util/List;)V won't be passed a CallbackInfo as a result
[22:22:23] [Render thread/DEBUG] (FabricLoader/Mixin) fabric-rendering-v1.mixins.json:shader.GameRendererMixin from mod fabric-rendering-v1->@Inject::registerShaders(Lnet/minecraft/resource/ResourceFactory;Lorg/spongepowered/asm/mixin/injection/callback/CallbackInfo;Ljava/util/List;Ljava/util/List;)V doesn't use it's CallbackInfo
[22:22:23] [Render thread/DEBUG] (FabricLoader/Mixin) fabric-rendering-v1.mixins.json:shader.GameRendererMixin from mod fabric-rendering-v1->@Inject::registerShaders(Lnet/minecraft/resource/ResourceFactory;Lorg/spongepowered/asm/mixin/injection/callback/CallbackInfo;Ljava/util/List;Ljava/util/List;)V has 0 override(s) in child classes
[22:22:23] [Render thread/DEBUG] (FabricLoader/Mixin) fabric-rendering-v1.mixins.json:shader.GameRendererMixin from mod fabric-rendering-v1->@Inject::registerShaders(Lnet/minecraft/resource/ResourceFactory;Lorg/spongepowered/asm/mixin/injection/callback/CallbackInfo;Ljava/util/List;Ljava/util/List;)V won't be passed a CallbackInfo as a result
[22:22:23] [Render thread/DEBUG] (FabricLoader/Mixin) fabric-rendering-v1.mixins.json:shader.GameRendererMixin from mod fabric-rendering-v1->@Inject::registerShaders(Lnet/minecraft/resource/ResourceFactory;Lorg/spongepowered/asm/mixin/injection/callback/CallbackInfo;Ljava/util/List;Ljava/util/List;)V doesn't use it's CallbackInfo
[22:22:23] [Render thread/DEBUG] (FabricLoader/Mixin) fabric-rendering-v1.mixins.json:shader.GameRendererMixin from mod fabric-rendering-v1->@Inject::registerShaders(Lnet/minecraft/resource/ResourceFactory;Lorg/spongepowered/asm/mixin/injection/callback/CallbackInfo;Ljava/util/List;Ljava/util/List;)V has 0 override(s) in child classes
[22:22:23] [Render thread/DEBUG] (FabricLoader/Mixin) fabric-rendering-v1.mixins.json:shader.GameRendererMixin from mod fabric-rendering-v1->@Inject::registerShaders(Lnet/minecraft/resource/ResourceFactory;Lorg/spongepowered/asm/mixin/injection/callback/CallbackInfo;Ljava/util/List;Ljava/util/List;)V won't be passed a CallbackInfo as a result
[22:22:23] [Render thread/DEBUG] (FabricLoader/Mixin) fabric-rendering-v1.mixins.json:shader.GameRendererMixin from mod fabric-rendering-v1->@Inject::registerShaders(Lnet/minecraft/resource/ResourceFactory;Lorg/spongepowered/asm/mixin/injection/callback/CallbackInfo;Ljava/util/List;Ljava/util/List;)V doesn't use it's CallbackInfo
[22:22:23] [Render thread/DEBUG] (FabricLoader/Mixin) fabric-rendering-v1.mixins.json:shader.GameRendererMixin from mod fabric-rendering-v1->@Inject::registerShaders(Lnet/minecraft/resource/ResourceFactory;Lorg/spongepowered/asm/mixin/injection/callback/CallbackInfo;Ljava/util/List;Ljava/util/List;)V has 0 override(s) in child classes
[22:22:23] [Render thread/DEBUG] (FabricLoader/Mixin) fabric-rendering-v1.mixins.json:shader.GameRendererMixin from mod fabric-rendering-v1->@Inject::registerShaders(Lnet/minecraft/resource/ResourceFactory;Lorg/spongepowered/asm/mixin/injection/callback/CallbackInfo;Ljava/util/List;Ljava/util/List;)V won't be passed a CallbackInfo as a result
[22:22:23] [Render thread/DEBUG] (FabricLoader/Mixin) fabric-rendering-v1.mixins.json:shader.GameRendererMixin from mod fabric-rendering-v1->@Inject::registerShaders(Lnet/minecraft/resource/ResourceFactory;Lorg/spongepowered/asm/mixin/injection/callback/CallbackInfo;Ljava/util/List;Ljava/util/List;)V doesn't use it's CallbackInfo
[22:22:23] [Render thread/DEBUG] (FabricLoader/Mixin) fabric-rendering-v1.mixins.json:shader.GameRendererMixin from mod fabric-rendering-v1->@Inject::registerShaders(Lnet/minecraft/resource/ResourceFactory;Lorg/spongepowered/asm/mixin/injection/callback/CallbackInfo;Ljava/util/List;Ljava/util/List;)V has 0 override(s) in child classes
[22:22:23] [Render thread/DEBUG] (FabricLoader/Mixin) fabric-rendering-v1.mixins.json:shader.GameRendererMixin from mod fabric-rendering-v1->@Inject::registerShaders(Lnet/minecraft/resource/ResourceFactory;Lorg/spongepowered/asm/mixin/injection/callback/CallbackInfo;Ljava/util/List;Ljava/util/List;)V won't be passed a CallbackInfo as a result
[22:22:23] [Render thread/DEBUG] (FabricLoader/Mixin) fabric-rendering-v1.mixins.json:shader.GameRendererMixin from mod fabric-rendering-v1->@Inject::registerShaders(Lnet/minecraft/resource/ResourceFactory;Lorg/spongepowered/asm/mixin/injection/callback/CallbackInfo;Ljava/util/List;Ljava/util/List;)V doesn't use it's CallbackInfo
[22:22:23] [Render thread/DEBUG] (FabricLoader/Mixin) fabric-rendering-v1.mixins.json:shader.GameRendererMixin from mod fabric-rendering-v1->@Inject::registerShaders(Lnet/minecraft/resource/ResourceFactory;Lorg/spongepowered/asm/mixin/injection/callback/CallbackInfo;Ljava/util/List;Ljava/util/List;)V has 0 override(s) in child classes
[22:22:23] [Render thread/DEBUG] (FabricLoader/Mixin) fabric-rendering-v1.mixins.json:shader.GameRendererMixin from mod fabric-rendering-v1->@Inject::registerShaders(Lnet/minecraft/resource/ResourceFactory;Lorg/spongepowered/asm/mixin/injection/callback/CallbackInfo;Ljava/util/List;Ljava/util/List;)V won't be passed a CallbackInfo as a result
[22:22:23] [Render thread/DEBUG] (FabricLoader/Mixin) fabric-rendering-v1.mixins.json:shader.GameRendererMixin from mod fabric-rendering-v1->@Inject::registerShaders(Lnet/minecraft/resource/ResourceFactory;Lorg/spongepowered/asm/mixin/injection/callback/CallbackInfo;Ljava/util/List;Ljava/util/List;)V doesn't use it's CallbackInfo
[22:22:23] [Render thread/DEBUG] (FabricLoader/Mixin) fabric-rendering-v1.mixins.json:shader.GameRendererMixin from mod fabric-rendering-v1->@Inject::registerShaders(Lnet/minecraft/resource/ResourceFactory;Lorg/spongepowered/asm/mixin/injection/callback/CallbackInfo;Ljava/util/List;Ljava/util/List;)V has 0 override(s) in child classes
[22:22:23] [Render thread/DEBUG] (FabricLoader/Mixin) fabric-rendering-v1.mixins.json:shader.GameRendererMixin from mod fabric-rendering-v1->@Inject::registerShaders(Lnet/minecraft/resource/ResourceFactory;Lorg/spongepowered/asm/mixin/injection/callback/CallbackInfo;Ljava/util/List;Ljava/util/List;)V won't be passed a CallbackInfo as a result
[22:22:23] [Render thread/DEBUG] (FabricLoader/Mixin) fabric-rendering-v1.mixins.json:shader.GameRendererMixin from mod fabric-rendering-v1->@Inject::registerShaders(Lnet/minecraft/resource/ResourceFactory;Lorg/spongepowered/asm/mixin/injection/callback/CallbackInfo;Ljava/util/List;Ljava/util/List;)V doesn't use it's CallbackInfo
[22:22:23] [Render thread/DEBUG] (FabricLoader/Mixin) fabric-rendering-v1.mixins.json:shader.GameRendererMixin from mod fabric-rendering-v1->@Inject::registerShaders(Lnet/minecraft/resource/ResourceFactory;Lorg/spongepowered/asm/mixin/injection/callback/CallbackInfo;Ljava/util/List;Ljava/util/List;)V has 0 override(s) in child classes
[22:22:23] [Render thread/DEBUG] (FabricLoader/Mixin) fabric-rendering-v1.mixins.json:shader.GameRendererMixin from mod fabric-rendering-v1->@Inject::registerShaders(Lnet/minecraft/resource/ResourceFactory;Lorg/spongepowered/asm/mixin/injection/callback/CallbackInfo;Ljava/util/List;Ljava/util/List;)V won't be passed a CallbackInfo as a result
[22:22:23] [Render thread/DEBUG] (FabricLoader/Mixin) fabric-rendering-v1.mixins.json:shader.GameRendererMixin from mod fabric-rendering-v1->@Inject::registerShaders(Lnet/minecraft/resource/ResourceFactory;Lorg/spongepowered/asm/mixin/injection/callback/CallbackInfo;Ljava/util/List;Ljava/util/List;)V doesn't use it's CallbackInfo
[22:22:23] [Render thread/DEBUG] (FabricLoader/Mixin) fabric-rendering-v1.mixins.json:shader.GameRendererMixin from mod fabric-rendering-v1->@Inject::registerShaders(Lnet/minecraft/resource/ResourceFactory;Lorg/spongepowered/asm/mixin/injection/callback/CallbackInfo;Ljava/util/List;Ljava/util/List;)V has 0 override(s) in child classes
[22:22:23] [Render thread/DEBUG] (FabricLoader/Mixin) fabric-rendering-v1.mixins.json:shader.GameRendererMixin from mod fabric-rendering-v1->@Inject::registerShaders(Lnet/minecraft/resource/ResourceFactory;Lorg/spongepowered/asm/mixin/injection/callback/CallbackInfo;Ljava/util/List;Ljava/util/List;)V won't be passed a CallbackInfo as a result
[22:22:23] [Render thread/DEBUG] (FabricLoader/Mixin) fabric-rendering-v1.mixins.json:shader.GameRendererMixin from mod fabric-rendering-v1->@Inject::registerShaders(Lnet/minecraft/resource/ResourceFactory;Lorg/spongepowered/asm/mixin/injection/callback/CallbackInfo;Ljava/util/List;Ljava/util/List;)V doesn't use it's CallbackInfo
[22:22:23] [Render thread/DEBUG] (FabricLoader/Mixin) fabric-rendering-v1.mixins.json:shader.GameRendererMixin from mod fabric-rendering-v1->@Inject::registerShaders(Lnet/minecraft/resource/ResourceFactory;Lorg/spongepowered/asm/mixin/injection/callback/CallbackInfo;Ljava/util/List;Ljava/util/List;)V has 0 override(s) in child classes
[22:22:23] [Render thread/DEBUG] (FabricLoader/Mixin) fabric-rendering-v1.mixins.json:shader.GameRendererMixin from mod fabric-rendering-v1->@Inject::registerShaders(Lnet/minecraft/resource/ResourceFactory;Lorg/spongepowered/asm/mixin/injection/callback/CallbackInfo;Ljava/util/List;Ljava/util/List;)V won't be passed a CallbackInfo as a result
[22:22:23] [Render thread/DEBUG] (FabricLoader/Mixin) fabric-rendering-v1.mixins.json:shader.GameRendererMixin from mod fabric-rendering-v1->@Inject::registerShaders(Lnet/minecraft/resource/ResourceFactory;Lorg/spongepowered/asm/mixin/injection/callback/CallbackInfo;Ljava/util/List;Ljava/util/List;)V doesn't use it's CallbackInfo
[22:22:23] [Render thread/DEBUG] (FabricLoader/Mixin) fabric-rendering-v1.mixins.json:shader.GameRendererMixin from mod fabric-rendering-v1->@Inject::registerShaders(Lnet/minecraft/resource/ResourceFactory;Lorg/spongepowered/asm/mixin/injection/callback/CallbackInfo;Ljava/util/List;Ljava/util/List;)V has 0 override(s) in child classes
[22:22:23] [Render thread/DEBUG] (FabricLoader/Mixin) fabric-rendering-v1.mixins.json:shader.GameRendererMixin from mod fabric-rendering-v1->@Inject::registerShaders(Lnet/minecraft/resource/ResourceFactory;Lorg/spongepowered/asm/mixin/injection/callback/CallbackInfo;Ljava/util/List;Ljava/util/List;)V won't be passed a CallbackInfo as a result
[22:22:23] [Render thread/DEBUG] (FabricLoader/Mixin) fabric-rendering-v1.mixins.json:shader.GameRendererMixin from mod fabric-rendering-v1->@Inject::registerShaders(Lnet/minecraft/resource/ResourceFactory;Lorg/spongepowered/asm/mixin/injection/callback/CallbackInfo;Ljava/util/List;Ljava/util/List;)V doesn't use it's CallbackInfo
[22:22:23] [Render thread/DEBUG] (FabricLoader/Mixin) fabric-rendering-v1.mixins.json:shader.GameRendererMixin from mod fabric-rendering-v1->@Inject::registerShaders(Lnet/minecraft/resource/ResourceFactory;Lorg/spongepowered/asm/mixin/injection/callback/CallbackInfo;Ljava/util/List;Ljava/util/List;)V has 0 override(s) in child classes
[22:22:23] [Render thread/DEBUG] (FabricLoader/Mixin) fabric-rendering-v1.mixins.json:shader.GameRendererMixin from mod fabric-rendering-v1->@Inject::registerShaders(Lnet/minecraft/resource/ResourceFactory;Lorg/spongepowered/asm/mixin/injection/callback/CallbackInfo;Ljava/util/List;Ljava/util/List;)V won't be passed a CallbackInfo as a result
[22:22:23] [Render thread/DEBUG] (FabricLoader/Mixin) fabric-rendering-v1.mixins.json:shader.GameRendererMixin from mod fabric-rendering-v1->@Inject::registerShaders(Lnet/minecraft/resource/ResourceFactory;Lorg/spongepowered/asm/mixin/injection/callback/CallbackInfo;Ljava/util/List;Ljava/util/List;)V doesn't use it's CallbackInfo
[22:22:23] [Render thread/DEBUG] (FabricLoader/Mixin) fabric-rendering-v1.mixins.json:shader.GameRendererMixin from mod fabric-rendering-v1->@Inject::registerShaders(Lnet/minecraft/resource/ResourceFactory;Lorg/spongepowered/asm/mixin/injection/callback/CallbackInfo;Ljava/util/List;Ljava/util/List;)V has 0 override(s) in child classes
[22:22:23] [Render thread/DEBUG] (FabricLoader/Mixin) fabric-rendering-v1.mixins.json:shader.GameRendererMixin from mod fabric-rendering-v1->@Inject::registerShaders(Lnet/minecraft/resource/ResourceFactory;Lorg/spongepowered/asm/mixin/injection/callback/CallbackInfo;Ljava/util/List;Ljava/util/List;)V won't be passed a CallbackInfo as a result
[22:22:23] [Render thread/DEBUG] (FabricLoader/Mixin) fabric-rendering-v1.mixins.json:shader.GameRendererMixin from mod fabric-rendering-v1->@Inject::registerShaders(Lnet/minecraft/resource/ResourceFactory;Lorg/spongepowered/asm/mixin/injection/callback/CallbackInfo;Ljava/util/List;Ljava/util/List;)V doesn't use it's CallbackInfo
[22:22:23] [Render thread/DEBUG] (FabricLoader/Mixin) fabric-rendering-v1.mixins.json:shader.GameRendererMixin from mod fabric-rendering-v1->@Inject::registerShaders(Lnet/minecraft/resource/ResourceFactory;Lorg/spongepowered/asm/mixin/injection/callback/CallbackInfo;Ljava/util/List;Ljava/util/List;)V has 0 override(s) in child classes
[22:22:23] [Render thread/DEBUG] (FabricLoader/Mixin) fabric-rendering-v1.mixins.json:shader.GameRendererMixin from mod fabric-rendering-v1->@Inject::registerShaders(Lnet/minecraft/resource/ResourceFactory;Lorg/spongepowered/asm/mixin/injection/callback/CallbackInfo;Ljava/util/List;Ljava/util/List;)V won't be passed a CallbackInfo as a result
[22:22:23] [Render thread/DEBUG] (FabricLoader/Mixin) fabric-rendering-v1.mixins.json:shader.GameRendererMixin from mod fabric-rendering-v1->@Inject::registerShaders(Lnet/minecraft/resource/ResourceFactory;Lorg/spongepowered/asm/mixin/injection/callback/CallbackInfo;Ljava/util/List;Ljava/util/List;)V doesn't use it's CallbackInfo
[22:22:23] [Render thread/DEBUG] (FabricLoader/Mixin) fabric-rendering-v1.mixins.json:shader.GameRendererMixin from mod fabric-rendering-v1->@Inject::registerShaders(Lnet/minecraft/resource/ResourceFactory;Lorg/spongepowered/asm/mixin/injection/callback/CallbackInfo;Ljava/util/List;Ljava/util/List;)V has 0 override(s) in child classes
[22:22:23] [Render thread/DEBUG] (FabricLoader/Mixin) fabric-rendering-v1.mixins.json:shader.GameRendererMixin from mod fabric-rendering-v1->@Inject::registerShaders(Lnet/minecraft/resource/ResourceFactory;Lorg/spongepowered/asm/mixin/injection/callback/CallbackInfo;Ljava/util/List;Ljava/util/List;)V won't be passed a CallbackInfo as a result
[22:22:23] [Render thread/DEBUG] (FabricLoader/Mixin) fabric-rendering-v1.mixins.json:shader.GameRendererMixin from mod fabric-rendering-v1->@Inject::registerShaders(Lnet/minecraft/resource/ResourceFactory;Lorg/spongepowered/asm/mixin/injection/callback/CallbackInfo;Ljava/util/List;Ljava/util/List;)V doesn't use it's CallbackInfo
[22:22:23] [Render thread/DEBUG] (FabricLoader/Mixin) fabric-rendering-v1.mixins.json:shader.GameRendererMixin from mod fabric-rendering-v1->@Inject::registerShaders(Lnet/minecraft/resource/ResourceFactory;Lorg/spongepowered/asm/mixin/injection/callback/CallbackInfo;Ljava/util/List;Ljava/util/List;)V has 0 override(s) in child classes
[22:22:23] [Render thread/DEBUG] (FabricLoader/Mixin) fabric-rendering-v1.mixins.json:shader.GameRendererMixin from mod fabric-rendering-v1->@Inject::registerShaders(Lnet/minecraft/resource/ResourceFactory;Lorg/spongepowered/asm/mixin/injection/callback/CallbackInfo;Ljava/util/List;Ljava/util/List;)V won't be passed a CallbackInfo as a result
[22:22:23] [Render thread/DEBUG] (FabricLoader/Mixin) fabric-rendering-v1.mixins.json:shader.GameRendererMixin from mod fabric-rendering-v1->@Inject::registerShaders(Lnet/minecraft/resource/ResourceFactory;Lorg/spongepowered/asm/mixin/injection/callback/CallbackInfo;Ljava/util/List;Ljava/util/List;)V doesn't use it's CallbackInfo
[22:22:23] [Render thread/DEBUG] (FabricLoader/Mixin) fabric-rendering-v1.mixins.json:shader.GameRendererMixin from mod fabric-rendering-v1->@Inject::registerShaders(Lnet/minecraft/resource/ResourceFactory;Lorg/spongepowered/asm/mixin/injection/callback/CallbackInfo;Ljava/util/List;Ljava/util/List;)V has 0 override(s) in child classes
[22:22:23] [Render thread/DEBUG] (FabricLoader/Mixin) fabric-rendering-v1.mixins.json:shader.GameRendererMixin from mod fabric-rendering-v1->@Inject::registerShaders(Lnet/minecraft/resource/ResourceFactory;Lorg/spongepowered/asm/mixin/injection/callback/CallbackInfo;Ljava/util/List;Ljava/util/List;)V won't be passed a CallbackInfo as a result
[22:22:23] [Render thread/DEBUG] (FabricLoader/Mixin) fabric-rendering-v1.mixins.json:shader.GameRendererMixin from mod fabric-rendering-v1->@Inject::registerShaders(Lnet/minecraft/resource/ResourceFactory;Lorg/spongepowered/asm/mixin/injection/callback/CallbackInfo;Ljava/util/List;Ljava/util/List;)V doesn't use it's CallbackInfo
[22:22:23] [Render thread/DEBUG] (FabricLoader/Mixin) fabric-rendering-v1.mixins.json:shader.GameRendererMixin from mod fabric-rendering-v1->@Inject::registerShaders(Lnet/minecraft/resource/ResourceFactory;Lorg/spongepowered/asm/mixin/injection/callback/CallbackInfo;Ljava/util/List;Ljava/util/List;)V has 0 override(s) in child classes
[22:22:23] [Render thread/DEBUG] (FabricLoader/Mixin) fabric-rendering-v1.mixins.json:shader.GameRendererMixin from mod fabric-rendering-v1->@Inject::registerShaders(Lnet/minecraft/resource/ResourceFactory;Lorg/spongepowered/asm/mixin/injection/callback/CallbackInfo;Ljava/util/List;Ljava/util/List;)V won't be passed a CallbackInfo as a result
[22:22:23] [Render thread/DEBUG] (FabricLoader/Mixin) fabric-rendering-v1.mixins.json:shader.GameRendererMixin from mod fabric-rendering-v1->@Inject::registerShaders(Lnet/minecraft/resource/ResourceFactory;Lorg/spongepowered/asm/mixin/injection/callback/CallbackInfo;Ljava/util/List;Ljava/util/List;)V doesn't use it's CallbackInfo
[22:22:23] [Render thread/DEBUG] (FabricLoader/Mixin) fabric-rendering-v1.mixins.json:shader.GameRendererMixin from mod fabric-rendering-v1->@Inject::registerShaders(Lnet/minecraft/resource/ResourceFactory;Lorg/spongepowered/asm/mixin/injection/callback/CallbackInfo;Ljava/util/List;Ljava/util/List;)V has 0 override(s) in child classes
[22:22:23] [Render thread/DEBUG] (FabricLoader/Mixin) fabric-rendering-v1.mixins.json:shader.GameRendererMixin from mod fabric-rendering-v1->@Inject::registerShaders(Lnet/minecraft/resource/ResourceFactory;Lorg/spongepowered/asm/mixin/injection/callback/CallbackInfo;Ljava/util/List;Ljava/util/List;)V won't be passed a CallbackInfo as a result
[22:22:23] [Render thread/DEBUG] (FabricLoader/Mixin) fabric-rendering-v1.mixins.json:shader.GameRendererMixin from mod fabric-rendering-v1->@Inject::registerShaders(Lnet/minecraft/resource/ResourceFactory;Lorg/spongepowered/asm/mixin/injection/callback/CallbackInfo;Ljava/util/List;Ljava/util/List;)V doesn't use it's CallbackInfo
[22:22:23] [Render thread/DEBUG] (FabricLoader/Mixin) fabric-rendering-v1.mixins.json:shader.GameRendererMixin from mod fabric-rendering-v1->@Inject::registerShaders(Lnet/minecraft/resource/ResourceFactory;Lorg/spongepowered/asm/mixin/injection/callback/CallbackInfo;Ljava/util/List;Ljava/util/List;)V has 0 override(s) in child classes
[22:22:23] [Render thread/DEBUG] (FabricLoader/Mixin) fabric-rendering-v1.mixins.json:shader.GameRendererMixin from mod fabric-rendering-v1->@Inject::registerShaders(Lnet/minecraft/resource/ResourceFactory;Lorg/spongepowered/asm/mixin/injection/callback/CallbackInfo;Ljava/util/List;Ljava/util/List;)V won't be passed a CallbackInfo as a result
[22:22:23] [Render thread/DEBUG] (FabricLoader/Mixin) fabric-rendering-v1.mixins.json:shader.GameRendererMixin from mod fabric-rendering-v1->@Inject::registerShaders(Lnet/minecraft/resource/ResourceFactory;Lorg/spongepowered/asm/mixin/injection/callback/CallbackInfo;Ljava/util/List;Ljava/util/List;)V doesn't use it's CallbackInfo
[22:22:23] [Render thread/DEBUG] (FabricLoader/Mixin) fabric-rendering-v1.mixins.json:shader.GameRendererMixin from mod fabric-rendering-v1->@Inject::registerShaders(Lnet/minecraft/resource/ResourceFactory;Lorg/spongepowered/asm/mixin/injection/callback/CallbackInfo;Ljava/util/List;Ljava/util/List;)V has 0 override(s) in child classes
[22:22:23] [Render thread/DEBUG] (FabricLoader/Mixin) fabric-rendering-v1.mixins.json:shader.GameRendererMixin from mod fabric-rendering-v1->@Inject::registerShaders(Lnet/minecraft/resource/ResourceFactory;Lorg/spongepowered/asm/mixin/injection/callback/CallbackInfo;Ljava/util/List;Ljava/util/List;)V won't be passed a CallbackInfo as a result
[22:22:23] [Render thread/DEBUG] (FabricLoader/Mixin) fabric-rendering-v1.mixins.json:shader.GameRendererMixin from mod fabric-rendering-v1->@Inject::registerShaders(Lnet/minecraft/resource/ResourceFactory;Lorg/spongepowered/asm/mixin/injection/callback/CallbackInfo;Ljava/util/List;Ljava/util/List;)V doesn't use it's CallbackInfo
[22:22:23] [Render thread/DEBUG] (FabricLoader/Mixin) fabric-rendering-v1.mixins.json:shader.GameRendererMixin from mod fabric-rendering-v1->@Inject::registerShaders(Lnet/minecraft/resource/ResourceFactory;Lorg/spongepowered/asm/mixin/injection/callback/CallbackInfo;Ljava/util/List;Ljava/util/List;)V has 0 override(s) in child classes
[22:22:23] [Render thread/DEBUG] (FabricLoader/Mixin) fabric-rendering-v1.mixins.json:shader.GameRendererMixin from mod fabric-rendering-v1->@Inject::registerShaders(Lnet/minecraft/resource/ResourceFactory;Lorg/spongepowered/asm/mixin/injection/callback/CallbackInfo;Ljava/util/List;Ljava/util/List;)V won't be passed a CallbackInfo as a result
[22:22:23] [Render thread/DEBUG] (FabricLoader/Mixin) fabric-rendering-v1.mixins.json:shader.GameRendererMixin from mod fabric-rendering-v1->@Inject::registerShaders(Lnet/minecraft/resource/ResourceFactory;Lorg/spongepowered/asm/mixin/injection/callback/CallbackInfo;Ljava/util/List;Ljava/util/List;)V doesn't use it's CallbackInfo
[22:22:23] [Render thread/DEBUG] (FabricLoader/Mixin) fabric-rendering-v1.mixins.json:shader.GameRendererMixin from mod fabric-rendering-v1->@Inject::registerShaders(Lnet/minecraft/resource/ResourceFactory;Lorg/spongepowered/asm/mixin/injection/callback/CallbackInfo;Ljava/util/List;Ljava/util/List;)V has 0 override(s) in child classes
[22:22:23] [Render thread/DEBUG] (FabricLoader/Mixin) fabric-rendering-v1.mixins.json:shader.GameRendererMixin from mod fabric-rendering-v1->@Inject::registerShaders(Lnet/minecraft/resource/ResourceFactory;Lorg/spongepowered/asm/mixin/injection/callback/CallbackInfo;Ljava/util/List;Ljava/util/List;)V won't be passed a CallbackInfo as a result
[22:22:23] [Render thread/DEBUG] (FabricLoader/Mixin) fabric-rendering-v1.mixins.json:shader.GameRendererMixin from mod fabric-rendering-v1->@Inject::registerShaders(Lnet/minecraft/resource/ResourceFactory;Lorg/spongepowered/asm/mixin/injection/callback/CallbackInfo;Ljava/util/List;Ljava/util/List;)V doesn't use it's CallbackInfo
[22:22:23] [Render thread/DEBUG] (FabricLoader/Mixin) fabric-rendering-v1.mixins.json:shader.GameRendererMixin from mod fabric-rendering-v1->@Inject::registerShaders(Lnet/minecraft/resource/ResourceFactory;Lorg/spongepowered/asm/mixin/injection/callback/CallbackInfo;Ljava/util/List;Ljava/util/List;)V has 0 override(s) in child classes
[22:22:23] [Render thread/DEBUG] (FabricLoader/Mixin) fabric-rendering-v1.mixins.json:shader.GameRendererMixin from mod fabric-rendering-v1->@Inject::registerShaders(Lnet/minecraft/resource/ResourceFactory;Lorg/spongepowered/asm/mixin/injection/callback/CallbackInfo;Ljava/util/List;Ljava/util/List;)V won't be passed a CallbackInfo as a result
[22:22:23] [Render thread/DEBUG] (FabricLoader/Mixin) fabric-rendering-v1.mixins.json:shader.GameRendererMixin from mod fabric-rendering-v1->@Inject::registerShaders(Lnet/minecraft/resource/ResourceFactory;Lorg/spongepowered/asm/mixin/injection/callback/CallbackInfo;Ljava/util/List;Ljava/util/List;)V doesn't use it's CallbackInfo
[22:22:23] [Render thread/DEBUG] (FabricLoader/Mixin) fabric-rendering-v1.mixins.json:shader.GameRendererMixin from mod fabric-rendering-v1->@Inject::registerShaders(Lnet/minecraft/resource/ResourceFactory;Lorg/spongepowered/asm/mixin/injection/callback/CallbackInfo;Ljava/util/List;Ljava/util/List;)V has 0 override(s) in child classes
[22:22:23] [Render thread/DEBUG] (FabricLoader/Mixin) fabric-rendering-v1.mixins.json:shader.GameRendererMixin from mod fabric-rendering-v1->@Inject::registerShaders(Lnet/minecraft/resource/ResourceFactory;Lorg/spongepowered/asm/mixin/injection/callback/CallbackInfo;Ljava/util/List;Ljava/util/List;)V won't be passed a CallbackInfo as a result
[22:22:23] [Render thread/DEBUG] (FabricLoader/Mixin) fabric-rendering-v1.mixins.json:shader.GameRendererMixin from mod fabric-rendering-v1->@Inject::registerShaders(Lnet/minecraft/resource/ResourceFactory;Lorg/spongepowered/asm/mixin/injection/callback/CallbackInfo;Ljava/util/List;Ljava/util/List;)V doesn't use it's CallbackInfo
[22:22:23] [Render thread/DEBUG] (FabricLoader/Mixin) fabric-rendering-v1.mixins.json:shader.GameRendererMixin from mod fabric-rendering-v1->@Inject::registerShaders(Lnet/minecraft/resource/ResourceFactory;Lorg/spongepowered/asm/mixin/injection/callback/CallbackInfo;Ljava/util/List;Ljava/util/List;)V has 0 override(s) in child classes
[22:22:23] [Render thread/DEBUG] (FabricLoader/Mixin) fabric-rendering-v1.mixins.json:shader.GameRendererMixin from mod fabric-rendering-v1->@Inject::registerShaders(Lnet/minecraft/resource/ResourceFactory;Lorg/spongepowered/asm/mixin/injection/callback/CallbackInfo;Ljava/util/List;Ljava/util/List;)V won't be passed a CallbackInfo as a result
[22:22:23] [Render thread/DEBUG] (FabricLoader/Mixin) fabric-rendering-v1.mixins.json:shader.GameRendererMixin from mod fabric-rendering-v1->@Inject::registerShaders(Lnet/minecraft/resource/ResourceFactory;Lorg/spongepowered/asm/mixin/injection/callback/CallbackInfo;Ljava/util/List;Ljava/util/List;)V doesn't use it's CallbackInfo
[22:22:23] [Render thread/DEBUG] (FabricLoader/Mixin) fabric-rendering-v1.mixins.json:shader.GameRendererMixin from mod fabric-rendering-v1->@Inject::registerShaders(Lnet/minecraft/resource/ResourceFactory;Lorg/spongepowered/asm/mixin/injection/callback/CallbackInfo;Ljava/util/List;Ljava/util/List;)V has 0 override(s) in child classes
[22:22:23] [Render thread/DEBUG] (FabricLoader/Mixin) fabric-rendering-v1.mixins.json:shader.GameRendererMixin from mod fabric-rendering-v1->@Inject::registerShaders(Lnet/minecraft/resource/ResourceFactory;Lorg/spongepowered/asm/mixin/injection/callback/CallbackInfo;Ljava/util/List;Ljava/util/List;)V won't be passed a CallbackInfo as a result
[22:22:23] [Render thread/DEBUG] (FabricLoader/Mixin) fabric-rendering-v1.mixins.json:shader.GameRendererMixin from mod fabric-rendering-v1->@Inject::registerShaders(Lnet/minecraft/resource/ResourceFactory;Lorg/spongepowered/asm/mixin/injection/callback/CallbackInfo;Ljava/util/List;Ljava/util/List;)V doesn't use it's CallbackInfo
[22:22:23] [Render thread/DEBUG] (FabricLoader/Mixin) fabric-rendering-v1.mixins.json:shader.GameRendererMixin from mod fabric-rendering-v1->@Inject::registerShaders(Lnet/minecraft/resource/ResourceFactory;Lorg/spongepowered/asm/mixin/injection/callback/CallbackInfo;Ljava/util/List;Ljava/util/List;)V has 0 override(s) in child classes
[22:22:23] [Render thread/DEBUG] (FabricLoader/Mixin) fabric-rendering-v1.mixins.json:shader.GameRendererMixin from mod fabric-rendering-v1->@Inject::registerShaders(Lnet/minecraft/resource/ResourceFactory;Lorg/spongepowered/asm/mixin/injection/callback/CallbackInfo;Ljava/util/List;Ljava/util/List;)V won't be passed a CallbackInfo as a result
[22:22:23] [Render thread/DEBUG] (FabricLoader/Mixin) fabric-rendering-v1.mixins.json:shader.GameRendererMixin from mod fabric-rendering-v1->@Inject::registerShaders(Lnet/minecraft/resource/ResourceFactory;Lorg/spongepowered/asm/mixin/injection/callback/CallbackInfo;Ljava/util/List;Ljava/util/List;)V doesn't use it's CallbackInfo
[22:22:23] [Render thread/DEBUG] (FabricLoader/Mixin) fabric-rendering-v1.mixins.json:shader.GameRendererMixin from mod fabric-rendering-v1->@Inject::registerShaders(Lnet/minecraft/resource/ResourceFactory;Lorg/spongepowered/asm/mixin/injection/callback/CallbackInfo;Ljava/util/List;Ljava/util/List;)V has 0 override(s) in child classes
[22:22:23] [Render thread/DEBUG] (FabricLoader/Mixin) fabric-rendering-v1.mixins.json:shader.GameRendererMixin from mod fabric-rendering-v1->@Inject::registerShaders(Lnet/minecraft/resource/ResourceFactory;Lorg/spongepowered/asm/mixin/injection/callback/CallbackInfo;Ljava/util/List;Ljava/util/List;)V won't be passed a CallbackInfo as a result
[22:22:23] [Render thread/DEBUG] (FabricLoader/Mixin) fabric-rendering-v1.mixins.json:shader.GameRendererMixin from mod fabric-rendering-v1->@Inject::registerShaders(Lnet/minecraft/resource/ResourceFactory;Lorg/spongepowered/asm/mixin/injection/callback/CallbackInfo;Ljava/util/List;Ljava/util/List;)V doesn't use it's CallbackInfo
[22:22:23] [Render thread/DEBUG] (FabricLoader/Mixin) fabric-rendering-v1.mixins.json:shader.GameRendererMixin from mod fabric-rendering-v1->@Inject::registerShaders(Lnet/minecraft/resource/ResourceFactory;Lorg/spongepowered/asm/mixin/injection/callback/CallbackInfo;Ljava/util/List;Ljava/util/List;)V has 0 override(s) in child classes
[22:22:23] [Render thread/DEBUG] (FabricLoader/Mixin) fabric-rendering-v1.mixins.json:shader.GameRendererMixin from mod fabric-rendering-v1->@Inject::registerShaders(Lnet/minecraft/resource/ResourceFactory;Lorg/spongepowered/asm/mixin/injection/callback/CallbackInfo;Ljava/util/List;Ljava/util/List;)V won't be passed a CallbackInfo as a result
[22:22:23] [Render thread/DEBUG] (FabricLoader/Mixin) fabric-rendering-v1.mixins.json:shader.GameRendererMixin from mod fabric-rendering-v1->@Inject::registerShaders(Lnet/minecraft/resource/ResourceFactory;Lorg/spongepowered/asm/mixin/injection/callback/CallbackInfo;Ljava/util/List;Ljava/util/List;)V doesn't use it's CallbackInfo
[22:22:23] [Render thread/DEBUG] (FabricLoader/Mixin) fabric-rendering-v1.mixins.json:shader.GameRendererMixin from mod fabric-rendering-v1->@Inject::registerShaders(Lnet/minecraft/resource/ResourceFactory;Lorg/spongepowered/asm/mixin/injection/callback/CallbackInfo;Ljava/util/List;Ljava/util/List;)V has 0 override(s) in child classes
[22:22:23] [Render thread/DEBUG] (FabricLoader/Mixin) fabric-rendering-v1.mixins.json:shader.GameRendererMixin from mod fabric-rendering-v1->@Inject::registerShaders(Lnet/minecraft/resource/ResourceFactory;Lorg/spongepowered/asm/mixin/injection/callback/CallbackInfo;Ljava/util/List;Ljava/util/List;)V won't be passed a CallbackInfo as a result
[22:22:23] [Render thread/DEBUG] (FabricLoader/Mixin) fabric-rendering-v1.mixins.json:shader.GameRendererMixin from mod fabric-rendering-v1->@Inject::registerShaders(Lnet/minecraft/resource/ResourceFactory;Lorg/spongepowered/asm/mixin/injection/callback/CallbackInfo;Ljava/util/List;Ljava/util/List;)V doesn't use it's CallbackInfo
[22:22:23] [Render thread/DEBUG] (FabricLoader/Mixin) fabric-rendering-v1.mixins.json:shader.GameRendererMixin from mod fabric-rendering-v1->@Inject::registerShaders(Lnet/minecraft/resource/ResourceFactory;Lorg/spongepowered/asm/mixin/injection/callback/CallbackInfo;Ljava/util/List;Ljava/util/List;)V has 0 override(s) in child classes
[22:22:23] [Render thread/DEBUG] (FabricLoader/Mixin) fabric-rendering-v1.mixins.json:shader.GameRendererMixin from mod fabric-rendering-v1->@Inject::registerShaders(Lnet/minecraft/resource/ResourceFactory;Lorg/spongepowered/asm/mixin/injection/callback/CallbackInfo;Ljava/util/List;Ljava/util/List;)V won't be passed a CallbackInfo as a result
[22:22:23] [Render thread/DEBUG] (FabricLoader/Mixin) fabric-rendering-v1.mixins.json:shader.GameRendererMixin from mod fabric-rendering-v1->@Inject::registerShaders(Lnet/minecraft/resource/ResourceFactory;Lorg/spongepowered/asm/mixin/injection/callback/CallbackInfo;Ljava/util/List;Ljava/util/List;)V doesn't use it's CallbackInfo
[22:22:23] [Render thread/DEBUG] (FabricLoader/Mixin) fabric-rendering-v1.mixins.json:shader.GameRendererMixin from mod fabric-rendering-v1->@Inject::registerShaders(Lnet/minecraft/resource/ResourceFactory;Lorg/spongepowered/asm/mixin/injection/callback/CallbackInfo;Ljava/util/List;Ljava/util/List;)V has 0 override(s) in child classes
[22:22:23] [Render thread/DEBUG] (FabricLoader/Mixin) fabric-rendering-v1.mixins.json:shader.GameRendererMixin from mod fabric-rendering-v1->@Inject::registerShaders(Lnet/minecraft/resource/ResourceFactory;Lorg/spongepowered/asm/mixin/injection/callback/CallbackInfo;Ljava/util/List;Ljava/util/List;)V won't be passed a CallbackInfo as a result
[22:22:23] [Render thread/DEBUG] (FabricLoader/Mixin) fabric-rendering-v1.mixins.json:shader.GameRendererMixin from mod fabric-rendering-v1->@Inject::registerShaders(Lnet/minecraft/resource/ResourceFactory;Lorg/spongepowered/asm/mixin/injection/callback/CallbackInfo;Ljava/util/List;Ljava/util/List;)V doesn't use it's CallbackInfo
[22:22:23] [Render thread/DEBUG] (FabricLoader/Mixin) fabric-rendering-v1.mixins.json:shader.GameRendererMixin from mod fabric-rendering-v1->@Inject::registerShaders(Lnet/minecraft/resource/ResourceFactory;Lorg/spongepowered/asm/mixin/injection/callback/CallbackInfo;Ljava/util/List;Ljava/util/List;)V has 0 override(s) in child classes
[22:22:23] [Render thread/DEBUG] (FabricLoader/Mixin) fabric-rendering-v1.mixins.json:shader.GameRendererMixin from mod fabric-rendering-v1->@Inject::registerShaders(Lnet/minecraft/resource/ResourceFactory;Lorg/spongepowered/asm/mixin/injection/callback/CallbackInfo;Ljava/util/List;Ljava/util/List;)V won't be passed a CallbackInfo as a result
[22:22:23] [Render thread/DEBUG] (FabricLoader/Mixin) fabric-rendering-v1.mixins.json:shader.GameRendererMixin from mod fabric-rendering-v1->@Inject::registerShaders(Lnet/minecraft/resource/ResourceFactory;Lorg/spongepowered/asm/mixin/injection/callback/CallbackInfo;Ljava/util/List;Ljava/util/List;)V doesn't use it's CallbackInfo
[22:22:23] [Render thread/DEBUG] (FabricLoader/Mixin) fabric-rendering-v1.mixins.json:shader.GameRendererMixin from mod fabric-rendering-v1->@Inject::registerShaders(Lnet/minecraft/resource/ResourceFactory;Lorg/spongepowered/asm/mixin/injection/callback/CallbackInfo;Ljava/util/List;Ljava/util/List;)V has 0 override(s) in child classes
[22:22:23] [Render thread/DEBUG] (FabricLoader/Mixin) fabric-rendering-v1.mixins.json:shader.GameRendererMixin from mod fabric-rendering-v1->@Inject::registerShaders(Lnet/minecraft/resource/ResourceFactory;Lorg/spongepowered/asm/mixin/injection/callback/CallbackInfo;Ljava/util/List;Ljava/util/List;)V won't be passed a CallbackInfo as a result
[22:22:23] [Render thread/DEBUG] (FabricLoader/Mixin) fabric-screen-api-v1.mixins.json:GameRendererMixin from mod fabric-screen-api-v1->@Inject::onBeforeRenderScreen(FJZLorg/spongepowered/asm/mixin/injection/callback/CallbackInfo;IILnet/minecraft/client/util/math/MatrixStack;Lnet/minecraft/client/gui/DrawContext;)V doesn't use it's CallbackInfo
[22:22:23] [Render thread/DEBUG] (FabricLoader/Mixin) fabric-screen-api-v1.mixins.json:GameRendererMixin from mod fabric-screen-api-v1->@Inject::onBeforeRenderScreen(FJZLorg/spongepowered/asm/mixin/injection/callback/CallbackInfo;IILnet/minecraft/client/util/math/MatrixStack;Lnet/minecraft/client/gui/DrawContext;)V has 0 override(s) in child classes
[22:22:23] [Render thread/DEBUG] (FabricLoader/Mixin) fabric-screen-api-v1.mixins.json:GameRendererMixin from mod fabric-screen-api-v1->@Inject::onBeforeRenderScreen(FJZLorg/spongepowered/asm/mixin/injection/callback/CallbackInfo;IILnet/minecraft/client/util/math/MatrixStack;Lnet/minecraft/client/gui/DrawContext;)V won't be passed a CallbackInfo as a result
[22:22:23] [Render thread/DEBUG] (FabricLoader/Mixin) fabric-screen-api-v1.mixins.json:GameRendererMixin from mod fabric-screen-api-v1->@Inject::onAfterRenderScreen(FJZLorg/spongepowered/asm/mixin/injection/callback/CallbackInfo;IILnet/minecraft/client/util/math/MatrixStack;Lnet/minecraft/client/gui/DrawContext;)V doesn't use it's CallbackInfo
[22:22:23] [Render thread/DEBUG] (FabricLoader/Mixin) fabric-screen-api-v1.mixins.json:GameRendererMixin from mod fabric-screen-api-v1->@Inject::onAfterRenderScreen(FJZLorg/spongepowered/asm/mixin/injection/callback/CallbackInfo;IILnet/minecraft/client/util/math/MatrixStack;Lnet/minecraft/client/gui/DrawContext;)V has 0 override(s) in child classes
[22:22:23] [Render thread/DEBUG] (FabricLoader/Mixin) fabric-screen-api-v1.mixins.json:GameRendererMixin from mod fabric-screen-api-v1->@Inject::onAfterRenderScreen(FJZLorg/spongepowered/asm/mixin/injection/callback/CallbackInfo;IILnet/minecraft/client/util/math/MatrixStack;Lnet/minecraft/client/gui/DrawContext;)V won't be passed a CallbackInfo as a result
[22:22:23] [Render thread/DEBUG] (FabricLoader/Mixin) Mixing shader.ShaderProgramMixin from fabric-rendering-v1.mixins.json into net.minecraft.client.gl.ShaderProgram
[22:22:23] [Render thread/DEBUG] (FabricLoader/Mixin) fabric-rendering-v1.mixins.json:shader.ShaderProgramMixin from mod fabric-rendering-v1: Class version 61 required is higher than the class version supported by the current version of Mixin (JAVA_16 supports class version 60)
[22:22:23] [Render thread/DEBUG] (FabricLoader/Mixin) Mixing client.SpriteAtlasTextureMixin from fabric-renderer-api-v1.mixins.json into net.minecraft.client.texture.SpriteAtlasTexture
[22:22:23] [Render thread/DEBUG] (FabricLoader/Mixin) fabric-renderer-api-v1.mixins.json:client.SpriteAtlasTextureMixin from mod fabric-renderer-api-v1: Class version 61 required is higher than the class version supported by the current version of Mixin (JAVA_16 supports class version 60)
[22:22:23] [Render thread/DEBUG] (FabricLoader/Mixin) fabric-renderer-api-v1.mixins.json:client.SpriteAtlasTextureMixin from mod fabric-renderer-api-v1->@Inject::uploadHook(Lnet/minecraft/client/texture/SpriteLoader$StitchResult;Lorg/spongepowered/asm/mixin/injection/callback/CallbackInfo;)V doesn't use it's CallbackInfo
[22:22:23] [Render thread/DEBUG] (FabricLoader/Mixin) fabric-renderer-api-v1.mixins.json:client.SpriteAtlasTextureMixin from mod fabric-renderer-api-v1->@Inject::uploadHook(Lnet/minecraft/client/texture/SpriteLoader$StitchResult;Lorg/spongepowered/asm/mixin/injection/callback/CallbackInfo;)V has 0 override(s) in child classes
[22:22:23] [Render thread/DEBUG] (FabricLoader/Mixin) fabric-renderer-api-v1.mixins.json:client.SpriteAtlasTextureMixin from mod fabric-renderer-api-v1->@Inject::uploadHook(Lnet/minecraft/client/texture/SpriteLoader$StitchResult;Lorg/spongepowered/asm/mixin/injection/callback/CallbackInfo;)V won't be passed a CallbackInfo as a result
[22:22:23] [Render thread/DEBUG] (FabricLoader/Mixin) Mixing ItemRendererMixin from fabric-renderer-indigo.mixins.json into net.minecraft.client.render.item.ItemRenderer
[22:22:23] [Render thread/DEBUG] (FabricLoader/Mixin) fabric-renderer-indigo.mixins.json:ItemRendererMixin from mod fabric-renderer-indigo: Class version 61 required is higher than the class version supported by the current version of Mixin (JAVA_16 supports class version 60)
[22:22:23] [Render thread/DEBUG] (FabricLoader/Mixin) Renaming synthetic method lambda$new$0()Lnet/fabricmc/fabric/impl/client/indigo/renderer/render/ItemRenderContext; to md84916f$fabric-renderer-indigo$lambda$new$0$0 in fabric-renderer-indigo.mixins.json:ItemRendererMixin from mod fabric-renderer-indigo
[22:22:23] [Render thread/DEBUG] (FabricLoader/Mixin) Mixing KeyedResourceReloadListenerClientMixin from fabric-resource-loader-v0.client.mixins.json into net.minecraft.client.render.item.ItemRenderer
[22:22:23] [Render thread/DEBUG] (FabricLoader/Mixin) fabric-resource-loader-v0.client.mixins.json:KeyedResourceReloadListenerClientMixin from mod fabric-resource-loader-v0: Class version 61 required is higher than the class version supported by the current version of Mixin (JAVA_16 supports class version 60)
[22:22:23] [Render thread/DEBUG] (FabricLoader/Mixin) fabric-renderer-indigo.mixins.json:ItemRendererMixin from mod fabric-renderer-indigo->@Inject::hook_renderItem(Lnet/minecraft/item/ItemStack;Lnet/minecraft/client/render/model/json/ModelTransformationMode;ZLnet/minecraft/client/util/math/MatrixStack;Lnet/minecraft/client/render/VertexConsumerProvider;IILnet/minecraft/client/render/model/BakedModel;Lorg/spongepowered/asm/mixin/injection/callback/CallbackInfo;)V does use it's CallbackInfo
[22:22:23] [Render thread/DEBUG] (FabricLoader/Mixin) Mixing GameOptionsMixin from fabric-resource-loader-v0.client.mixins.json into net.minecraft.client.option.GameOptions
[22:22:23] [Render thread/DEBUG] (FabricLoader/Mixin) fabric-resource-loader-v0.client.mixins.json:GameOptionsMixin from mod fabric-resource-loader-v0: Class version 61 required is higher than the class version supported by the current version of Mixin (JAVA_16 supports class version 60)
[22:22:23] [Render thread/DEBUG] (FabricLoader/Mixin) Mixing GameOptionsMixin from fabric-key-binding-api-v1.mixins.json into net.minecraft.client.option.GameOptions
[22:22:23] [Render thread/DEBUG] (FabricLoader/Mixin) fabric-key-binding-api-v1.mixins.json:GameOptionsMixin from mod fabric-key-binding-api-v1: Class version 61 required is higher than the class version supported by the current version of Mixin (JAVA_16 supports class version 60)
[22:22:23] [Render thread/DEBUG] (FabricLoader/Mixin) fabric-resource-loader-v0.client.mixins.json:GameOptionsMixin from mod fabric-resource-loader-v0->@Inject::onLoad(Lorg/spongepowered/asm/mixin/injection/callback/CallbackInfo;)V doesn't use it's CallbackInfo
[22:22:23] [Render thread/DEBUG] (FabricLoader/Mixin) fabric-resource-loader-v0.client.mixins.json:GameOptionsMixin from mod fabric-resource-loader-v0->@Inject::onLoad(Lorg/spongepowered/asm/mixin/injection/callback/CallbackInfo;)V has 0 override(s) in child classes
[22:22:23] [Render thread/DEBUG] (FabricLoader/Mixin) fabric-resource-loader-v0.client.mixins.json:GameOptionsMixin from mod fabric-resource-loader-v0->@Inject::onLoad(Lorg/spongepowered/asm/mixin/injection/callback/CallbackInfo;)V won't be passed a CallbackInfo as a result
[22:22:23] [Render thread/DEBUG] (FabricLoader/Mixin) fabric-resource-loader-v0.client.mixins.json:GameOptionsMixin from mod fabric-resource-loader-v0->@Inject::onLoad(Lorg/spongepowered/asm/mixin/injection/callback/CallbackInfo;)V doesn't use it's CallbackInfo
[22:22:23] [Render thread/DEBUG] (FabricLoader/Mixin) fabric-resource-loader-v0.client.mixins.json:GameOptionsMixin from mod fabric-resource-loader-v0->@Inject::onLoad(Lorg/spongepowered/asm/mixin/injection/callback/CallbackInfo;)V has 0 override(s) in child classes
[22:22:23] [Render thread/DEBUG] (FabricLoader/Mixin) fabric-resource-loader-v0.client.mixins.json:GameOptionsMixin from mod fabric-resource-loader-v0->@Inject::onLoad(Lorg/spongepowered/asm/mixin/injection/callback/CallbackInfo;)V won't be passed a CallbackInfo as a result
[22:22:23] [Render thread/DEBUG] (FabricLoader/Mixin) fabric-key-binding-api-v1.mixins.json:GameOptionsMixin from mod fabric-key-binding-api-v1->@Inject::loadHook(Lorg/spongepowered/asm/mixin/injection/callback/CallbackInfo;)V doesn't use it's CallbackInfo
[22:22:23] [Render thread/DEBUG] (FabricLoader/Mixin) fabric-key-binding-api-v1.mixins.json:GameOptionsMixin from mod fabric-key-binding-api-v1->@Inject::loadHook(Lorg/spongepowered/asm/mixin/injection/callback/CallbackInfo;)V has 0 override(s) in child classes
[22:22:23] [Render thread/DEBUG] (FabricLoader/Mixin) fabric-key-binding-api-v1.mixins.json:GameOptionsMixin from mod fabric-key-binding-api-v1->@Inject::loadHook(Lorg/spongepowered/asm/mixin/injection/callback/CallbackInfo;)V won't be passed a CallbackInfo as a result
[22:22:23] [Render thread/DEBUG] (FabricLoader/Mixin) Mixing SoundInstanceMixin from fabric-sound-api-v1.mixins.json into net.minecraft.client.sound.SoundInstance
[22:22:23] [Worker-Main-1/DEBUG] (Mod Menu/Update Checker) Status: 200
[22:22:23] [Worker-Main-1/DEBUG] (Mod Menu/Update Checker) {"9a7837e04bb34376611b207a3b20e5fe1c82a4822b42929d5b410809ec4b88ff3cac8821c4568f880775bafa3c079dfc7800f8471356a4046248b12607e855eb":{"game_versions":["1.20.1"],"loaders":["fabric","quilt"],"environment":"client_only","id":"lEkperf6","project_id":"mOgUt4GM","author_id":"Dc7EYhxG","featured":false,"name":"v7.2.2 for 1.20.1","version_number":"7.2.2","changelog":"- Update Tatar translations\n- Update Vietnamese translations\n- Fix child mods hidden via config not being hidden","changelog_url":null,"date_published":"2023-09-08T04:44:04.261764Z","downloads":23351096,"version_type":"release","status":"listed","requested_status":null,"files":[{"id":"1WhAd0LH","hashes":{"sha512":"9a7837e04bb34376611b207a3b20e5fe1c82a4822b42929d5b410809ec4b88ff3cac8821c4568f880775bafa3c079dfc7800f8471356a4046248b12607e855eb","sha1":"099c68feeb74887cbbbd8ce9a27c6123804a2c5a"},"url":"https://cdn.modrinth.com/data/mOgUt4GM/versions/lEkperf6/modmenu-7.2.2.jar","filename":"modmenu-7.2.2.jar","primary":true,"size":721366,"file_type":null}],"dependencies":[]}}
[22:22:23] [Render thread/DEBUG] (FabricLoader/Mixin) Mixing ResourcePackProfileMixin from fabric-resource-loader-v0.mixins.json into net.minecraft.resource.ResourcePackProfile
[22:22:23] [Render thread/DEBUG] (FabricLoader/Mixin) fabric-resource-loader-v0.mixins.json:ResourcePackProfileMixin from mod fabric-resource-loader-v0: Class version 61 required is higher than the class version supported by the current version of Mixin (JAVA_16 supports class version 60)
[22:22:23] [Render thread/DEBUG] (FabricLoader/Mixin) fabric-resource-loader-v0.mixins.json:ResourcePackProfileMixin from mod fabric-resource-loader-v0->@Inject::onCreateResourcePack(Lorg/spongepowered/asm/mixin/injection/callback/CallbackInfoReturnable;)V does use it's CallbackInfoReturnable
[22:22:24] [Render thread/INFO] (net.minecraft.client.MinecraftClient) Backend library: LWJGL version 3.3.2-snapshot
[22:22:24] [Render thread/DEBUG] (FabricLoader/Mixin) Mixing MixinMouse from mixins.malilib.json into net.minecraft.client.Mouse
[22:22:24] [Render thread/DEBUG] (FabricLoader/Mixin) Mixing MouseMixin from fabric-screen-api-v1.mixins.json into net.minecraft.client.Mouse
[22:22:24] [Render thread/DEBUG] (FabricLoader/Mixin) fabric-screen-api-v1.mixins.json:MouseMixin from mod fabric-screen-api-v1: Class version 61 required is higher than the class version supported by the current version of Mixin (JAVA_16 supports class version 60)
[22:22:24] [Render thread/DEBUG] (FabricLoader/Mixin) mixins.malilib.json:MixinMouse from mod malilib->@Inject::hookOnMouseMove(JDDLorg/spongepowered/asm/mixin/injection/callback/CallbackInfo;)V doesn't use it's CallbackInfo
[22:22:24] [Render thread/DEBUG] (FabricLoader/Mixin) mixins.malilib.json:MixinMouse from mod malilib->@Inject::hookOnMouseMove(JDDLorg/spongepowered/asm/mixin/injection/callback/CallbackInfo;)V has 0 override(s) in child classes
[22:22:24] [Render thread/DEBUG] (FabricLoader/Mixin) mixins.malilib.json:MixinMouse from mod malilib->@Inject::hookOnMouseMove(JDDLorg/spongepowered/asm/mixin/injection/callback/CallbackInfo;)V won't be passed a CallbackInfo as a result
[22:22:24] [Render thread/DEBUG] (FabricLoader/Mixin) mixins.malilib.json:MixinMouse from mod malilib->@Inject::hookOnMouseScroll(JDDLorg/spongepowered/asm/mixin/injection/callback/CallbackInfo;)V does use it's CallbackInfo
[22:22:24] [Render thread/DEBUG] (FabricLoader/Mixin) mixins.malilib.json:MixinMouse from mod malilib->@Inject::hookOnMouseClick(JIIILorg/spongepowered/asm/mixin/injection/callback/CallbackInfo;)V does use it's CallbackInfo
[22:22:24] [Render thread/DEBUG] (FabricLoader/Mixin) fabric-screen-api-v1.mixins.json:MouseMixin from mod fabric-screen-api-v1->@Inject::beforeMouseClickedEvent([ZLnet/minecraft/client/gui/screen/Screen;DDILorg/spongepowered/asm/mixin/injection/callback/CallbackInfo;)V does use it's CallbackInfo
[22:22:24] [Render thread/DEBUG] (FabricLoader/Mixin) fabric-screen-api-v1.mixins.json:MouseMixin from mod fabric-screen-api-v1->@Inject::afterMouseClickedEvent([ZLnet/minecraft/client/gui/screen/Screen;DDILorg/spongepowered/asm/mixin/injection/callback/CallbackInfo;)V doesn't use it's CallbackInfo
[22:22:24] [Render thread/DEBUG] (FabricLoader/Mixin) fabric-screen-api-v1.mixins.json:MouseMixin from mod fabric-screen-api-v1->@Inject::beforeMouseReleasedEvent([ZLnet/minecraft/client/gui/screen/Screen;DDILorg/spongepowered/asm/mixin/injection/callback/CallbackInfo;)V does use it's CallbackInfo
[22:22:24] [Render thread/DEBUG] (FabricLoader/Mixin) fabric-screen-api-v1.mixins.json:MouseMixin from mod fabric-screen-api-v1->@Inject::afterMouseReleasedEvent([ZLnet/minecraft/client/gui/screen/Screen;DDILorg/spongepowered/asm/mixin/injection/callback/CallbackInfo;)V doesn't use it's CallbackInfo
[22:22:24] [Render thread/DEBUG] (FabricLoader/Mixin) fabric-screen-api-v1.mixins.json:MouseMixin from mod fabric-screen-api-v1->@Inject::beforeMouseScrollEvent(JDDLorg/spongepowered/asm/mixin/injection/callback/CallbackInfo;DDD)V does use it's CallbackInfo
[22:22:24] [Render thread/DEBUG] (FabricLoader/Mixin) fabric-screen-api-v1.mixins.json:MouseMixin from mod fabric-screen-api-v1->@Inject::afterMouseScrollEvent(JDDLorg/spongepowered/asm/mixin/injection/callback/CallbackInfo;DDD)V doesn't use it's CallbackInfo
[22:22:24] [Render thread/DEBUG] (FabricLoader/Mixin) fabric-screen-api-v1.mixins.json:MouseMixin from mod fabric-screen-api-v1->@Inject::afterMouseScrollEvent(JDDLorg/spongepowered/asm/mixin/injection/callback/CallbackInfo;DDD)V has 0 override(s) in child classes
[22:22:24] [Render thread/DEBUG] (FabricLoader/Mixin) fabric-screen-api-v1.mixins.json:MouseMixin from mod fabric-screen-api-v1->@Inject::afterMouseScrollEvent(JDDLorg/spongepowered/asm/mixin/injection/callback/CallbackInfo;DDD)V won't be passed a CallbackInfo as a result
[22:22:24] [Render thread/DEBUG] (FabricLoader/Mixin) Mixing MixinKeyboard from mixins.malilib.json into net.minecraft.client.Keyboard
[22:22:24] [Render thread/DEBUG] (FabricLoader/Mixin) Mixing KeyboardMixin from fabric-screen-api-v1.mixins.json into net.minecraft.client.Keyboard
[22:22:24] [Render thread/DEBUG] (FabricLoader/Mixin) fabric-screen-api-v1.mixins.json:KeyboardMixin from mod fabric-screen-api-v1: Class version 61 required is higher than the class version supported by the current version of Mixin (JAVA_16 supports class version 60)
[22:22:24] [Render thread/DEBUG] (FabricLoader/Mixin) mixins.malilib.json:MixinKeyboard from mod malilib->@Inject::onKeyboardInput(JIIIILorg/spongepowered/asm/mixin/injection/callback/CallbackInfo;)V does use it's CallbackInfo
[22:22:24] [Render thread/DEBUG] (FabricLoader/Mixin) fabric-screen-api-v1.mixins.json:KeyboardMixin from mod fabric-screen-api-v1->@Inject::beforeKeyPressedEvent(ILnet/minecraft/client/gui/screen/Screen;[ZIIILorg/spongepowered/asm/mixin/injection/callback/CallbackInfo;)V does use it's CallbackInfo
[22:22:24] [Render thread/DEBUG] (FabricLoader/Mixin) fabric-screen-api-v1.mixins.json:KeyboardMixin from mod fabric-screen-api-v1->@Inject::afterKeyPressedEvent(ILnet/minecraft/client/gui/screen/Screen;[ZIIILorg/spongepowered/asm/mixin/injection/callback/CallbackInfo;)V doesn't use it's CallbackInfo
[22:22:24] [Render thread/DEBUG] (FabricLoader/Mixin) fabric-screen-api-v1.mixins.json:KeyboardMixin from mod fabric-screen-api-v1->@Inject::beforeKeyReleasedEvent(ILnet/minecraft/client/gui/screen/Screen;[ZIIILorg/spongepowered/asm/mixin/injection/callback/CallbackInfo;)V does use it's CallbackInfo
[22:22:24] [Render thread/DEBUG] (FabricLoader/Mixin) fabric-screen-api-v1.mixins.json:KeyboardMixin from mod fabric-screen-api-v1->@Inject::afterKeyReleasedEvent(ILnet/minecraft/client/gui/screen/Screen;[ZIIILorg/spongepowered/asm/mixin/injection/callback/CallbackInfo;)V doesn't use it's CallbackInfo
[22:22:24] [Render thread/DEBUG] (FabricLoader/Mixin) Mixing ReloadableResourceManagerImplMixin from fabric-resource-loader-v0.mixins.json into net.minecraft.resource.ReloadableResourceManagerImpl
[22:22:24] [Render thread/DEBUG] (FabricLoader/Mixin) fabric-resource-loader-v0.mixins.json:ReloadableResourceManagerImplMixin from mod fabric-resource-loader-v0: Class version 61 required is higher than the class version supported by the current version of Mixin (JAVA_16 supports class version 60)
[22:22:24] [Render thread/DEBUG] (FabricLoader/Mixin) Renaming synthetic method lambda$getResourcePackNames$0(Lnet/minecraft/resource/ResourcePack;)Ljava/lang/String; to md84916f$fabric-resource-loader-v0$lambda$getResourcePackNames$0$0 in fabric-resource-loader-v0.mixins.json:ReloadableResourceManagerImplMixin from mod fabric-resource-loader-v0
[22:22:24] [Render thread/DEBUG] (FabricLoader/Mixin) fabric-resource-loader-v0.mixins.json:ReloadableResourceManagerImplMixin from mod fabric-resource-loader-v0->@Inject::getResourcePackNames(Ljava/util/List;Lorg/spongepowered/asm/mixin/injection/callback/CallbackInfoReturnable;)V does use it's CallbackInfoReturnable
[22:22:24] [Render thread/DEBUG] (FabricLoader/Mixin) Mixing LifecycledResourceManagerImplMixin from fabric-resource-loader-v0.mixins.json into net.minecraft.resource.LifecycledResourceManagerImpl
[22:22:24] [Render thread/DEBUG] (FabricLoader/Mixin) fabric-resource-loader-v0.mixins.json:LifecycledResourceManagerImplMixin from mod fabric-resource-loader-v0: Class version 61 required is higher than the class version supported by the current version of Mixin (JAVA_16 supports class version 60)
[22:22:24] [Render thread/DEBUG] (FabricLoader/Mixin) fabric-resource-loader-v0.mixins.json:LifecycledResourceManagerImplMixin from mod fabric-resource-loader-v0->@Inject::init(Lnet/minecraft/resource/ResourceType;Ljava/util/List;Lorg/spongepowered/asm/mixin/injection/callback/CallbackInfo;)V doesn't use it's CallbackInfo
[22:22:24] [Render thread/DEBUG] (FabricLoader/Mixin) fabric-resource-loader-v0.mixins.json:LifecycledResourceManagerImplMixin from mod fabric-resource-loader-v0->@Inject::init(Lnet/minecraft/resource/ResourceType;Ljava/util/List;Lorg/spongepowered/asm/mixin/injection/callback/CallbackInfo;)V has 0 override(s) in child classes
[22:22:24] [Render thread/DEBUG] (FabricLoader/Mixin) fabric-resource-loader-v0.mixins.json:LifecycledResourceManagerImplMixin from mod fabric-resource-loader-v0->@Inject::init(Lnet/minecraft/resource/ResourceType;Ljava/util/List;Lorg/spongepowered/asm/mixin/injection/callback/CallbackInfo;)V won't be passed a CallbackInfo as a result
[22:22:24] [Render thread/DEBUG] (FabricLoader/Mixin) Mixing KeyedResourceReloadListenerClientMixin from fabric-resource-loader-v0.client.mixins.json into net.minecraft.client.resource.language.LanguageManager
[22:22:24] [Render thread/DEBUG] (FabricLoader/Mixin) fabric-resource-loader-v0.client.mixins.json:KeyedResourceReloadListenerClientMixin from mod fabric-resource-loader-v0: Class version 61 required is higher than the class version supported by the current version of Mixin (JAVA_16 supports class version 60)
[22:22:24] [Render thread/DEBUG] (FabricLoader/Mixin) Mixing KeyedResourceReloadListenerClientMixin from fabric-resource-loader-v0.client.mixins.json into net.minecraft.client.texture.TextureManager
[22:22:24] [Render thread/DEBUG] (FabricLoader/Mixin) fabric-resource-loader-v0.client.mixins.json:KeyedResourceReloadListenerClientMixin from mod fabric-resource-loader-v0: Class version 61 required is higher than the class version supported by the current version of Mixin (JAVA_16 supports class version 60)
[22:22:24] [Render thread/DEBUG] (FabricLoader/Mixin) Mixing KeyedResourceReloadListenerClientMixin from fabric-resource-loader-v0.client.mixins.json into net.minecraft.client.sound.SoundManager
[22:22:24] [Render thread/DEBUG] (FabricLoader/Mixin) fabric-resource-loader-v0.client.mixins.json:KeyedResourceReloadListenerClientMixin from mod fabric-resource-loader-v0: Class version 61 required is higher than the class version supported by the current version of Mixin (JAVA_16 supports class version 60)
[22:22:24] [Render thread/DEBUG] (FabricLoader/Mixin) Mixing SoundSystemMixin from fabric-sound-api-v1.mixins.json into net.minecraft.client.sound.SoundSystem
[22:22:25] [Render thread/DEBUG] (FabricLoader/Mixin) Mixing FontManagerMixin from fabric-resource-loader-v0.client.mixins.json into net.minecraft.client.font.FontManager
[22:22:25] [Render thread/DEBUG] (FabricLoader/Mixin) fabric-resource-loader-v0.client.mixins.json:FontManagerMixin from mod fabric-resource-loader-v0: Class version 61 required is higher than the class version supported by the current version of Mixin (JAVA_16 supports class version 60)
[22:22:25] [Render thread/DEBUG] (FabricLoader/Mixin) Mixing BlockColorsMixin from fabric-rendering-v1.mixins.json into net.minecraft.client.color.block.BlockColors
[22:22:25] [Render thread/DEBUG] (FabricLoader/Mixin) fabric-rendering-v1.mixins.json:BlockColorsMixin from mod fabric-rendering-v1: Class version 61 required is higher than the class version supported by the current version of Mixin (JAVA_16 supports class version 60)
[22:22:25] [Render thread/DEBUG] (FabricLoader/Mixin) Mixing BlockColorsMixin from fabric-registry-sync-v0.client.mixins.json into net.minecraft.client.color.block.BlockColors
[22:22:25] [Render thread/DEBUG] (FabricLoader/Mixin) fabric-registry-sync-v0.client.mixins.json:BlockColorsMixin from mod fabric-registry-sync-v0: Class version 61 required is higher than the class version supported by the current version of Mixin (JAVA_16 supports class version 60)
[22:22:25] [Render thread/DEBUG] (FabricLoader/Mixin) fabric-rendering-v1.mixins.json:BlockColorsMixin from mod fabric-rendering-v1->@Inject::create(Lorg/spongepowered/asm/mixin/injection/callback/CallbackInfoReturnable;)V does use it's CallbackInfoReturnable
[22:22:25] [Render thread/DEBUG] (FabricLoader/Mixin) fabric-registry-sync-v0.client.mixins.json:BlockColorsMixin from mod fabric-registry-sync-v0->@Inject::create(Lorg/spongepowered/asm/mixin/injection/callback/CallbackInfo;)V doesn't use it's CallbackInfo
[22:22:25] [Render thread/DEBUG] (FabricLoader/Mixin) fabric-registry-sync-v0.client.mixins.json:BlockColorsMixin from mod fabric-registry-sync-v0->@Inject::create(Lorg/spongepowered/asm/mixin/injection/callback/CallbackInfo;)V has 0 override(s) in child classes
[22:22:25] [Render thread/DEBUG] (FabricLoader/Mixin) fabric-registry-sync-v0.client.mixins.json:BlockColorsMixin from mod fabric-registry-sync-v0->@Inject::create(Lorg/spongepowered/asm/mixin/injection/callback/CallbackInfo;)V won't be passed a CallbackInfo as a result
[22:22:25] [Render thread/DEBUG] (FabricLoader/Mixin) Mixing ItemColorsMixin from fabric-rendering-v1.mixins.json into net.minecraft.client.color.item.ItemColors
[22:22:25] [Render thread/DEBUG] (FabricLoader/Mixin) fabric-rendering-v1.mixins.json:ItemColorsMixin from mod fabric-rendering-v1: Class version 61 required is higher than the class version supported by the current version of Mixin (JAVA_16 supports class version 60)
[22:22:25] [Render thread/DEBUG] (FabricLoader/Mixin) Mixing ItemColorsMixin from fabric-registry-sync-v0.client.mixins.json into net.minecraft.client.color.item.ItemColors
[22:22:25] [Render thread/DEBUG] (FabricLoader/Mixin) fabric-registry-sync-v0.client.mixins.json:ItemColorsMixin from mod fabric-registry-sync-v0: Class version 61 required is higher than the class version supported by the current version of Mixin (JAVA_16 supports class version 60)
[22:22:25] [Render thread/DEBUG] (FabricLoader/Mixin) fabric-rendering-v1.mixins.json:ItemColorsMixin from mod fabric-rendering-v1->@Inject::create(Lnet/minecraft/client/color/block/BlockColors;Lorg/spongepowered/asm/mixin/injection/callback/CallbackInfoReturnable;)V does use it's CallbackInfoReturnable
[22:22:25] [Render thread/DEBUG] (FabricLoader/Mixin) fabric-registry-sync-v0.client.mixins.json:ItemColorsMixin from mod fabric-registry-sync-v0->@Inject::create(Lorg/spongepowered/asm/mixin/injection/callback/CallbackInfo;)V doesn't use it's CallbackInfo
[22:22:25] [Render thread/DEBUG] (FabricLoader/Mixin) fabric-registry-sync-v0.client.mixins.json:ItemColorsMixin from mod fabric-registry-sync-v0->@Inject::create(Lorg/spongepowered/asm/mixin/injection/callback/CallbackInfo;)V has 0 override(s) in child classes
[22:22:25] [Render thread/DEBUG] (FabricLoader/Mixin) fabric-registry-sync-v0.client.mixins.json:ItemColorsMixin from mod fabric-registry-sync-v0->@Inject::create(Lorg/spongepowered/asm/mixin/injection/callback/CallbackInfo;)V won't be passed a CallbackInfo as a result
[22:22:25] [Render thread/DEBUG] (FabricLoader/Mixin) Mixing BakedModelManagerMixin from fabric-model-loading-api-v1.mixins.json into net.minecraft.client.render.model.BakedModelManager
[22:22:25] [Render thread/DEBUG] (FabricLoader/Mixin) Renaming synthetic method lambda$loadModelPluginData$0(Ljava/util/function/BiFunction;Lnet/minecraft/util/Pair;Ljava/util/List;)Lnet/minecraft/client/render/model/ModelLoader; to md84916f$fabric-model-loading-api-v1$lambda$loadModelPluginData$0$0 in fabric-model-loading-api-v1.mixins.json:BakedModelManagerMixin from mod fabric-model-loading-api-v1
[22:22:25] [Render thread/DEBUG] (FabricLoader/Mixin) Mixing KeyedResourceReloadListenerClientMixin from fabric-resource-loader-v0.client.mixins.json into net.minecraft.client.render.model.BakedModelManager
[22:22:25] [Render thread/DEBUG] (FabricLoader/Mixin) fabric-resource-loader-v0.client.mixins.json:KeyedResourceReloadListenerClientMixin from mod fabric-resource-loader-v0: Class version 61 required is higher than the class version supported by the current version of Mixin (JAVA_16 supports class version 60)
[22:22:25] [Render thread/DEBUG] (FabricLoader/Mixin) Mixing TexturedRenderLayersMixin from fabric-object-builder-v1.client.mixins.json into net.minecraft.client.render.TexturedRenderLayers
[22:22:25] [Render thread/DEBUG] (FabricLoader/Mixin) fabric-object-builder-v1.client.mixins.json:TexturedRenderLayersMixin from mod fabric-object-builder-api-v1: Class version 61 required is higher than the class version supported by the current version of Mixin (JAVA_16 supports class version 60)
[22:22:25] [Render thread/DEBUG] (FabricLoader/Mixin) fabric-object-builder-v1.client.mixins.json:TexturedRenderLayersMixin from mod fabric-object-builder-api-v1->@Inject::modifyTextureId(Lnet/minecraft/block/WoodType;Lorg/spongepowered/asm/mixin/injection/callback/CallbackInfoReturnable;)V does use it's CallbackInfoReturnable
[22:22:25] [Render thread/DEBUG] (FabricLoader/Mixin) fabric-object-builder-v1.client.mixins.json:TexturedRenderLayersMixin from mod fabric-object-builder-api-v1->@Inject::modifyHangingTextureId(Lnet/minecraft/block/WoodType;Lorg/spongepowered/asm/mixin/injection/callback/CallbackInfoReturnable;)V does use it's CallbackInfoReturnable
[22:22:25] [Render thread/DEBUG] (FabricLoader/Mixin) Mixing KeyedResourceReloadListenerClientMixin from fabric-resource-loader-v0.client.mixins.json into net.minecraft.client.render.block.BlockRenderManager
[22:22:25] [Render thread/DEBUG] (FabricLoader/Mixin) fabric-resource-loader-v0.client.mixins.json:KeyedResourceReloadListenerClientMixin from mod fabric-resource-loader-v0: Class version 61 required is higher than the class version supported by the current version of Mixin (JAVA_16 supports class version 60)
[22:22:25] [Render thread/DEBUG] (FabricLoader/Mixin) Mixing MixinEntityRenderManager from mixins.baritone.json into net.minecraft.client.render.entity.EntityRenderDispatcher
[22:22:25] [Render thread/DEBUG] (FabricLoader/Mixin) Mixing BuiltinModelItemRendererMixin from fabric-rendering-v1.mixins.json into net.minecraft.client.render.item.BuiltinModelItemRenderer
[22:22:25] [Render thread/DEBUG] (FabricLoader/Mixin) fabric-rendering-v1.mixins.json:BuiltinModelItemRendererMixin from mod fabric-rendering-v1: Class version 61 required is higher than the class version supported by the current version of Mixin (JAVA_16 supports class version 60)
[22:22:25] [Render thread/DEBUG] (FabricLoader/Mixin) fabric-rendering-v1.mixins.json:BuiltinModelItemRendererMixin from mod fabric-rendering-v1->@Inject::fabric_onRender(Lnet/minecraft/item/ItemStack;Lnet/minecraft/client/render/model/json/ModelTransformationMode;Lnet/minecraft/client/util/math/MatrixStack;Lnet/minecraft/client/render/VertexConsumerProvider;IILorg/spongepowered/asm/mixin/injection/callback/CallbackInfo;)V does use it's CallbackInfo
[22:22:25] [Render thread/DEBUG] (FabricLoader/Mixin) Mixing ItemModelsMixin from fabric-registry-sync-v0.client.mixins.json into net.minecraft.client.render.item.ItemModels
[22:22:25] [Render thread/DEBUG] (FabricLoader/Mixin) fabric-registry-sync-v0.client.mixins.json:ItemModelsMixin from mod fabric-registry-sync-v0: Class version 61 required is higher than the class version supported by the current version of Mixin (JAVA_16 supports class version 60)
[22:22:25] [Render thread/DEBUG] (FabricLoader/Mixin) fabric-registry-sync-v0.client.mixins.json:ItemModelsMixin from mod fabric-registry-sync-v0->@Inject::onInit(Lnet/minecraft/client/render/model/BakedModelManager;Lorg/spongepowered/asm/mixin/injection/callback/CallbackInfo;)V doesn't use it's CallbackInfo
[22:22:25] [Render thread/DEBUG] (FabricLoader/Mixin) fabric-registry-sync-v0.client.mixins.json:ItemModelsMixin from mod fabric-registry-sync-v0->@Inject::onInit(Lnet/minecraft/client/render/model/BakedModelManager;Lorg/spongepowered/asm/mixin/injection/callback/CallbackInfo;)V has 0 override(s) in child classes
[22:22:25] [Render thread/DEBUG] (FabricLoader/Mixin) fabric-registry-sync-v0.client.mixins.json:ItemModelsMixin from mod fabric-registry-sync-v0->@Inject::onInit(Lnet/minecraft/client/render/model/BakedModelManager;Lorg/spongepowered/asm/mixin/injection/callback/CallbackInfo;)V won't be passed a CallbackInfo as a result
[22:22:25] [Render thread/DEBUG] (FabricLoader/Mixin) Mixing ModelLoaderMixin from fabric-model-loading-api-v1.mixins.json into net.minecraft.client.render.model.ModelLoader
[22:22:25] [Render thread/DEBUG] (FabricLoader/Mixin) fabric-model-loading-api-v1.mixins.json:ModelLoaderMixin from mod fabric-model-loading-api-v1->@Inject::afterMissingModelInit(Lnet/minecraft/client/color/block/BlockColors;Lnet/minecraft/util/profiler/Profiler;Ljava/util/Map;Ljava/util/Map;Lorg/spongepowered/asm/mixin/injection/callback/CallbackInfo;)V doesn't use it's CallbackInfo
[22:22:25] [Render thread/DEBUG] (FabricLoader/Mixin) fabric-model-loading-api-v1.mixins.json:ModelLoaderMixin from mod fabric-model-loading-api-v1->@Inject::afterMissingModelInit(Lnet/minecraft/client/color/block/BlockColors;Lnet/minecraft/util/profiler/Profiler;Ljava/util/Map;Ljava/util/Map;Lorg/spongepowered/asm/mixin/injection/callback/CallbackInfo;)V has 0 override(s) in child classes
[22:22:25] [Render thread/DEBUG] (FabricLoader/Mixin) fabric-model-loading-api-v1.mixins.json:ModelLoaderMixin from mod fabric-model-loading-api-v1->@Inject::afterMissingModelInit(Lnet/minecraft/client/color/block/BlockColors;Lnet/minecraft/util/profiler/Profiler;Ljava/util/Map;Ljava/util/Map;Lorg/spongepowered/asm/mixin/injection/callback/CallbackInfo;)V won't be passed a CallbackInfo as a result
[22:22:25] [Render thread/DEBUG] (FabricLoader/Mixin) fabric-model-loading-api-v1.mixins.json:ModelLoaderMixin from mod fabric-model-loading-api-v1->@Inject::fabric_preventNestedGetOrLoadModel(Lnet/minecraft/util/Identifier;Lorg/spongepowered/asm/mixin/injection/callback/CallbackInfoReturnable;)V doesn't use it's CallbackInfoReturnable
[22:22:25] [Render thread/DEBUG] (FabricLoader/Mixin) fabric-model-loading-api-v1.mixins.json:ModelLoaderMixin from mod fabric-model-loading-api-v1->@Inject::fabric_preventNestedGetOrLoadModel(Lnet/minecraft/util/Identifier;Lorg/spongepowered/asm/mixin/injection/callback/CallbackInfoReturnable;)V has 0 override(s) in child classes
[22:22:25] [Render thread/DEBUG] (FabricLoader/Mixin) fabric-model-loading-api-v1.mixins.json:ModelLoaderMixin from mod fabric-model-loading-api-v1->@Inject::fabric_preventNestedGetOrLoadModel(Lnet/minecraft/util/Identifier;Lorg/spongepowered/asm/mixin/injection/callback/CallbackInfoReturnable;)V won't be passed a CallbackInfoReturnable as a result
[22:22:25] [Render thread/DEBUG] (FabricLoader/Mixin) fabric-model-loading-api-v1.mixins.json:ModelLoaderMixin from mod fabric-model-loading-api-v1->@Inject::onLoadModel(Lnet/minecraft/util/Identifier;Lorg/spongepowered/asm/mixin/injection/callback/CallbackInfo;)V does use it's CallbackInfo
[22:22:25] [Render thread/DEBUG] (FabricLoader/Mixin) Mixing BakedModelMixin from fabric-renderer-indigo.mixins.json into net.minecraft.client.render.model.BakedModel
[22:22:25] [Render thread/DEBUG] (FabricLoader/Mixin) fabric-renderer-indigo.mixins.json:BakedModelMixin from mod fabric-renderer-indigo: Class version 61 required is higher than the class version supported by the current version of Mixin (JAVA_16 supports class version 60)
[22:22:25] [Render thread/DEBUG] (FabricLoader/Mixin) Mixing client.BakedModelMixin from fabric-renderer-api-v1.mixins.json into net.minecraft.client.render.model.BakedModel
[22:22:25] [Render thread/DEBUG] (FabricLoader/Mixin) fabric-renderer-api-v1.mixins.json:client.BakedModelMixin from mod fabric-renderer-api-v1: Class version 61 required is higher than the class version supported by the current version of Mixin (JAVA_16 supports class version 60)
[22:22:25] [Render thread/DEBUG] (FabricLoader/Mixin) Mixing BlockModelRendererMixin from fabric-renderer-indigo.mixins.json into net.minecraft.client.render.block.BlockModelRenderer
[22:22:25] [Render thread/DEBUG] (FabricLoader/Mixin) fabric-renderer-indigo.mixins.json:BlockModelRendererMixin from mod fabric-renderer-indigo: Class version 61 required is higher than the class version supported by the current version of Mixin (JAVA_16 supports class version 60)
[22:22:25] [Render thread/DEBUG] (FabricLoader/Mixin) fabric-renderer-indigo.mixins.json:BlockModelRendererMixin from mod fabric-renderer-indigo->@Inject::hookRender(Lnet/minecraft/world/BlockRenderView;Lnet/minecraft/client/render/model/BakedModel;Lnet/minecraft/block/BlockState;Lnet/minecraft/util/math/BlockPos;Lnet/minecraft/client/util/math/MatrixStack;Lnet/minecraft/client/render/VertexConsumer;ZLnet/minecraft/util/math/random/Random;JILorg/spongepowered/asm/mixin/injection/callback/CallbackInfo;)V does use it's CallbackInfo
[22:22:25] [Render thread/DEBUG] (FabricLoader/Mixin) fabric-renderer-indigo.mixins.json:BlockModelRendererMixin from mod fabric-renderer-indigo->@Inject::onInit(Lorg/spongepowered/asm/mixin/injection/callback/CallbackInfo;)V doesn't use it's CallbackInfo
[22:22:25] [Render thread/DEBUG] (FabricLoader/Mixin) fabric-renderer-indigo.mixins.json:BlockModelRendererMixin from mod fabric-renderer-indigo->@Inject::onInit(Lorg/spongepowered/asm/mixin/injection/callback/CallbackInfo;)V has 0 override(s) in child classes
[22:22:25] [Render thread/DEBUG] (FabricLoader/Mixin) fabric-renderer-indigo.mixins.json:BlockModelRendererMixin from mod fabric-renderer-indigo->@Inject::onInit(Lorg/spongepowered/asm/mixin/injection/callback/CallbackInfo;)V won't be passed a CallbackInfo as a result
[22:22:25] [Render thread/DEBUG] (FabricLoader/Mixin) Mixing FluidRendererMixin from fabric-rendering-fluids-v1.mixins.json into net.minecraft.client.render.block.FluidRenderer
[22:22:25] [Render thread/DEBUG] (FabricLoader/Mixin) fabric-rendering-fluids-v1.mixins.json:FluidRendererMixin from mod fabric-rendering-fluids-v1: Class version 61 required is higher than the class version supported by the current version of Mixin (JAVA_16 supports class version 60)
[22:22:25] [Render thread/DEBUG] (FabricLoader/Mixin) Renaming synthetic method lambda$new$0()Ljava/lang/Boolean; to md84916f$fabric-rendering-fluids-v1$lambda$new$0$0 in fabric-rendering-fluids-v1.mixins.json:FluidRendererMixin from mod fabric-rendering-fluids-v1
[22:22:25] [Render thread/DEBUG] (FabricLoader/Mixin) fabric-rendering-fluids-v1.mixins.json:FluidRendererMixin from mod fabric-rendering-fluids-v1->@Inject::onResourceReloadReturn(Lorg/spongepowered/asm/mixin/injection/callback/CallbackInfo;)V doesn't use it's CallbackInfo
[22:22:25] [Render thread/DEBUG] (FabricLoader/Mixin) fabric-rendering-fluids-v1.mixins.json:FluidRendererMixin from mod fabric-rendering-fluids-v1->@Inject::onResourceReloadReturn(Lorg/spongepowered/asm/mixin/injection/callback/CallbackInfo;)V has 0 override(s) in child classes
[22:22:25] [Render thread/DEBUG] (FabricLoader/Mixin) fabric-rendering-fluids-v1.mixins.json:FluidRendererMixin from mod fabric-rendering-fluids-v1->@Inject::onResourceReloadReturn(Lorg/spongepowered/asm/mixin/injection/callback/CallbackInfo;)V won't be passed a CallbackInfo as a result
[22:22:25] [Render thread/DEBUG] (FabricLoader/Mixin) fabric-rendering-fluids-v1.mixins.json:FluidRendererMixin from mod fabric-rendering-fluids-v1->@Inject::tesselate(Lnet/minecraft/world/BlockRenderView;Lnet/minecraft/util/math/BlockPos;Lnet/minecraft/client/render/VertexConsumer;Lnet/minecraft/block/BlockState;Lnet/minecraft/fluid/FluidState;Lorg/spongepowered/asm/mixin/injection/callback/CallbackInfo;)V does use it's CallbackInfo
[22:22:25] [Render thread/DEBUG] (FabricLoader/Mixin) fabric-rendering-fluids-v1.mixins.json:FluidRendererMixin from mod fabric-rendering-fluids-v1->@Inject::tesselateReturn(Lnet/minecraft/world/BlockRenderView;Lnet/minecraft/util/math/BlockPos;Lnet/minecraft/client/render/VertexConsumer;Lnet/minecraft/block/BlockState;Lnet/minecraft/fluid/FluidState;Lorg/spongepowered/asm/mixin/injection/callback/CallbackInfo;)V doesn't use it's CallbackInfo
[22:22:25] [Render thread/DEBUG] (FabricLoader/Mixin) fabric-rendering-fluids-v1.mixins.json:FluidRendererMixin from mod fabric-rendering-fluids-v1->@Inject::tesselateReturn(Lnet/minecraft/world/BlockRenderView;Lnet/minecraft/util/math/BlockPos;Lnet/minecraft/client/render/VertexConsumer;Lnet/minecraft/block/BlockState;Lnet/minecraft/fluid/FluidState;Lorg/spongepowered/asm/mixin/injection/callback/CallbackInfo;)V has 0 override(s) in child classes
[22:22:25] [Render thread/DEBUG] (FabricLoader/Mixin) fabric-rendering-fluids-v1.mixins.json:FluidRendererMixin from mod fabric-rendering-fluids-v1->@Inject::tesselateReturn(Lnet/minecraft/world/BlockRenderView;Lnet/minecraft/util/math/BlockPos;Lnet/minecraft/client/render/VertexConsumer;Lnet/minecraft/block/BlockState;Lnet/minecraft/fluid/FluidState;Lorg/spongepowered/asm/mixin/injection/callback/CallbackInfo;)V won't be passed a CallbackInfo as a result
[22:22:25] [Render thread/DEBUG] (FabricLoader/Mixin) fabric-rendering-fluids-v1.mixins.json:FluidRendererMixin from mod fabric-rendering-fluids-v1->@Inject::tesselateReturn(Lnet/minecraft/world/BlockRenderView;Lnet/minecraft/util/math/BlockPos;Lnet/minecraft/client/render/VertexConsumer;Lnet/minecraft/block/BlockState;Lnet/minecraft/fluid/FluidState;Lorg/spongepowered/asm/mixin/injection/callback/CallbackInfo;)V doesn't use it's CallbackInfo
[22:22:25] [Render thread/DEBUG] (FabricLoader/Mixin) fabric-rendering-fluids-v1.mixins.json:FluidRendererMixin from mod fabric-rendering-fluids-v1->@Inject::tesselateReturn(Lnet/minecraft/world/BlockRenderView;Lnet/minecraft/util/math/BlockPos;Lnet/minecraft/client/render/VertexConsumer;Lnet/minecraft/block/BlockState;Lnet/minecraft/fluid/FluidState;Lorg/spongepowered/asm/mixin/injection/callback/CallbackInfo;)V has 0 override(s) in child classes
[22:22:25] [Render thread/DEBUG] (FabricLoader/Mixin) fabric-rendering-fluids-v1.mixins.json:FluidRendererMixin from mod fabric-rendering-fluids-v1->@Inject::tesselateReturn(Lnet/minecraft/world/BlockRenderView;Lnet/minecraft/util/math/BlockPos;Lnet/minecraft/client/render/VertexConsumer;Lnet/minecraft/block/BlockState;Lnet/minecraft/fluid/FluidState;Lorg/spongepowered/asm/mixin/injection/callback/CallbackInfo;)V won't be passed a CallbackInfo as a result
[22:22:25] [Render thread/DEBUG] (FabricLoader/Mixin) Mixing HeldItemRendererMixin from fabric-item-api-v1.client.mixins.json into net.minecraft.client.render.item.HeldItemRenderer
[22:22:25] [Render thread/DEBUG] (FabricLoader/Mixin) fabric-item-api-v1.client.mixins.json:HeldItemRendererMixin from mod fabric-item-api-v1: Class version 61 required is higher than the class version supported by the current version of Mixin (JAVA_16 supports class version 60)
[22:22:25] [Render thread/DEBUG] (FabricLoader/Mixin) fabric-item-api-v1.client.mixins.json:HeldItemRendererMixin from mod fabric-item-api-v1->@Inject::modifyProgressAnimation(Lorg/spongepowered/asm/mixin/injection/callback/CallbackInfo;)V doesn't use it's CallbackInfo
[22:22:25] [Render thread/DEBUG] (FabricLoader/Mixin) fabric-item-api-v1.client.mixins.json:HeldItemRendererMixin from mod fabric-item-api-v1->@Inject::modifyProgressAnimation(Lorg/spongepowered/asm/mixin/injection/callback/CallbackInfo;)V has 0 override(s) in child classes
[22:22:25] [Render thread/DEBUG] (FabricLoader/Mixin) fabric-item-api-v1.client.mixins.json:HeldItemRendererMixin from mod fabric-item-api-v1->@Inject::modifyProgressAnimation(Lorg/spongepowered/asm/mixin/injection/callback/CallbackInfo;)V won't be passed a CallbackInfo as a result
[22:22:25] [Render thread/DEBUG] (FabricLoader/Mixin) Mixing MixinWorldRenderer from mixins.baritone.json into net.minecraft.client.render.WorldRenderer
[22:22:25] [Render thread/DEBUG] (FabricLoader/Mixin) Mixing WorldRendererMixin from fabric-rendering-v1.mixins.json into net.minecraft.client.render.WorldRenderer
[22:22:25] [Render thread/DEBUG] (FabricLoader/Mixin) fabric-rendering-v1.mixins.json:WorldRendererMixin from mod fabric-rendering-v1: Class version 61 required is higher than the class version supported by the current version of Mixin (JAVA_16 supports class version 60)
[22:22:25] [Render thread/DEBUG] (FabricLoader/Mixin) Mixing MixinWorldRenderer from mixins.malilib.json into net.minecraft.client.render.WorldRenderer
[22:22:25] [Render thread/DEBUG] (FabricLoader/Mixin) Mixing KeyedResourceReloadListenerClientMixin from fabric-resource-loader-v0.client.mixins.json into net.minecraft.client.render.WorldRenderer
[22:22:25] [Render thread/DEBUG] (FabricLoader/Mixin) fabric-resource-loader-v0.client.mixins.json:KeyedResourceReloadListenerClientMixin from mod fabric-resource-loader-v0: Class version 61 required is higher than the class version supported by the current version of Mixin (JAVA_16 supports class version 60)
[22:22:25] [Render thread/DEBUG] (FabricLoader/Mixin) Mixing MixinWorldRenderer from mixins.litematica.json into net.minecraft.client.render.WorldRenderer
[22:22:25] [Render thread/DEBUG] (FabricLoader/Mixin) mixins.baritone.json:MixinWorldRenderer from mod baritone->@Inject::onStartHand(Lnet/minecraft/client/util/math/MatrixStack;FJZLnet/minecraft/client/render/Camera;Lnet/minecraft/client/render/GameRenderer;Lnet/minecraft/client/render/LightmapTextureManager;Lorg/joml/Matrix4f;Lorg/spongepowered/asm/mixin/injection/callback/CallbackInfo;)V doesn't use it's CallbackInfo
[22:22:25] [Render thread/DEBUG] (FabricLoader/Mixin) mixins.baritone.json:MixinWorldRenderer from mod baritone->@Inject::onStartHand(Lnet/minecraft/client/util/math/MatrixStack;FJZLnet/minecraft/client/render/Camera;Lnet/minecraft/client/render/GameRenderer;Lnet/minecraft/client/render/LightmapTextureManager;Lorg/joml/Matrix4f;Lorg/spongepowered/asm/mixin/injection/callback/CallbackInfo;)V has 0 override(s) in child classes
[22:22:25] [Render thread/DEBUG] (FabricLoader/Mixin) mixins.baritone.json:MixinWorldRenderer from mod baritone->@Inject::onStartHand(Lnet/minecraft/client/util/math/MatrixStack;FJZLnet/minecraft/client/render/Camera;Lnet/minecraft/client/render/GameRenderer;Lnet/minecraft/client/render/LightmapTextureManager;Lorg/joml/Matrix4f;Lorg/spongepowered/asm/mixin/injection/callback/CallbackInfo;)V won't be passed a CallbackInfo as a result
[22:22:25] [Render thread/DEBUG] (FabricLoader/Mixin) fabric-rendering-v1.mixins.json:WorldRendererMixin from mod fabric-rendering-v1->@Inject::beforeRender(Lnet/minecraft/client/util/math/MatrixStack;FJZLnet/minecraft/client/render/Camera;Lnet/minecraft/client/render/GameRenderer;Lnet/minecraft/client/render/LightmapTextureManager;Lorg/joml/Matrix4f;Lorg/spongepowered/asm/mixin/injection/callback/CallbackInfo;)V doesn't use it's CallbackInfo
[22:22:25] [Render thread/DEBUG] (FabricLoader/Mixin) fabric-rendering-v1.mixins.json:WorldRendererMixin from mod fabric-rendering-v1->@Inject::beforeRender(Lnet/minecraft/client/util/math/MatrixStack;FJZLnet/minecraft/client/render/Camera;Lnet/minecraft/client/render/GameRenderer;Lnet/minecraft/client/render/LightmapTextureManager;Lorg/joml/Matrix4f;Lorg/spongepowered/asm/mixin/injection/callback/CallbackInfo;)V has 0 override(s) in child classes
[22:22:25] [Render thread/DEBUG] (FabricLoader/Mixin) fabric-rendering-v1.mixins.json:WorldRendererMixin from mod fabric-rendering-v1->@Inject::beforeRender(Lnet/minecraft/client/util/math/MatrixStack;FJZLnet/minecraft/client/render/Camera;Lnet/minecraft/client/render/GameRenderer;Lnet/minecraft/client/render/LightmapTextureManager;Lorg/joml/Matrix4f;Lorg/spongepowered/asm/mixin/injection/callback/CallbackInfo;)V won't be passed a CallbackInfo as a result
[22:22:25] [Render thread/DEBUG] (FabricLoader/Mixin) fabric-rendering-v1.mixins.json:WorldRendererMixin from mod fabric-rendering-v1->@Inject::afterTerrainSetup(Lnet/minecraft/client/render/Camera;Lnet/minecraft/client/render/Frustum;ZZLorg/spongepowered/asm/mixin/injection/callback/CallbackInfo;)V doesn't use it's CallbackInfo
[22:22:25] [Render thread/DEBUG] (FabricLoader/Mixin) fabric-rendering-v1.mixins.json:WorldRendererMixin from mod fabric-rendering-v1->@Inject::afterTerrainSetup(Lnet/minecraft/client/render/Camera;Lnet/minecraft/client/render/Frustum;ZZLorg/spongepowered/asm/mixin/injection/callback/CallbackInfo;)V has 0 override(s) in child classes
[22:22:25] [Render thread/DEBUG] (FabricLoader/Mixin) fabric-rendering-v1.mixins.json:WorldRendererMixin from mod fabric-rendering-v1->@Inject::afterTerrainSetup(Lnet/minecraft/client/render/Camera;Lnet/minecraft/client/render/Frustum;ZZLorg/spongepowered/asm/mixin/injection/callback/CallbackInfo;)V won't be passed a CallbackInfo as a result
[22:22:25] [Render thread/DEBUG] (FabricLoader/Mixin) fabric-rendering-v1.mixins.json:WorldRendererMixin from mod fabric-rendering-v1->@Inject::afterTerrainSolid(Lorg/spongepowered/asm/mixin/injection/callback/CallbackInfo;)V doesn't use it's CallbackInfo
[22:22:25] [Render thread/DEBUG] (FabricLoader/Mixin) fabric-rendering-v1.mixins.json:WorldRendererMixin from mod fabric-rendering-v1->@Inject::afterTerrainSolid(Lorg/spongepowered/asm/mixin/injection/callback/CallbackInfo;)V has 0 override(s) in child classes
[22:22:25] [Render thread/DEBUG] (FabricLoader/Mixin) fabric-rendering-v1.mixins.json:WorldRendererMixin from mod fabric-rendering-v1->@Inject::afterTerrainSolid(Lorg/spongepowered/asm/mixin/injection/callback/CallbackInfo;)V won't be passed a CallbackInfo as a result
[22:22:25] [Render thread/DEBUG] (FabricLoader/Mixin) fabric-rendering-v1.mixins.json:WorldRendererMixin from mod fabric-rendering-v1->@Inject::afterEntities(Lorg/spongepowered/asm/mixin/injection/callback/CallbackInfo;)V doesn't use it's CallbackInfo
[22:22:25] [Render thread/DEBUG] (FabricLoader/Mixin) fabric-rendering-v1.mixins.json:WorldRendererMixin from mod fabric-rendering-v1->@Inject::afterEntities(Lorg/spongepowered/asm/mixin/injection/callback/CallbackInfo;)V has 0 override(s) in child classes
[22:22:25] [Render thread/DEBUG] (FabricLoader/Mixin) fabric-rendering-v1.mixins.json:WorldRendererMixin from mod fabric-rendering-v1->@Inject::afterEntities(Lorg/spongepowered/asm/mixin/injection/callback/CallbackInfo;)V won't be passed a CallbackInfo as a result
[22:22:25] [Render thread/DEBUG] (FabricLoader/Mixin) fabric-rendering-v1.mixins.json:WorldRendererMixin from mod fabric-rendering-v1->@Inject::beforeRenderOutline(Lorg/spongepowered/asm/mixin/injection/callback/CallbackInfo;)V doesn't use it's CallbackInfo
[22:22:25] [Render thread/DEBUG] (FabricLoader/Mixin) fabric-rendering-v1.mixins.json:WorldRendererMixin from mod fabric-rendering-v1->@Inject::beforeRenderOutline(Lorg/spongepowered/asm/mixin/injection/callback/CallbackInfo;)V has 0 override(s) in child classes
[22:22:25] [Render thread/DEBUG] (FabricLoader/Mixin) fabric-rendering-v1.mixins.json:WorldRendererMixin from mod fabric-rendering-v1->@Inject::beforeRenderOutline(Lorg/spongepowered/asm/mixin/injection/callback/CallbackInfo;)V won't be passed a CallbackInfo as a result
[22:22:25] [Render thread/DEBUG] (FabricLoader/Mixin) fabric-rendering-v1.mixins.json:WorldRendererMixin from mod fabric-rendering-v1->@Inject::onDrawBlockOutline(Lnet/minecraft/client/util/math/MatrixStack;Lnet/minecraft/client/render/VertexConsumer;Lnet/minecraft/entity/Entity;DDDLnet/minecraft/util/math/BlockPos;Lnet/minecraft/block/BlockState;Lorg/spongepowered/asm/mixin/injection/callback/CallbackInfo;)V does use it's CallbackInfo
[22:22:25] [Render thread/DEBUG] (FabricLoader/Mixin) fabric-rendering-v1.mixins.json:WorldRendererMixin from mod fabric-rendering-v1->@Inject::beforeDebugRender(Lorg/spongepowered/asm/mixin/injection/callback/CallbackInfo;)V doesn't use it's CallbackInfo
[22:22:25] [Render thread/DEBUG] (FabricLoader/Mixin) fabric-rendering-v1.mixins.json:WorldRendererMixin from mod fabric-rendering-v1->@Inject::beforeDebugRender(Lorg/spongepowered/asm/mixin/injection/callback/CallbackInfo;)V has 0 override(s) in child classes
[22:22:25] [Render thread/DEBUG] (FabricLoader/Mixin) fabric-rendering-v1.mixins.json:WorldRendererMixin from mod fabric-rendering-v1->@Inject::beforeDebugRender(Lorg/spongepowered/asm/mixin/injection/callback/CallbackInfo;)V won't be passed a CallbackInfo as a result
[22:22:25] [Render thread/DEBUG] (FabricLoader/Mixin) fabric-rendering-v1.mixins.json:WorldRendererMixin from mod fabric-rendering-v1->@Inject::onRenderParticles(Lorg/spongepowered/asm/mixin/injection/callback/CallbackInfo;)V doesn't use it's CallbackInfo
[22:22:25] [Render thread/DEBUG] (FabricLoader/Mixin) fabric-rendering-v1.mixins.json:WorldRendererMixin from mod fabric-rendering-v1->@Inject::onRenderParticles(Lorg/spongepowered/asm/mixin/injection/callback/CallbackInfo;)V has 0 override(s) in child classes
[22:22:25] [Render thread/DEBUG] (FabricLoader/Mixin) fabric-rendering-v1.mixins.json:WorldRendererMixin from mod fabric-rendering-v1->@Inject::onRenderParticles(Lorg/spongepowered/asm/mixin/injection/callback/CallbackInfo;)V won't be passed a CallbackInfo as a result
[22:22:25] [Render thread/DEBUG] (FabricLoader/Mixin) fabric-rendering-v1.mixins.json:WorldRendererMixin from mod fabric-rendering-v1->@Inject::onRenderParticles(Lorg/spongepowered/asm/mixin/injection/callback/CallbackInfo;)V doesn't use it's CallbackInfo
[22:22:25] [Render thread/DEBUG] (FabricLoader/Mixin) fabric-rendering-v1.mixins.json:WorldRendererMixin from mod fabric-rendering-v1->@Inject::onRenderParticles(Lorg/spongepowered/asm/mixin/injection/callback/CallbackInfo;)V has 0 override(s) in child classes
[22:22:25] [Render thread/DEBUG] (FabricLoader/Mixin) fabric-rendering-v1.mixins.json:WorldRendererMixin from mod fabric-rendering-v1->@Inject::onRenderParticles(Lorg/spongepowered/asm/mixin/injection/callback/CallbackInfo;)V won't be passed a CallbackInfo as a result
[22:22:25] [Render thread/DEBUG] (FabricLoader/Mixin) fabric-rendering-v1.mixins.json:WorldRendererMixin from mod fabric-rendering-v1->@Inject::beforeClouds(Lorg/spongepowered/asm/mixin/injection/callback/CallbackInfo;)V doesn't use it's CallbackInfo
[22:22:25] [Render thread/DEBUG] (FabricLoader/Mixin) fabric-rendering-v1.mixins.json:WorldRendererMixin from mod fabric-rendering-v1->@Inject::beforeClouds(Lorg/spongepowered/asm/mixin/injection/callback/CallbackInfo;)V has 0 override(s) in child classes
[22:22:25] [Render thread/DEBUG] (FabricLoader/Mixin) fabric-rendering-v1.mixins.json:WorldRendererMixin from mod fabric-rendering-v1->@Inject::beforeClouds(Lorg/spongepowered/asm/mixin/injection/callback/CallbackInfo;)V won't be passed a CallbackInfo as a result
[22:22:25] [Render thread/DEBUG] (FabricLoader/Mixin) fabric-rendering-v1.mixins.json:WorldRendererMixin from mod fabric-rendering-v1->@Inject::beforeClouds(Lorg/spongepowered/asm/mixin/injection/callback/CallbackInfo;)V doesn't use it's CallbackInfo
[22:22:25] [Render thread/DEBUG] (FabricLoader/Mixin) fabric-rendering-v1.mixins.json:WorldRendererMixin from mod fabric-rendering-v1->@Inject::beforeClouds(Lorg/spongepowered/asm/mixin/injection/callback/CallbackInfo;)V has 0 override(s) in child classes
[22:22:25] [Render thread/DEBUG] (FabricLoader/Mixin) fabric-rendering-v1.mixins.json:WorldRendererMixin from mod fabric-rendering-v1->@Inject::beforeClouds(Lorg/spongepowered/asm/mixin/injection/callback/CallbackInfo;)V won't be passed a CallbackInfo as a result
[22:22:25] [Render thread/DEBUG] (FabricLoader/Mixin) fabric-rendering-v1.mixins.json:WorldRendererMixin from mod fabric-rendering-v1->@Inject::beforeClouds(Lorg/spongepowered/asm/mixin/injection/callback/CallbackInfo;)V doesn't use it's CallbackInfo
[22:22:25] [Render thread/DEBUG] (FabricLoader/Mixin) fabric-rendering-v1.mixins.json:WorldRendererMixin from mod fabric-rendering-v1->@Inject::beforeClouds(Lorg/spongepowered/asm/mixin/injection/callback/CallbackInfo;)V has 0 override(s) in child classes
[22:22:25] [Render thread/DEBUG] (FabricLoader/Mixin) fabric-rendering-v1.mixins.json:WorldRendererMixin from mod fabric-rendering-v1->@Inject::beforeClouds(Lorg/spongepowered/asm/mixin/injection/callback/CallbackInfo;)V won't be passed a CallbackInfo as a result
[22:22:25] [Render thread/DEBUG] (FabricLoader/Mixin) fabric-rendering-v1.mixins.json:WorldRendererMixin from mod fabric-rendering-v1->@Inject::beforeClouds(Lorg/spongepowered/asm/mixin/injection/callback/CallbackInfo;)V doesn't use it's CallbackInfo
[22:22:25] [Render thread/DEBUG] (FabricLoader/Mixin) fabric-rendering-v1.mixins.json:WorldRendererMixin from mod fabric-rendering-v1->@Inject::beforeClouds(Lorg/spongepowered/asm/mixin/injection/callback/CallbackInfo;)V has 0 override(s) in child classes
[22:22:25] [Render thread/DEBUG] (FabricLoader/Mixin) fabric-rendering-v1.mixins.json:WorldRendererMixin from mod fabric-rendering-v1->@Inject::beforeClouds(Lorg/spongepowered/asm/mixin/injection/callback/CallbackInfo;)V won't be passed a CallbackInfo as a result
[22:22:25] [Render thread/DEBUG] (FabricLoader/Mixin) fabric-rendering-v1.mixins.json:WorldRendererMixin from mod fabric-rendering-v1->@Inject::onChunkDebugRender(Lorg/spongepowered/asm/mixin/injection/callback/CallbackInfo;)V doesn't use it's CallbackInfo
[22:22:25] [Render thread/DEBUG] (FabricLoader/Mixin) fabric-rendering-v1.mixins.json:WorldRendererMixin from mod fabric-rendering-v1->@Inject::onChunkDebugRender(Lorg/spongepowered/asm/mixin/injection/callback/CallbackInfo;)V has 0 override(s) in child classes
[22:22:25] [Render thread/DEBUG] (FabricLoader/Mixin) fabric-rendering-v1.mixins.json:WorldRendererMixin from mod fabric-rendering-v1->@Inject::onChunkDebugRender(Lorg/spongepowered/asm/mixin/injection/callback/CallbackInfo;)V won't be passed a CallbackInfo as a result
[22:22:25] [Render thread/DEBUG] (FabricLoader/Mixin) fabric-rendering-v1.mixins.json:WorldRendererMixin from mod fabric-rendering-v1->@Inject::afterRender(Lorg/spongepowered/asm/mixin/injection/callback/CallbackInfo;)V doesn't use it's CallbackInfo
[22:22:25] [Render thread/DEBUG] (FabricLoader/Mixin) fabric-rendering-v1.mixins.json:WorldRendererMixin from mod fabric-rendering-v1->@Inject::afterRender(Lorg/spongepowered/asm/mixin/injection/callback/CallbackInfo;)V has 0 override(s) in child classes
[22:22:25] [Render thread/DEBUG] (FabricLoader/Mixin) fabric-rendering-v1.mixins.json:WorldRendererMixin from mod fabric-rendering-v1->@Inject::afterRender(Lorg/spongepowered/asm/mixin/injection/callback/CallbackInfo;)V won't be passed a CallbackInfo as a result
[22:22:25] [Render thread/DEBUG] (FabricLoader/Mixin) fabric-rendering-v1.mixins.json:WorldRendererMixin from mod fabric-rendering-v1->@Inject::onReload(Lorg/spongepowered/asm/mixin/injection/callback/CallbackInfo;)V doesn't use it's CallbackInfo
[22:22:25] [Render thread/DEBUG] (FabricLoader/Mixin) fabric-rendering-v1.mixins.json:WorldRendererMixin from mod fabric-rendering-v1->@Inject::onReload(Lorg/spongepowered/asm/mixin/injection/callback/CallbackInfo;)V has 0 override(s) in child classes
[22:22:25] [Render thread/DEBUG] (FabricLoader/Mixin) fabric-rendering-v1.mixins.json:WorldRendererMixin from mod fabric-rendering-v1->@Inject::onReload(Lorg/spongepowered/asm/mixin/injection/callback/CallbackInfo;)V won't be passed a CallbackInfo as a result
[22:22:25] [Render thread/DEBUG] (FabricLoader/Mixin) fabric-rendering-v1.mixins.json:WorldRendererMixin from mod fabric-rendering-v1->@Inject::renderWeather(Lnet/minecraft/client/render/LightmapTextureManager;FDDDLorg/spongepowered/asm/mixin/injection/callback/CallbackInfo;)V does use it's CallbackInfo
[22:22:25] [Render thread/DEBUG] (FabricLoader/Mixin) fabric-rendering-v1.mixins.json:WorldRendererMixin from mod fabric-rendering-v1->@Inject::renderCloud(Lnet/minecraft/client/util/math/MatrixStack;Lorg/joml/Matrix4f;FDDDLorg/spongepowered/asm/mixin/injection/callback/CallbackInfo;)V does use it's CallbackInfo
[22:22:25] [Render thread/DEBUG] (FabricLoader/Mixin) fabric-rendering-v1.mixins.json:WorldRendererMixin from mod fabric-rendering-v1->@Inject::renderSky(Lnet/minecraft/client/util/math/MatrixStack;Lorg/joml/Matrix4f;FLnet/minecraft/client/render/Camera;ZLjava/lang/Runnable;Lorg/spongepowered/asm/mixin/injection/callback/CallbackInfo;)V does use it's CallbackInfo
[22:22:25] [Render thread/DEBUG] (FabricLoader/Mixin) mixins.malilib.json:MixinWorldRenderer from mod malilib->@Inject::onRenderWorldLastNormal(Lnet/minecraft/client/util/math/MatrixStack;FJZLnet/minecraft/client/render/Camera;Lnet/minecraft/client/render/GameRenderer;Lnet/minecraft/client/render/LightmapTextureManager;Lorg/joml/Matrix4f;Lorg/spongepowered/asm/mixin/injection/callback/CallbackInfo;)V doesn't use it's CallbackInfo
[22:22:25] [Render thread/DEBUG] (FabricLoader/Mixin) mixins.malilib.json:MixinWorldRenderer from mod malilib->@Inject::onRenderWorldLastNormal(Lnet/minecraft/client/util/math/MatrixStack;FJZLnet/minecraft/client/render/Camera;Lnet/minecraft/client/render/GameRenderer;Lnet/minecraft/client/render/LightmapTextureManager;Lorg/joml/Matrix4f;Lorg/spongepowered/asm/mixin/injection/callback/CallbackInfo;)V has 0 override(s) in child classes
[22:22:25] [Render thread/DEBUG] (FabricLoader/Mixin) mixins.malilib.json:MixinWorldRenderer from mod malilib->@Inject::onRenderWorldLastNormal(Lnet/minecraft/client/util/math/MatrixStack;FJZLnet/minecraft/client/render/Camera;Lnet/minecraft/client/render/GameRenderer;Lnet/minecraft/client/render/LightmapTextureManager;Lorg/joml/Matrix4f;Lorg/spongepowered/asm/mixin/injection/callback/CallbackInfo;)V won't be passed a CallbackInfo as a result
[22:22:25] [Render thread/DEBUG] (FabricLoader/Mixin) mixins.malilib.json:MixinWorldRenderer from mod malilib->@Inject::onRenderWorldLastFabulous(Lnet/minecraft/client/util/math/MatrixStack;FJZLnet/minecraft/client/render/Camera;Lnet/minecraft/client/render/GameRenderer;Lnet/minecraft/client/render/LightmapTextureManager;Lorg/joml/Matrix4f;Lorg/spongepowered/asm/mixin/injection/callback/CallbackInfo;)V doesn't use it's CallbackInfo
[22:22:25] [Render thread/DEBUG] (FabricLoader/Mixin) mixins.malilib.json:MixinWorldRenderer from mod malilib->@Inject::onRenderWorldLastFabulous(Lnet/minecraft/client/util/math/MatrixStack;FJZLnet/minecraft/client/render/Camera;Lnet/minecraft/client/render/GameRenderer;Lnet/minecraft/client/render/LightmapTextureManager;Lorg/joml/Matrix4f;Lorg/spongepowered/asm/mixin/injection/callback/CallbackInfo;)V has 0 override(s) in child classes
[22:22:25] [Render thread/DEBUG] (FabricLoader/Mixin) mixins.malilib.json:MixinWorldRenderer from mod malilib->@Inject::onRenderWorldLastFabulous(Lnet/minecraft/client/util/math/MatrixStack;FJZLnet/minecraft/client/render/Camera;Lnet/minecraft/client/render/GameRenderer;Lnet/minecraft/client/render/LightmapTextureManager;Lorg/joml/Matrix4f;Lorg/spongepowered/asm/mixin/injection/callback/CallbackInfo;)V won't be passed a CallbackInfo as a result
[22:22:25] [Render thread/DEBUG] (FabricLoader/Mixin) mixins.litematica.json:MixinWorldRenderer from mod litematica->@Inject::onLoadRenderers(Lorg/spongepowered/asm/mixin/injection/callback/CallbackInfo;)V doesn't use it's CallbackInfo
[22:22:25] [Render thread/DEBUG] (FabricLoader/Mixin) mixins.litematica.json:MixinWorldRenderer from mod litematica->@Inject::onLoadRenderers(Lorg/spongepowered/asm/mixin/injection/callback/CallbackInfo;)V has 0 override(s) in child classes
[22:22:25] [Render thread/DEBUG] (FabricLoader/Mixin) mixins.litematica.json:MixinWorldRenderer from mod litematica->@Inject::onLoadRenderers(Lorg/spongepowered/asm/mixin/injection/callback/CallbackInfo;)V won't be passed a CallbackInfo as a result
[22:22:25] [Render thread/DEBUG] (FabricLoader/Mixin) mixins.litematica.json:MixinWorldRenderer from mod litematica->@Inject::onLoadRenderers(Lorg/spongepowered/asm/mixin/injection/callback/CallbackInfo;)V doesn't use it's CallbackInfo
[22:22:25] [Render thread/DEBUG] (FabricLoader/Mixin) mixins.litematica.json:MixinWorldRenderer from mod litematica->@Inject::onLoadRenderers(Lorg/spongepowered/asm/mixin/injection/callback/CallbackInfo;)V has 0 override(s) in child classes
[22:22:25] [Render thread/DEBUG] (FabricLoader/Mixin) mixins.litematica.json:MixinWorldRenderer from mod litematica->@Inject::onLoadRenderers(Lorg/spongepowered/asm/mixin/injection/callback/CallbackInfo;)V won't be passed a CallbackInfo as a result
[22:22:25] [Render thread/DEBUG] (FabricLoader/Mixin) mixins.litematica.json:MixinWorldRenderer from mod litematica->@Inject::onPostSetupTerrain(Lnet/minecraft/client/render/Camera;Lnet/minecraft/client/render/Frustum;ZZLorg/spongepowered/asm/mixin/injection/callback/CallbackInfo;)V doesn't use it's CallbackInfo
[22:22:25] [Render thread/DEBUG] (FabricLoader/Mixin) mixins.litematica.json:MixinWorldRenderer from mod litematica->@Inject::onPostSetupTerrain(Lnet/minecraft/client/render/Camera;Lnet/minecraft/client/render/Frustum;ZZLorg/spongepowered/asm/mixin/injection/callback/CallbackInfo;)V has 0 override(s) in child classes
[22:22:25] [Render thread/DEBUG] (FabricLoader/Mixin) mixins.litematica.json:MixinWorldRenderer from mod litematica->@Inject::onPostSetupTerrain(Lnet/minecraft/client/render/Camera;Lnet/minecraft/client/render/Frustum;ZZLorg/spongepowered/asm/mixin/injection/callback/CallbackInfo;)V won't be passed a CallbackInfo as a result
[22:22:25] [Render thread/DEBUG] (FabricLoader/Mixin) mixins.litematica.json:MixinWorldRenderer from mod litematica->@Inject::onRenderLayer(Lnet/minecraft/client/render/RenderLayer;Lnet/minecraft/client/util/math/MatrixStack;DDDLorg/joml/Matrix4f;Lorg/spongepowered/asm/mixin/injection/callback/CallbackInfo;)V doesn't use it's CallbackInfo
[22:22:25] [Render thread/DEBUG] (FabricLoader/Mixin) mixins.litematica.json:MixinWorldRenderer from mod litematica->@Inject::onRenderLayer(Lnet/minecraft/client/render/RenderLayer;Lnet/minecraft/client/util/math/MatrixStack;DDDLorg/joml/Matrix4f;Lorg/spongepowered/asm/mixin/injection/callback/CallbackInfo;)V has 0 override(s) in child classes
[22:22:25] [Render thread/DEBUG] (FabricLoader/Mixin) mixins.litematica.json:MixinWorldRenderer from mod litematica->@Inject::onRenderLayer(Lnet/minecraft/client/render/RenderLayer;Lnet/minecraft/client/util/math/MatrixStack;DDDLorg/joml/Matrix4f;Lorg/spongepowered/asm/mixin/injection/callback/CallbackInfo;)V won't be passed a CallbackInfo as a result
[22:22:25] [Render thread/DEBUG] (FabricLoader/Mixin) mixins.litematica.json:MixinWorldRenderer from mod litematica->@Inject::onPostRenderEntities(Lnet/minecraft/client/util/math/MatrixStack;FJZLnet/minecraft/client/render/Camera;Lnet/minecraft/client/render/GameRenderer;Lnet/minecraft/client/render/LightmapTextureManager;Lorg/joml/Matrix4f;Lorg/spongepowered/asm/mixin/injection/callback/CallbackInfo;)V doesn't use it's CallbackInfo
[22:22:25] [Render thread/DEBUG] (FabricLoader/Mixin) mixins.litematica.json:MixinWorldRenderer from mod litematica->@Inject::onPostRenderEntities(Lnet/minecraft/client/util/math/MatrixStack;FJZLnet/minecraft/client/render/Camera;Lnet/minecraft/client/render/GameRenderer;Lnet/minecraft/client/render/LightmapTextureManager;Lorg/joml/Matrix4f;Lorg/spongepowered/asm/mixin/injection/callback/CallbackInfo;)V has 0 override(s) in child classes
[22:22:25] [Render thread/DEBUG] (FabricLoader/Mixin) mixins.litematica.json:MixinWorldRenderer from mod litematica->@Inject::onPostRenderEntities(Lnet/minecraft/client/util/math/MatrixStack;FJZLnet/minecraft/client/render/Camera;Lnet/minecraft/client/render/GameRenderer;Lnet/minecraft/client/render/LightmapTextureManager;Lorg/joml/Matrix4f;Lorg/spongepowered/asm/mixin/injection/callback/CallbackInfo;)V won't be passed a CallbackInfo as a result
[22:22:25] [Render thread/DEBUG] (com.mojang.blaze3d.systems.RenderSystem) Growing IndexBuffer: Old limit 0, new limit 9360.
[22:22:25] [Render thread/DEBUG] (com.mojang.blaze3d.systems.RenderSystem) Growing IndexBuffer: Old limit 0, new limit 20.
[22:22:25] [Render thread/DEBUG] (FabricLoader/Mixin) Mixing ParticleManagerMixin from fabric-registry-sync-v0.client.mixins.json into net.minecraft.client.particle.ParticleManager
[22:22:25] [Render thread/DEBUG] (FabricLoader/Mixin) fabric-registry-sync-v0.client.mixins.json:ParticleManagerMixin from mod fabric-registry-sync-v0: Class version 61 required is higher than the class version supported by the current version of Mixin (JAVA_16 supports class version 60)
[22:22:25] [Render thread/DEBUG] (FabricLoader/Mixin) Mixing ParticleManagerMixin from fabric-particles-v1.client.mixins.json into net.minecraft.client.particle.ParticleManager
[22:22:25] [Render thread/DEBUG] (FabricLoader/Mixin) fabric-particles-v1.client.mixins.json:ParticleManagerMixin from mod fabric-particles-v1: Class version 61 required is higher than the class version supported by the current version of Mixin (JAVA_16 supports class version 60)
[22:22:25] [Render thread/DEBUG] (FabricLoader/Mixin) Mixing ParticleManagerAccessor from fabric-particles-v1.client.mixins.json into net.minecraft.client.particle.ParticleManager
[22:22:25] [Render thread/DEBUG] (FabricLoader/Mixin) fabric-particles-v1.client.mixins.json:ParticleManagerAccessor from mod fabric-particles-v1: Class version 61 required is higher than the class version supported by the current version of Mixin (JAVA_16 supports class version 60)
[22:22:25] [Render thread/DEBUG] (FabricLoader/Mixin) fabric-registry-sync-v0.client.mixins.json:ParticleManagerMixin from mod fabric-registry-sync-v0->@Inject::onInit(Lnet/minecraft/client/world/ClientWorld;Lnet/minecraft/client/texture/TextureManager;Lorg/spongepowered/asm/mixin/injection/callback/CallbackInfo;)V doesn't use it's CallbackInfo
[22:22:25] [Render thread/DEBUG] (FabricLoader/Mixin) fabric-registry-sync-v0.client.mixins.json:ParticleManagerMixin from mod fabric-registry-sync-v0->@Inject::onInit(Lnet/minecraft/client/world/ClientWorld;Lnet/minecraft/client/texture/TextureManager;Lorg/spongepowered/asm/mixin/injection/callback/CallbackInfo;)V has 0 override(s) in child classes
[22:22:25] [Render thread/DEBUG] (FabricLoader/Mixin) fabric-registry-sync-v0.client.mixins.json:ParticleManagerMixin from mod fabric-registry-sync-v0->@Inject::onInit(Lnet/minecraft/client/world/ClientWorld;Lnet/minecraft/client/texture/TextureManager;Lorg/spongepowered/asm/mixin/injection/callback/CallbackInfo;)V won't be passed a CallbackInfo as a result
[22:22:25] [Render thread/DEBUG] (FabricLoader/Mixin) fabric-particles-v1.client.mixins.json:ParticleManagerMixin from mod fabric-particles-v1->@Inject::onRegisterDefaultFactories(Lorg/spongepowered/asm/mixin/injection/callback/CallbackInfo;)V doesn't use it's CallbackInfo
[22:22:25] [Render thread/DEBUG] (FabricLoader/Mixin) fabric-particles-v1.client.mixins.json:ParticleManagerMixin from mod fabric-particles-v1->@Inject::onRegisterDefaultFactories(Lorg/spongepowered/asm/mixin/injection/callback/CallbackInfo;)V has 0 override(s) in child classes
[22:22:25] [Render thread/DEBUG] (FabricLoader/Mixin) fabric-particles-v1.client.mixins.json:ParticleManagerMixin from mod fabric-particles-v1->@Inject::onRegisterDefaultFactories(Lorg/spongepowered/asm/mixin/injection/callback/CallbackInfo;)V won't be passed a CallbackInfo as a result
[22:22:25] [Render thread/DEBUG] (FabricLoader/Mixin) Mixing BlockDustParticleMixin from fabric-particles-v1.client.mixins.json into net.minecraft.client.particle.BlockDustParticle
[22:22:25] [Render thread/DEBUG] (FabricLoader/Mixin) fabric-particles-v1.client.mixins.json:BlockDustParticleMixin from mod fabric-particles-v1: Class version 61 required is higher than the class version supported by the current version of Mixin (JAVA_16 supports class version 60)
[22:22:25] [Render thread/DEBUG] (FabricLoader/Mixin) Mixing ParticleManagerAccessor$SimpleSpriteProviderAccessor from fabric-particles-v1.client.mixins.json into net.minecraft.client.particle.ParticleManager$SimpleSpriteProvider
[22:22:25] [Render thread/DEBUG] (FabricLoader/Mixin) fabric-particles-v1.client.mixins.json:ParticleManagerAccessor$SimpleSpriteProviderAccessor from mod fabric-particles-v1: Class version 61 required is higher than the class version supported by the current version of Mixin (JAVA_16 supports class version 60)
[22:22:25] [Render thread/DEBUG] (FabricLoader/Mixin) Mixing InGameHudMixin from fabric-rendering-v1.mixins.json into net.minecraft.client.gui.hud.InGameHud
[22:22:25] [Render thread/DEBUG] (FabricLoader/Mixin) fabric-rendering-v1.mixins.json:InGameHudMixin from mod fabric-rendering-v1: Class version 61 required is higher than the class version supported by the current version of Mixin (JAVA_16 supports class version 60)
[22:22:25] [Render thread/DEBUG] (FabricLoader/Mixin) Mixing MixinInGameHud from mixins.malilib.json into net.minecraft.client.gui.hud.InGameHud
[22:22:25] [Render thread/DEBUG] (FabricLoader/Mixin) fabric-rendering-v1.mixins.json:InGameHudMixin from mod fabric-rendering-v1->@Inject::render(Lnet/minecraft/client/gui/DrawContext;FLorg/spongepowered/asm/mixin/injection/callback/CallbackInfo;)V doesn't use it's CallbackInfo
[22:22:25] [Render thread/DEBUG] (FabricLoader/Mixin) fabric-rendering-v1.mixins.json:InGameHudMixin from mod fabric-rendering-v1->@Inject::render(Lnet/minecraft/client/gui/DrawContext;FLorg/spongepowered/asm/mixin/injection/callback/CallbackInfo;)V has 0 override(s) in child classes
[22:22:25] [Render thread/DEBUG] (FabricLoader/Mixin) fabric-rendering-v1.mixins.json:InGameHudMixin from mod fabric-rendering-v1->@Inject::render(Lnet/minecraft/client/gui/DrawContext;FLorg/spongepowered/asm/mixin/injection/callback/CallbackInfo;)V won't be passed a CallbackInfo as a result
[22:22:25] [Render thread/DEBUG] (FabricLoader/Mixin) mixins.malilib.json:MixinInGameHud from mod malilib->@Inject::onGameOverlayPost(Lnet/minecraft/client/gui/DrawContext;FLorg/spongepowered/asm/mixin/injection/callback/CallbackInfo;)V doesn't use it's CallbackInfo
[22:22:25] [Render thread/DEBUG] (FabricLoader/Mixin) mixins.malilib.json:MixinInGameHud from mod malilib->@Inject::onGameOverlayPost(Lnet/minecraft/client/gui/DrawContext;FLorg/spongepowered/asm/mixin/injection/callback/CallbackInfo;)V has 0 override(s) in child classes
[22:22:25] [Render thread/DEBUG] (FabricLoader/Mixin) mixins.malilib.json:MixinInGameHud from mod malilib->@Inject::onGameOverlayPost(Lnet/minecraft/client/gui/DrawContext;FLorg/spongepowered/asm/mixin/injection/callback/CallbackInfo;)V won't be passed a CallbackInfo as a result
[22:22:25] [Render thread/DEBUG] (FabricLoader/Mixin) Mixing MixinIntegratedServer from mixins.litematica.json into net.minecraft.server.integrated.IntegratedServer
[22:22:25] [Render thread/DEBUG] (FabricLoader/Mixin) Renaming synthetic method executeTask(Ljava/lang/Runnable;)V to md84916f$litematica$executeTask$0 in mixins.litematica.json:MixinIntegratedServer from mod litematica
[22:22:25] [Render thread/DEBUG] (FabricLoader/Mixin) Renaming synthetic method canExecute(Ljava/lang/Runnable;)Z to md84916f$litematica$canExecute$1 in mixins.litematica.json:MixinIntegratedServer from mod litematica
[22:22:25] [Render thread/DEBUG] (FabricLoader/Mixin) Renaming synthetic method createTask(Ljava/lang/Runnable;)Ljava/lang/Runnable; to md84916f$litematica$createTask$2 in mixins.litematica.json:MixinIntegratedServer from mod litematica
[22:22:25] [Render thread/DEBUG] (FabricLoader/Mixin) mixins.litematica.json:MixinIntegratedServer from mod litematica->@Inject::onPostTick(Ljava/util/function/BooleanSupplier;Lorg/spongepowered/asm/mixin/injection/callback/CallbackInfo;)V doesn't use it's CallbackInfo
[22:22:25] [Render thread/DEBUG] (FabricLoader/Mixin) mixins.litematica.json:MixinIntegratedServer from mod litematica->@Inject::onPostTick(Ljava/util/function/BooleanSupplier;Lorg/spongepowered/asm/mixin/injection/callback/CallbackInfo;)V has 0 override(s) in child classes
[22:22:25] [Render thread/DEBUG] (FabricLoader/Mixin) mixins.litematica.json:MixinIntegratedServer from mod litematica->@Inject::onPostTick(Ljava/util/function/BooleanSupplier;Lorg/spongepowered/asm/mixin/injection/callback/CallbackInfo;)V won't be passed a CallbackInfo as a result
[22:22:25] [Render thread/DEBUG] (FabricLoader/Mixin) Mixing DebugHudMixin from fabric-renderer-api-v1.debughud.mixins.json into net.minecraft.client.gui.hud.DebugHud
[22:22:25] [Render thread/DEBUG] (FabricLoader/Mixin) fabric-renderer-api-v1.debughud.mixins.json:DebugHudMixin from mod fabric-renderer-api-v1: Class version 61 required is higher than the class version supported by the current version of Mixin (JAVA_16 supports class version 60)
[22:22:25] [Render thread/DEBUG] (FabricLoader/Mixin) Mixing MixinDebugHud from mixins.litematica.json into net.minecraft.client.gui.hud.DebugHud
[22:22:25] [Render thread/DEBUG] (FabricLoader/Mixin) fabric-renderer-api-v1.debughud.mixins.json:DebugHudMixin from mod fabric-renderer-api-v1->@Inject::getLeftText(Lorg/spongepowered/asm/mixin/injection/callback/CallbackInfoReturnable;)V does use it's CallbackInfoReturnable
[22:22:25] [Render thread/DEBUG] (FabricLoader/Mixin) fabric-renderer-api-v1.debughud.mixins.json:DebugHudMixin from mod fabric-renderer-api-v1->@Inject::getLeftText(Lorg/spongepowered/asm/mixin/injection/callback/CallbackInfoReturnable;)V does use it's CallbackInfoReturnable
[22:22:25] [Render thread/DEBUG] (FabricLoader/Mixin) mixins.litematica.json:MixinDebugHud from mod litematica->@Inject::addDebugLines(Lorg/spongepowered/asm/mixin/injection/callback/CallbackInfoReturnable;)V does use it's CallbackInfoReturnable
[22:22:25] [Render thread/DEBUG] (FabricLoader/Mixin) mixins.litematica.json:MixinDebugHud from mod litematica->@Inject::addDebugLines(Lorg/spongepowered/asm/mixin/injection/callback/CallbackInfoReturnable;)V does use it's CallbackInfoReturnable
[22:22:25] [Render thread/DEBUG] (FabricLoader/Mixin) Mixing shader.ShaderProgramImportProcessorMixin from fabric-rendering-v1.mixins.json into net.minecraft.client.gl.ShaderProgram$1
[22:22:25] [Render thread/DEBUG] (FabricLoader/Mixin) fabric-rendering-v1.mixins.json:shader.ShaderProgramImportProcessorMixin from mod fabric-rendering-v1: Class version 61 required is higher than the class version supported by the current version of Mixin (JAVA_16 supports class version 60)
[22:22:25] [Render thread/DEBUG] (FabricLoader/Mixin) fabric-rendering-v1.mixins.json:shader.ShaderProgramImportProcessorMixin from mod fabric-rendering-v1->@Inject::captureImport(ZLjava/lang/String;Lorg/spongepowered/asm/mixin/injection/callback/CallbackInfoReturnable;)V doesn't use it's CallbackInfoReturnable
[22:22:25] [Render thread/DEBUG] (FabricLoader/Mixin) fabric-rendering-v1.mixins.json:shader.ShaderProgramImportProcessorMixin from mod fabric-rendering-v1->@Inject::captureImport(ZLjava/lang/String;Lorg/spongepowered/asm/mixin/injection/callback/CallbackInfoReturnable;)V has 0 override(s) in child classes
[22:22:25] [Render thread/DEBUG] (FabricLoader/Mixin) fabric-rendering-v1.mixins.json:shader.ShaderProgramImportProcessorMixin from mod fabric-rendering-v1->@Inject::captureImport(ZLjava/lang/String;Lorg/spongepowered/asm/mixin/injection/callback/CallbackInfoReturnable;)V won't be passed a CallbackInfoReturnable as a result
[22:22:25] [Render thread/DEBUG] (FabricLoader/Mixin) fabric-rendering-v1.mixins.json:shader.ShaderProgramImportProcessorMixin from mod fabric-rendering-v1->@Inject::uncaptureImport(ZLjava/lang/String;Lorg/spongepowered/asm/mixin/injection/callback/CallbackInfoReturnable;)V doesn't use it's CallbackInfoReturnable
[22:22:25] [Render thread/DEBUG] (FabricLoader/Mixin) fabric-rendering-v1.mixins.json:shader.ShaderProgramImportProcessorMixin from mod fabric-rendering-v1->@Inject::uncaptureImport(ZLjava/lang/String;Lorg/spongepowered/asm/mixin/injection/callback/CallbackInfoReturnable;)V has 0 override(s) in child classes
[22:22:25] [Render thread/DEBUG] (FabricLoader/Mixin) fabric-rendering-v1.mixins.json:shader.ShaderProgramImportProcessorMixin from mod fabric-rendering-v1->@Inject::uncaptureImport(ZLjava/lang/String;Lorg/spongepowered/asm/mixin/injection/callback/CallbackInfoReturnable;)V won't be passed a CallbackInfoReturnable as a result
[22:22:25] [Render thread/DEBUG] (FabricLoader/Mixin) fabric-rendering-v1.mixins.json:shader.ShaderProgramImportProcessorMixin from mod fabric-rendering-v1->@Inject::uncaptureImport(ZLjava/lang/String;Lorg/spongepowered/asm/mixin/injection/callback/CallbackInfoReturnable;)V doesn't use it's CallbackInfoReturnable
[22:22:25] [Render thread/DEBUG] (FabricLoader/Mixin) fabric-rendering-v1.mixins.json:shader.ShaderProgramImportProcessorMixin from mod fabric-rendering-v1->@Inject::uncaptureImport(ZLjava/lang/String;Lorg/spongepowered/asm/mixin/injection/callback/CallbackInfoReturnable;)V has 0 override(s) in child classes
[22:22:25] [Render thread/DEBUG] (FabricLoader/Mixin) fabric-rendering-v1.mixins.json:shader.ShaderProgramImportProcessorMixin from mod fabric-rendering-v1->@Inject::uncaptureImport(ZLjava/lang/String;Lorg/spongepowered/asm/mixin/injection/callback/CallbackInfoReturnable;)V won't be passed a CallbackInfoReturnable as a result
[22:22:25] [Render thread/DEBUG] (FabricLoader/Mixin) fabric-rendering-v1.mixins.json:shader.ShaderProgramImportProcessorMixin from mod fabric-rendering-v1->@Inject::uncaptureImport(ZLjava/lang/String;Lorg/spongepowered/asm/mixin/injection/callback/CallbackInfoReturnable;)V doesn't use it's CallbackInfoReturnable
[22:22:25] [Render thread/DEBUG] (FabricLoader/Mixin) fabric-rendering-v1.mixins.json:shader.ShaderProgramImportProcessorMixin from mod fabric-rendering-v1->@Inject::uncaptureImport(ZLjava/lang/String;Lorg/spongepowered/asm/mixin/injection/callback/CallbackInfoReturnable;)V has 0 override(s) in child classes
[22:22:25] [Render thread/DEBUG] (FabricLoader/Mixin) fabric-rendering-v1.mixins.json:shader.ShaderProgramImportProcessorMixin from mod fabric-rendering-v1->@Inject::uncaptureImport(ZLjava/lang/String;Lorg/spongepowered/asm/mixin/injection/callback/CallbackInfoReturnable;)V won't be passed a CallbackInfoReturnable as a result
[22:22:25] [Render thread/DEBUG] (FabricLoader/Mixin) Mixing ResourceMixin from fabric-resource-loader-v0.mixins.json into net.minecraft.resource.Resource
[22:22:25] [Render thread/DEBUG] (FabricLoader/Mixin) fabric-resource-loader-v0.mixins.json:ResourceMixin from mod fabric-resource-loader-v0: Class version 61 required is higher than the class version supported by the current version of Mixin (JAVA_16 supports class version 60)
[22:22:25] [Render thread/DEBUG] (FabricLoader/Mixin) Mixing MessageHandlerMixin from fabric-message-api-v1.client.mixins.json into net.minecraft.client.network.message.MessageHandler
[22:22:25] [Render thread/DEBUG] (FabricLoader/Mixin) fabric-message-api-v1.client.mixins.json:MessageHandlerMixin from mod fabric-message-api-v1->@Inject::fabric_onSignedChatMessage(Lnet/minecraft/network/message/MessageType$Parameters;Lnet/minecraft/network/message/SignedMessage;Lnet/minecraft/text/Text;Lcom/mojang/authlib/GameProfile;ZLjava/time/Instant;Lorg/spongepowered/asm/mixin/injection/callback/CallbackInfoReturnable;)V does use it's CallbackInfoReturnable
[22:22:25] [Render thread/DEBUG] (FabricLoader/Mixin) fabric-message-api-v1.client.mixins.json:MessageHandlerMixin from mod fabric-message-api-v1->@Inject::fabric_onFilteredSignedChatMessage(Lnet/minecraft/network/message/MessageType$Parameters;Lnet/minecraft/network/message/SignedMessage;Lnet/minecraft/text/Text;Lcom/mojang/authlib/GameProfile;ZLjava/time/Instant;Lorg/spongepowered/asm/mixin/injection/callback/CallbackInfoReturnable;)V does use it's CallbackInfoReturnable
[22:22:25] [Render thread/DEBUG] (FabricLoader/Mixin) fabric-message-api-v1.client.mixins.json:MessageHandlerMixin from mod fabric-message-api-v1->@Inject::fabric_onProfilelessChatMessage(Lnet/minecraft/network/message/MessageType$Parameters;Lnet/minecraft/text/Text;Ljava/time/Instant;Lorg/spongepowered/asm/mixin/injection/callback/CallbackInfoReturnable;)V does use it's CallbackInfoReturnable
[22:22:25] [Render thread/DEBUG] (FabricLoader/Mixin) fabric-message-api-v1.client.mixins.json:MessageHandlerMixin from mod fabric-message-api-v1->@Inject::fabric_allowGameMessage(Lnet/minecraft/text/Text;ZLorg/spongepowered/asm/mixin/injection/callback/CallbackInfo;)V does use it's CallbackInfo
[22:22:25] [Render thread/INFO] (net.minecraft.resource.ReloadableResourceManagerImpl) Reloading ResourceManager: vanilla, fabric (fabric-object-builder-api-v1, fabric-loot-api-v2, fabric-keybindings-v0, fabric-lifecycle-events-v1, fabric-api-base, fabric-model-loading-api-v1, fabric-tag-api-v1, fabricloader, fabric-rendering-v0, fabric-rendering-v1, fabric-data-generation-api-v1, fabric-events-interaction-v0, malilib, fabric-recipe-api-v1, fabric-command-api-v1, fabric-transfer-api-v1, fabric-networking-v0, fabric-crash-report-info-v1, fabric-content-registries-v0, fabric-renderer-registries-v1, fabric-block-view-api-v2, fabric-entity-events-v1, fabric-convention-tags-v1, fabric-rendering-fluids-v1, fabric-block-api-v1, modmenu, fabric-api-lookup-api-v1, fabric-game-rule-api-v1, lazymaterialgathering, fabric-networking-api-v1, fabric-biome-api-v1, fabric-models-v0, fabric-commands-v0, fabric-containers-v0, fabric-screen-api-v1, fabric-sound-api-v1, fabric-dimensions-v1, fabric-rendering-data-attachment-v1, fabric-blockrenderlayer-v1, fabric-renderer-indigo, fabric-loot-tables-v1, fabric-resource-loader-v0, fabric-mining-level-api-v1, fabric-screen-handler-api-v1, fabric-message-api-v1, fabric-command-api-v2, fabric-item-api-v1, fabric-registry-sync-v0, fabric-renderer-api-v1, litematica, fabric-client-tags-api-v1, fabric-particles-v1, fabric-gametest-api-v1, fabric-transitive-access-wideners-v1, fabric-data-attachment-api-v1, fabric-item-group-api-v1, fabric-key-binding-api-v1, fabric-events-lifecycle-v0, fabric-api, fabric-resource-conditions-api-v1)
[22:22:25] [Render thread/DEBUG] (FabricLoader/Mixin) Mixing NamespaceResourceManagerMixin from fabric-resource-loader-v0.mixins.json into net.minecraft.resource.NamespaceResourceManager
[22:22:25] [Render thread/DEBUG] (FabricLoader/Mixin) fabric-resource-loader-v0.mixins.json:NamespaceResourceManagerMixin from mod fabric-resource-loader-v0: Class version 61 required is higher than the class version supported by the current version of Mixin (JAVA_16 supports class version 60)
[22:22:25] [Render thread/DEBUG] (FabricLoader/Mixin) fabric-resource-loader-v0.mixins.json:NamespaceResourceManagerMixin from mod fabric-resource-loader-v0->@Inject::onGetAllResources(Lnet/minecraft/util/Identifier;Lorg/spongepowered/asm/mixin/injection/callback/CallbackInfoReturnable;Lnet/minecraft/util/Identifier;Ljava/util/List;)V doesn't use it's CallbackInfoReturnable
[22:22:25] [Render thread/DEBUG] (FabricLoader/Mixin) fabric-resource-loader-v0.mixins.json:NamespaceResourceManagerMixin from mod fabric-resource-loader-v0->@Inject::onGetAllResources(Lnet/minecraft/util/Identifier;Lorg/spongepowered/asm/mixin/injection/callback/CallbackInfoReturnable;Lnet/minecraft/util/Identifier;Ljava/util/List;)V has 0 override(s) in child classes
[22:22:25] [Render thread/DEBUG] (FabricLoader/Mixin) fabric-resource-loader-v0.mixins.json:NamespaceResourceManagerMixin from mod fabric-resource-loader-v0->@Inject::onGetAllResources(Lnet/minecraft/util/Identifier;Lorg/spongepowered/asm/mixin/injection/callback/CallbackInfoReturnable;Lnet/minecraft/util/Identifier;Ljava/util/List;)V won't be passed a CallbackInfoReturnable as a result
[22:22:25] [Render thread/DEBUG] (FabricLoader/Mixin) Mixing SimpleResourceReloadMixin from fabric-resource-loader-v0.mixins.json into net.minecraft.resource.SimpleResourceReload
[22:22:25] [Render thread/DEBUG] (FabricLoader/Mixin) fabric-resource-loader-v0.mixins.json:SimpleResourceReloadMixin from mod fabric-resource-loader-v0: Class version 61 required is higher than the class version supported by the current version of Mixin (JAVA_16 supports class version 60)
[22:22:25] [Render thread/DEBUG] (FabricLoader/Mixin) fabric-resource-loader-v0.mixins.json:SimpleResourceReloadMixin from mod fabric-resource-loader-v0->@Inject::method_40087(Lnet/minecraft/resource/ResourceManager;Ljava/util/List;Ljava/util/concurrent/Executor;Ljava/util/concurrent/Executor;Ljava/util/concurrent/CompletableFuture;ZLorg/spongepowered/asm/mixin/injection/callback/CallbackInfoReturnable;)V doesn't use it's CallbackInfoReturnable
[22:22:25] [Render thread/DEBUG] (FabricLoader/Mixin) Mixing MixinDrawContext from mixins.malilib.json into net.minecraft.client.gui.DrawContext
[22:22:25] [Render thread/DEBUG] (FabricLoader/Mixin) mixins.malilib.json:MixinDrawContext from mod malilib->@Inject::onRenderTooltip(Lnet/minecraft/client/font/TextRenderer;Lnet/minecraft/item/ItemStack;IILorg/spongepowered/asm/mixin/injection/callback/CallbackInfo;)V doesn't use it's CallbackInfo
[22:22:25] [Render thread/DEBUG] (FabricLoader/Mixin) mixins.malilib.json:MixinDrawContext from mod malilib->@Inject::onRenderTooltip(Lnet/minecraft/client/font/TextRenderer;Lnet/minecraft/item/ItemStack;IILorg/spongepowered/asm/mixin/injection/callback/CallbackInfo;)V has 0 override(s) in child classes
[22:22:25] [Render thread/DEBUG] (FabricLoader/Mixin) mixins.malilib.json:MixinDrawContext from mod malilib->@Inject::onRenderTooltip(Lnet/minecraft/client/font/TextRenderer;Lnet/minecraft/item/ItemStack;IILorg/spongepowered/asm/mixin/injection/callback/CallbackInfo;)V won't be passed a CallbackInfo as a result
[22:22:25] [Worker-Main-12/INFO] (net.minecraft.client.font.UnihexFont) Found unifont_all_no_pua-15.0.06.hex, loading
[22:22:26] [Render thread/INFO] (net.minecraft.client.gui.hud.ChatHud) [CHAT] [Baritone] Baritone settings file not found, resetting.
[22:22:26] [Realms Notification Availability checker #1/INFO] (net.minecraft.client.realms.RealmsClient) Could not authorize you against Realms server: java.lang.RuntimeException: Failed to parse into SignedJWT: FabricMC
[22:22:26] [Render thread/INFO] (net.minecraft.util.logging.LoggerPrintStream) [STDOUT]: [nether-pathfinder] Created temp file at C:\Users\360mcv\AppData\Local\Temp\nether_pathfinder-x86_648521134666557104413.dll
[22:22:26] [Render thread/INFO] (net.minecraft.util.logging.LoggerPrintStream) [STDERR]: [nether-pathfinder] Failed to delete temp file
[22:22:26] [Render thread/INFO] (net.minecraft.util.logging.LoggerPrintStream) [STDOUT]: [nether-pathfinder] Loaded shared library
[22:22:27] [Worker-Main-3/DEBUG] (FabricLoader/Mixin) Mixing ModelLoaderBakerImplMixin from fabric-model-loading-api-v1.mixins.json into net.minecraft.client.render.model.ModelLoader$BakerImpl
[22:22:27] [Worker-Main-3/DEBUG] (FabricLoader/Mixin) Mixing MixinModelOverrideList from mixins.litematica.json into net.minecraft.client.render.model.json.ModelOverrideList
[22:22:27] [Worker-Main-3/DEBUG] (FabricLoader/Mixin) Mixing client.MultipartBakedModelMixin from fabric-renderer-api-v1.mixins.json into net.minecraft.client.render.model.MultipartBakedModel
[22:22:27] [Worker-Main-3/DEBUG] (FabricLoader/Mixin) fabric-renderer-api-v1.mixins.json:client.MultipartBakedModelMixin from mod fabric-renderer-api-v1: Class version 61 required is higher than the class version supported by the current version of Mixin (JAVA_16 supports class version 60)
[22:22:27] [Worker-Main-3/DEBUG] (FabricLoader/Mixin) Renaming synthetic method lambda$emitBlockQuads$0(Lnet/minecraft/util/math/random/Random;J)Lnet/minecraft/util/math/random/Random; to md84916f$fabric-renderer-api-v1$lambda$emitBlockQuads$0$0 in fabric-renderer-api-v1.mixins.json:client.MultipartBakedModelMixin from mod fabric-renderer-api-v1
[22:22:27] [Worker-Main-3/DEBUG] (FabricLoader/Mixin) fabric-renderer-api-v1.mixins.json:client.MultipartBakedModelMixin from mod fabric-renderer-api-v1->@Inject::onInit(Ljava/util/List;Lorg/spongepowered/asm/mixin/injection/callback/CallbackInfo;)V doesn't use it's CallbackInfo
[22:22:27] [Worker-Main-3/DEBUG] (FabricLoader/Mixin) fabric-renderer-api-v1.mixins.json:client.MultipartBakedModelMixin from mod fabric-renderer-api-v1->@Inject::onInit(Ljava/util/List;Lorg/spongepowered/asm/mixin/injection/callback/CallbackInfo;)V has 0 override(s) in child classes
[22:22:27] [Worker-Main-3/DEBUG] (FabricLoader/Mixin) fabric-renderer-api-v1.mixins.json:client.MultipartBakedModelMixin from mod fabric-renderer-api-v1->@Inject::onInit(Ljava/util/List;Lorg/spongepowered/asm/mixin/injection/callback/CallbackInfo;)V won't be passed a CallbackInfo as a result
[22:22:27] [Worker-Main-3/DEBUG] (FabricLoader/Mixin) Mixing client.WeightedBakedModelMixin from fabric-renderer-api-v1.mixins.json into net.minecraft.client.render.model.WeightedBakedModel
[22:22:27] [Worker-Main-3/DEBUG] (FabricLoader/Mixin) fabric-renderer-api-v1.mixins.json:client.WeightedBakedModelMixin from mod fabric-renderer-api-v1: Class version 61 required is higher than the class version supported by the current version of Mixin (JAVA_16 supports class version 60)
[22:22:27] [Worker-Main-3/DEBUG] (FabricLoader/Mixin) Renaming synthetic method lambda$emitItemQuads$1(Ljava/util/function/Supplier;)Lnet/minecraft/util/math/random/Random; to md84916f$fabric-renderer-api-v1$lambda$emitItemQuads$1$0 in fabric-renderer-api-v1.mixins.json:client.WeightedBakedModelMixin from mod fabric-renderer-api-v1
[22:22:27] [Worker-Main-3/DEBUG] (FabricLoader/Mixin) Renaming synthetic method lambda$emitBlockQuads$0(Ljava/util/function/Supplier;)Lnet/minecraft/util/math/random/Random; to md84916f$fabric-renderer-api-v1$lambda$emitBlockQuads$0$1 in fabric-renderer-api-v1.mixins.json:client.WeightedBakedModelMixin from mod fabric-renderer-api-v1
[22:22:27] [Worker-Main-3/DEBUG] (FabricLoader/Mixin) fabric-renderer-api-v1.mixins.json:client.WeightedBakedModelMixin from mod fabric-renderer-api-v1->@Inject::onInit(Ljava/util/List;Lorg/spongepowered/asm/mixin/injection/callback/CallbackInfo;)V doesn't use it's CallbackInfo
[22:22:27] [Worker-Main-3/DEBUG] (FabricLoader/Mixin) fabric-renderer-api-v1.mixins.json:client.WeightedBakedModelMixin from mod fabric-renderer-api-v1->@Inject::onInit(Ljava/util/List;Lorg/spongepowered/asm/mixin/injection/callback/CallbackInfo;)V has 0 override(s) in child classes
[22:22:27] [Worker-Main-3/DEBUG] (FabricLoader/Mixin) fabric-renderer-api-v1.mixins.json:client.WeightedBakedModelMixin from mod fabric-renderer-api-v1->@Inject::onInit(Ljava/util/List;Lorg/spongepowered/asm/mixin/injection/callback/CallbackInfo;)V won't be passed a CallbackInfo as a result
[22:22:28] [Render thread/WARN] (net.minecraft.client.sound.SoundSystem) Missing sound for event: minecraft:item.goat_horn.play
[22:22:28] [Render thread/WARN] (net.minecraft.client.sound.SoundSystem) Missing sound for event: minecraft:entity.goat.screaming.horn_break
[22:22:28] [Render thread/INFO] (net.minecraft.client.sound.SoundEngine) OpenAL initialized on device OpenAL Soft on Headphones (Realtek(R) Audio)
[22:22:28] [Render thread/INFO] (net.minecraft.client.sound.SoundSystem) Sound engine started
[22:22:28] [Render thread/INFO] (net.minecraft.client.texture.SpriteAtlasTexture) Created: 1024x512x4 minecraft:textures/atlas/blocks.png-atlas
[22:22:28] [Render thread/INFO] (net.minecraft.client.texture.SpriteAtlasTexture) Created: 256x256x4 minecraft:textures/atlas/signs.png-atlas
[22:22:28] [Render thread/INFO] (net.minecraft.client.texture.SpriteAtlasTexture) Created: 512x512x4 minecraft:textures/atlas/banner_patterns.png-atlas
[22:22:28] [Render thread/INFO] (net.minecraft.client.texture.SpriteAtlasTexture) Created: 512x512x4 minecraft:textures/atlas/shield_patterns.png-atlas
[22:22:28] [Render thread/INFO] (net.minecraft.client.texture.SpriteAtlasTexture) Created: 1024x1024x4 minecraft:textures/atlas/armor_trims.png-atlas
[22:22:28] [Render thread/INFO] (net.minecraft.client.texture.SpriteAtlasTexture) Created: 256x256x4 minecraft:textures/atlas/chest.png-atlas
[22:22:28] [Render thread/INFO] (net.minecraft.client.texture.SpriteAtlasTexture) Created: 128x64x4 minecraft:textures/atlas/decorated_pot.png-atlas
[22:22:28] [Render thread/INFO] (net.minecraft.client.texture.SpriteAtlasTexture) Created: 512x256x4 minecraft:textures/atlas/beds.png-atlas
[22:22:28] [Render thread/INFO] (net.minecraft.client.texture.SpriteAtlasTexture) Created: 512x256x4 minecraft:textures/atlas/shulker_boxes.png-atlas
[22:22:28] [Render thread/DEBUG] (FabricLoader/Mixin) Mixing EntityModelsMixin from fabric-rendering-v1.mixins.json into net.minecraft.client.render.entity.model.EntityModels
[22:22:28] [Render thread/DEBUG] (FabricLoader/Mixin) fabric-rendering-v1.mixins.json:EntityModelsMixin from mod fabric-rendering-v1: Class version 61 required is higher than the class version supported by the current version of Mixin (JAVA_16 supports class version 60)
[22:22:28] [Render thread/DEBUG] (FabricLoader/Mixin) fabric-rendering-v1.mixins.json:EntityModelsMixin from mod fabric-rendering-v1->@Inject::registerExtraModelData(Lorg/spongepowered/asm/mixin/injection/callback/CallbackInfoReturnable;Lcom/google/common/collect/ImmutableMap$Builder;)V doesn't use it's CallbackInfoReturnable
[22:22:28] [Render thread/DEBUG] (FabricLoader/Mixin) Mixing EntityModelLayersMixin from fabric-object-builder-v1.client.mixins.json into net.minecraft.client.render.entity.model.EntityModelLayers
[22:22:28] [Render thread/DEBUG] (FabricLoader/Mixin) fabric-object-builder-v1.client.mixins.json:EntityModelLayersMixin from mod fabric-object-builder-api-v1: Class version 61 required is higher than the class version supported by the current version of Mixin (JAVA_16 supports class version 60)
[22:22:28] [Render thread/DEBUG] (FabricLoader/Mixin) Mixing EntityModelLayersAccessor from fabric-rendering-v1.mixins.json into net.minecraft.client.render.entity.model.EntityModelLayers
[22:22:28] [Render thread/DEBUG] (FabricLoader/Mixin) fabric-rendering-v1.mixins.json:EntityModelLayersAccessor from mod fabric-rendering-v1: Class version 61 required is higher than the class version supported by the current version of Mixin (JAVA_16 supports class version 60)
[22:22:28] [Render thread/DEBUG] (FabricLoader/Mixin) Renaming @Accessor method getLayers()Ljava/util/Set; to getLayers$fabric-rendering-v1_$md$84916f$0 in fabric-rendering-v1.mixins.json:EntityModelLayersAccessor from mod fabric-rendering-v1
[22:22:28] [Render thread/DEBUG] (FabricLoader/Mixin) fabric-object-builder-v1.client.mixins.json:EntityModelLayersMixin from mod fabric-object-builder-api-v1->@Inject::createSign(Lnet/minecraft/block/WoodType;Lorg/spongepowered/asm/mixin/injection/callback/CallbackInfoReturnable;)V does use it's CallbackInfoReturnable
[22:22:28] [Render thread/DEBUG] (FabricLoader/Mixin) fabric-object-builder-v1.client.mixins.json:EntityModelLayersMixin from mod fabric-object-builder-api-v1->@Inject::createHangingSign(Lnet/minecraft/block/WoodType;Lorg/spongepowered/asm/mixin/injection/callback/CallbackInfoReturnable;)V does use it's CallbackInfoReturnable
[22:22:28] [Render thread/DEBUG] (FabricLoader/Mixin) Mixing BlockEntityRendererFactoriesMixin from fabric-rendering-v1.mixins.json into net.minecraft.client.render.block.entity.BlockEntityRendererFactories
[22:22:28] [Render thread/DEBUG] (FabricLoader/Mixin) fabric-rendering-v1.mixins.json:BlockEntityRendererFactoriesMixin from mod fabric-rendering-v1: Class version 61 required is higher than the class version supported by the current version of Mixin (JAVA_16 supports class version 60)
[22:22:28] [Render thread/DEBUG] (FabricLoader/Mixin) Renaming synthetic method lambda$init$0(Lnet/minecraft/block/entity/BlockEntityType;Lnet/minecraft/client/render/block/entity/BlockEntityRendererFactory;)V to md84916f$fabric-rendering-v1$lambda$init$0$0 in fabric-rendering-v1.mixins.json:BlockEntityRendererFactoriesMixin from mod fabric-rendering-v1
[22:22:28] [Render thread/DEBUG] (FabricLoader/Mixin) fabric-rendering-v1.mixins.json:BlockEntityRendererFactoriesMixin from mod fabric-rendering-v1->@Inject::init(Lorg/spongepowered/asm/mixin/injection/callback/CallbackInfo;)V doesn't use it's CallbackInfo
[22:22:28] [Render thread/DEBUG] (FabricLoader/Mixin) Mixing EntityRenderersMixin from fabric-rendering-v1.mixins.json into net.minecraft.client.render.entity.EntityRenderers
[22:22:28] [Render thread/DEBUG] (FabricLoader/Mixin) fabric-rendering-v1.mixins.json:EntityRenderersMixin from mod fabric-rendering-v1: Class version 61 required is higher than the class version supported by the current version of Mixin (JAVA_16 supports class version 60)
[22:22:28] [Render thread/DEBUG] (FabricLoader/Mixin) Renaming synthetic method lambda$onRegisterRenderers$0(Lnet/minecraft/entity/EntityType;Lnet/minecraft/client/render/entity/EntityRendererFactory;)V to md84916f$fabric-rendering-v1$lambda$onRegisterRenderers$0$0 in fabric-rendering-v1.mixins.json:EntityRenderersMixin from mod fabric-rendering-v1
[22:22:28] [Render thread/DEBUG] (FabricLoader/Mixin) fabric-rendering-v1.mixins.json:EntityRenderersMixin from mod fabric-rendering-v1->@Inject::onRegisterRenderers(Lorg/spongepowered/asm/mixin/injection/callback/CallbackInfo;)V doesn't use it's CallbackInfo
[22:22:28] [Render thread/DEBUG] (FabricLoader/Mixin) Mixing LivingEntityRendererAccessor from fabric-rendering-v1.mixins.json into net.minecraft.client.render.entity.LivingEntityRenderer
[22:22:28] [Render thread/DEBUG] (FabricLoader/Mixin) fabric-rendering-v1.mixins.json:LivingEntityRendererAccessor from mod fabric-rendering-v1: Class version 61 required is higher than the class version supported by the current version of Mixin (JAVA_16 supports class version 60)
[22:22:28] [Render thread/DEBUG] (FabricLoader/Mixin) Mixing ArmorFeatureRendererMixin from fabric-rendering-v1.mixins.json into net.minecraft.client.render.entity.feature.ArmorFeatureRenderer
[22:22:28] [Render thread/DEBUG] (FabricLoader/Mixin) fabric-rendering-v1.mixins.json:ArmorFeatureRendererMixin from mod fabric-rendering-v1: Class version 61 required is higher than the class version supported by the current version of Mixin (JAVA_16 supports class version 60)
[22:22:28] [Render thread/DEBUG] (FabricLoader/Mixin) fabric-rendering-v1.mixins.json:ArmorFeatureRendererMixin from mod fabric-rendering-v1->@Inject::renderArmor(Lnet/minecraft/client/util/math/MatrixStack;Lnet/minecraft/client/render/VertexConsumerProvider;Lnet/minecraft/entity/LivingEntity;Lnet/minecraft/entity/EquipmentSlot;ILnet/minecraft/client/render/entity/model/BipedEntityModel;Lorg/spongepowered/asm/mixin/injection/callback/CallbackInfo;)V does use it's CallbackInfo
[22:22:28] [Render thread/DEBUG] (FabricLoader/Mixin) fabric-rendering-v1.mixins.json:ArmorFeatureRendererMixin from mod fabric-rendering-v1->@Inject::getArmorTexture(Lnet/minecraft/item/ArmorItem;ZLjava/lang/String;Lorg/spongepowered/asm/mixin/injection/callback/CallbackInfoReturnable;)V does use it's CallbackInfoReturnable
[22:22:28] [Render thread/DEBUG] (FabricLoader/Mixin) Mixing CapeFeatureRendererMixin from fabric-rendering-v1.mixins.json into net.minecraft.client.render.entity.feature.CapeFeatureRenderer
[22:22:28] [Render thread/DEBUG] (FabricLoader/Mixin) fabric-rendering-v1.mixins.json:CapeFeatureRendererMixin from mod fabric-rendering-v1: Class version 61 required is higher than the class version supported by the current version of Mixin (JAVA_16 supports class version 60)
[22:22:28] [Render thread/DEBUG] (FabricLoader/Mixin) fabric-rendering-v1.mixins.json:CapeFeatureRendererMixin from mod fabric-rendering-v1->@Inject::injectCapeRenderCheck(Lnet/minecraft/client/util/math/MatrixStack;Lnet/minecraft/client/render/VertexConsumerProvider;ILnet/minecraft/client/network/AbstractClientPlayerEntity;FFFFFFLorg/spongepowered/asm/mixin/injection/callback/CallbackInfo;)V does use it's CallbackInfo
[22:22:28] [Render thread/WARN] (net.minecraft.client.gl.ShaderProgram) Shader rendertype_entity_translucent_emissive could not find sampler named Sampler2 in the specified shader program.
[22:22:29] [Render thread/INFO] (net.minecraft.client.texture.SpriteAtlasTexture) Created: 256x256x0 minecraft:textures/atlas/particles.png-atlas
[22:22:29] [Render thread/INFO] (net.minecraft.client.texture.SpriteAtlasTexture) Created: 256x256x0 minecraft:textures/atlas/paintings.png-atlas
[22:22:29] [Render thread/INFO] (net.minecraft.client.texture.SpriteAtlasTexture) Created: 128x128x0 minecraft:textures/atlas/mob_effects.png-atlas
[22:23:14] [Worker-Main-9/DEBUG] (FabricLoader/Mixin) Mixing GameRulesAccessor from fabric-game-rule-api-v1.mixins.json into net.minecraft.world.GameRules
[22:23:14] [Worker-Main-9/DEBUG] (FabricLoader/Mixin) fabric-game-rule-api-v1.mixins.json:GameRulesAccessor from mod fabric-game-rule-api-v1: Class version 61 required is higher than the class version supported by the current version of Mixin (JAVA_16 supports class version 60)
[22:23:14] [Worker-Main-9/DEBUG] (FabricLoader/Mixin) Renaming @Invoker method callRegister(Ljava/lang/String;Lnet/minecraft/world/GameRules$Category;Lnet/minecraft/world/GameRules$Type;)Lnet/minecraft/world/GameRules$Key; to callRegister$fabric-game-rule-api-v1_$md$84916f$0 in fabric-game-rule-api-v1.mixins.json:GameRulesAccessor from mod fabric-game-rule-api-v1
[22:23:14] [Worker-Main-9/DEBUG] (FabricLoader/Mixin) Renaming @Accessor method getRuleTypes()Ljava/util/Map; to getRuleTypes$fabric-game-rule-api-v1_$md$84916f$1 in fabric-game-rule-api-v1.mixins.json:GameRulesAccessor from mod fabric-game-rule-api-v1
[22:23:14] [Worker-Main-9/DEBUG] (FabricLoader/Mixin) Mixing GameRulesKeyMixin from fabric-game-rule-api-v1.mixins.json into net.minecraft.world.GameRules$Key
[22:23:14] [Worker-Main-9/DEBUG] (FabricLoader/Mixin) fabric-game-rule-api-v1.mixins.json:GameRulesKeyMixin from mod fabric-game-rule-api-v1: Class version 61 required is higher than the class version supported by the current version of Mixin (JAVA_16 supports class version 60)
[22:23:14] [Worker-Main-9/DEBUG] (FabricLoader/Mixin) Mixing GameRulesBooleanRuleAccessor from fabric-game-rule-api-v1.mixins.json into net.minecraft.world.GameRules$BooleanRule
[22:23:14] [Worker-Main-9/DEBUG] (FabricLoader/Mixin) fabric-game-rule-api-v1.mixins.json:GameRulesBooleanRuleAccessor from mod fabric-game-rule-api-v1: Class version 61 required is higher than the class version supported by the current version of Mixin (JAVA_16 supports class version 60)
[22:23:14] [Worker-Main-9/DEBUG] (FabricLoader/Mixin) Renaming @Invoker method invokeCreate(ZLjava/util/function/BiConsumer;)Lnet/minecraft/world/GameRules$Type; to invokeCreate$fabric-game-rule-api-v1_$md$84916f$0 in fabric-game-rule-api-v1.mixins.json:GameRulesBooleanRuleAccessor from mod fabric-game-rule-api-v1
[22:23:14] [Worker-Main-9/DEBUG] (FabricLoader/Mixin) Mixing GameRulesIntRuleAccessor from fabric-game-rule-api-v1.mixins.json into net.minecraft.world.GameRules$IntRule
[22:23:14] [Worker-Main-9/DEBUG] (FabricLoader/Mixin) fabric-game-rule-api-v1.mixins.json:GameRulesIntRuleAccessor from mod fabric-game-rule-api-v1: Class version 61 required is higher than the class version supported by the current version of Mixin (JAVA_16 supports class version 60)
[22:23:14] [Render thread/DEBUG] (FabricLoader/Mixin) Mixing CreateWorldScreenMixin from fabric-resource-loader-v0.client.mixins.json into net.minecraft.client.gui.screen.world.CreateWorldScreen
[22:23:14] [Render thread/DEBUG] (FabricLoader/Mixin) fabric-resource-loader-v0.client.mixins.json:CreateWorldScreenMixin from mod fabric-resource-loader-v0: Class version 61 required is higher than the class version supported by the current version of Mixin (JAVA_16 supports class version 60)
[22:23:14] [Render thread/DEBUG] (FabricLoader/Mixin) fabric-resource-loader-v0.client.mixins.json:CreateWorldScreenMixin from mod fabric-resource-loader-v0->@Inject::onScanPacks(Lorg/spongepowered/asm/mixin/injection/callback/CallbackInfoReturnable;)V doesn't use it's CallbackInfoReturnable
[22:23:14] [Render thread/DEBUG] (FabricLoader/Mixin) fabric-resource-loader-v0.client.mixins.json:CreateWorldScreenMixin from mod fabric-resource-loader-v0->@Inject::onScanPacks(Lorg/spongepowered/asm/mixin/injection/callback/CallbackInfoReturnable;)V has 0 override(s) in child classes
[22:23:14] [Render thread/DEBUG] (FabricLoader/Mixin) fabric-resource-loader-v0.client.mixins.json:CreateWorldScreenMixin from mod fabric-resource-loader-v0->@Inject::onScanPacks(Lorg/spongepowered/asm/mixin/injection/callback/CallbackInfoReturnable;)V won't be passed a CallbackInfoReturnable as a result
[22:23:15] [Render thread/DEBUG] (FabricLoader/Mixin) Mixing LevelStorageSessionMixin from fabric-registry-sync-v0.mixins.json into net.minecraft.world.level.storage.LevelStorage$Session
[22:23:15] [Render thread/DEBUG] (FabricLoader/Mixin) fabric-registry-sync-v0.mixins.json:LevelStorageSessionMixin from mod fabric-registry-sync-v0: Class version 61 required is higher than the class version supported by the current version of Mixin (JAVA_16 supports class version 60)
[22:23:15] [Render thread/DEBUG] (FabricLoader/Mixin) fabric-registry-sync-v0.mixins.json:LevelStorageSessionMixin from mod fabric-registry-sync-v0->@Inject::saveWorld(Lnet/minecraft/registry/DynamicRegistryManager;Lnet/minecraft/world/SaveProperties;Lnet/minecraft/nbt/NbtCompound;Lorg/spongepowered/asm/mixin/injection/callback/CallbackInfo;)V doesn't use it's CallbackInfo
[22:23:15] [Render thread/DEBUG] (FabricLoader/Mixin) fabric-registry-sync-v0.mixins.json:LevelStorageSessionMixin from mod fabric-registry-sync-v0->@Inject::saveWorld(Lnet/minecraft/registry/DynamicRegistryManager;Lnet/minecraft/world/SaveProperties;Lnet/minecraft/nbt/NbtCompound;Lorg/spongepowered/asm/mixin/injection/callback/CallbackInfo;)V has 0 override(s) in child classes
[22:23:15] [Render thread/DEBUG] (FabricLoader/Mixin) fabric-registry-sync-v0.mixins.json:LevelStorageSessionMixin from mod fabric-registry-sync-v0->@Inject::saveWorld(Lnet/minecraft/registry/DynamicRegistryManager;Lnet/minecraft/world/SaveProperties;Lnet/minecraft/nbt/NbtCompound;Lorg/spongepowered/asm/mixin/injection/callback/CallbackInfo;)V won't be passed a CallbackInfo as a result
[22:23:15] [Render thread/DEBUG] (FabricLoader/Mixin) fabric-registry-sync-v0.mixins.json:LevelStorageSessionMixin from mod fabric-registry-sync-v0->@Inject::readWorldProperties(Lorg/spongepowered/asm/mixin/injection/callback/CallbackInfoReturnable;)V doesn't use it's CallbackInfoReturnable
[22:23:15] [Render thread/DEBUG] (FabricLoader/Mixin) fabric-registry-sync-v0.mixins.json:LevelStorageSessionMixin from mod fabric-registry-sync-v0->@Inject::readWorldProperties(Lorg/spongepowered/asm/mixin/injection/callback/CallbackInfoReturnable;)V has 0 override(s) in child classes
[22:23:15] [Render thread/DEBUG] (FabricLoader/Mixin) fabric-registry-sync-v0.mixins.json:LevelStorageSessionMixin from mod fabric-registry-sync-v0->@Inject::readWorldProperties(Lorg/spongepowered/asm/mixin/injection/callback/CallbackInfoReturnable;)V won't be passed a CallbackInfoReturnable as a result
[22:23:15] [Render thread/DEBUG] (FabricLoader/Mixin) Mixing DataPackContentsMixin from fabric-lifecycle-events-v1.mixins.json into net.minecraft.server.DataPackContents
[22:23:15] [Render thread/DEBUG] (FabricLoader/Mixin) fabric-lifecycle-events-v1.mixins.json:DataPackContentsMixin from mod fabric-lifecycle-events-v1: Class version 61 required is higher than the class version supported by the current version of Mixin (JAVA_16 supports class version 60)
[22:23:15] [Render thread/DEBUG] (FabricLoader/Mixin) Mixing DataPackContentsMixin from fabric-resource-conditions-api-v1.mixins.json into net.minecraft.server.DataPackContents
[22:23:15] [Render thread/DEBUG] (FabricLoader/Mixin) fabric-resource-conditions-api-v1.mixins.json:DataPackContentsMixin from mod fabric-resource-conditions-api-v1: Class version 61 required is higher than the class version supported by the current version of Mixin (JAVA_16 supports class version 60)
[22:23:15] [Render thread/DEBUG] (FabricLoader/Mixin) fabric-lifecycle-events-v1.mixins.json:DataPackContentsMixin from mod fabric-lifecycle-events-v1->@Inject::hookRefresh(Lnet/minecraft/registry/DynamicRegistryManager;Lorg/spongepowered/asm/mixin/injection/callback/CallbackInfo;)V doesn't use it's CallbackInfo
[22:23:15] [Render thread/DEBUG] (FabricLoader/Mixin) fabric-lifecycle-events-v1.mixins.json:DataPackContentsMixin from mod fabric-lifecycle-events-v1->@Inject::hookRefresh(Lnet/minecraft/registry/DynamicRegistryManager;Lorg/spongepowered/asm/mixin/injection/callback/CallbackInfo;)V has 0 override(s) in child classes
[22:23:15] [Render thread/DEBUG] (FabricLoader/Mixin) fabric-lifecycle-events-v1.mixins.json:DataPackContentsMixin from mod fabric-lifecycle-events-v1->@Inject::hookRefresh(Lnet/minecraft/registry/DynamicRegistryManager;Lorg/spongepowered/asm/mixin/injection/callback/CallbackInfo;)V won't be passed a CallbackInfo as a result
[22:23:15] [Render thread/DEBUG] (FabricLoader/Mixin) fabric-resource-conditions-api-v1.mixins.json:DataPackContentsMixin from mod fabric-resource-conditions-api-v1->@Inject::hookRefresh(Lnet/minecraft/registry/DynamicRegistryManager;Lorg/spongepowered/asm/mixin/injection/callback/CallbackInfo;)V doesn't use it's CallbackInfo
[22:23:15] [Render thread/DEBUG] (FabricLoader/Mixin) fabric-resource-conditions-api-v1.mixins.json:DataPackContentsMixin from mod fabric-resource-conditions-api-v1->@Inject::hookRefresh(Lnet/minecraft/registry/DynamicRegistryManager;Lorg/spongepowered/asm/mixin/injection/callback/CallbackInfo;)V has 0 override(s) in child classes
[22:23:15] [Render thread/DEBUG] (FabricLoader/Mixin) fabric-resource-conditions-api-v1.mixins.json:DataPackContentsMixin from mod fabric-resource-conditions-api-v1->@Inject::hookRefresh(Lnet/minecraft/registry/DynamicRegistryManager;Lorg/spongepowered/asm/mixin/injection/callback/CallbackInfo;)V won't be passed a CallbackInfo as a result
[22:23:15] [Render thread/DEBUG] (FabricLoader/Mixin) fabric-resource-conditions-api-v1.mixins.json:DataPackContentsMixin from mod fabric-resource-conditions-api-v1->@Inject::hookReload(Lnet/minecraft/resource/ResourceManager;Lnet/minecraft/registry/DynamicRegistryManager$Immutable;Lnet/minecraft/resource/featuretoggle/FeatureSet;Lnet/minecraft/server/command/CommandManager$RegistrationEnvironment;ILjava/util/concurrent/Executor;Ljava/util/concurrent/Executor;Lorg/spongepowered/asm/mixin/injection/callback/CallbackInfoReturnable;)V doesn't use it's CallbackInfoReturnable
[22:23:15] [Render thread/DEBUG] (FabricLoader/Mixin) Mixing SaveLoadingMixin from fabric-registry-sync-v0.mixins.json into net.minecraft.server.SaveLoading
[22:23:15] [Render thread/DEBUG] (FabricLoader/Mixin) fabric-registry-sync-v0.mixins.json:SaveLoadingMixin from mod fabric-registry-sync-v0: Class version 61 required is higher than the class version supported by the current version of Mixin (JAVA_16 supports class version 60)
[22:23:15] [Render thread/DEBUG] (FabricLoader/Mixin) Mixing ServerPlayerInteractionManagerMixin from fabric-events-interaction-v0.mixins.json into net.minecraft.server.network.ServerPlayerInteractionManager
[22:23:15] [Render thread/DEBUG] (FabricLoader/Mixin) fabric-events-interaction-v0.mixins.json:ServerPlayerInteractionManagerMixin from mod fabric-events-interaction-v0: Class version 61 required is higher than the class version supported by the current version of Mixin (JAVA_16 supports class version 60)
[22:23:15] [Render thread/DEBUG] (FabricLoader/Mixin) fabric-events-interaction-v0.mixins.json:ServerPlayerInteractionManagerMixin from mod fabric-events-interaction-v0->@Inject::startBlockBreak(Lnet/minecraft/util/math/BlockPos;Lnet/minecraft/network/packet/c2s/play/PlayerActionC2SPacket$Action;Lnet/minecraft/util/math/Direction;IILorg/spongepowered/asm/mixin/injection/callback/CallbackInfo;)V does use it's CallbackInfo
[22:23:15] [Render thread/DEBUG] (FabricLoader/Mixin) fabric-events-interaction-v0.mixins.json:ServerPlayerInteractionManagerMixin from mod fabric-events-interaction-v0->@Inject::interactBlock(Lnet/minecraft/server/network/ServerPlayerEntity;Lnet/minecraft/world/World;Lnet/minecraft/item/ItemStack;Lnet/minecraft/util/Hand;Lnet/minecraft/util/hit/BlockHitResult;Lorg/spongepowered/asm/mixin/injection/callback/CallbackInfoReturnable;)V does use it's CallbackInfoReturnable
[22:23:15] [Render thread/DEBUG] (FabricLoader/Mixin) fabric-events-interaction-v0.mixins.json:ServerPlayerInteractionManagerMixin from mod fabric-events-interaction-v0->@Inject::interactItem(Lnet/minecraft/server/network/ServerPlayerEntity;Lnet/minecraft/world/World;Lnet/minecraft/item/ItemStack;Lnet/minecraft/util/Hand;Lorg/spongepowered/asm/mixin/injection/callback/CallbackInfoReturnable;)V does use it's CallbackInfoReturnable
[22:23:15] [Render thread/DEBUG] (FabricLoader/Mixin) fabric-events-interaction-v0.mixins.json:ServerPlayerInteractionManagerMixin from mod fabric-events-interaction-v0->@Inject::breakBlock(Lnet/minecraft/util/math/BlockPos;Lorg/spongepowered/asm/mixin/injection/callback/CallbackInfoReturnable;Lnet/minecraft/block/BlockState;Lnet/minecraft/block/entity/BlockEntity;Lnet/minecraft/block/Block;)V does use it's CallbackInfoReturnable
[22:23:15] [Render thread/DEBUG] (FabricLoader/Mixin) fabric-events-interaction-v0.mixins.json:ServerPlayerInteractionManagerMixin from mod fabric-events-interaction-v0->@Inject::onBlockBroken(Lnet/minecraft/util/math/BlockPos;Lorg/spongepowered/asm/mixin/injection/callback/CallbackInfoReturnable;Lnet/minecraft/block/BlockState;Lnet/minecraft/block/entity/BlockEntity;Lnet/minecraft/block/Block;Z)V doesn't use it's CallbackInfoReturnable
[22:23:15] [Render thread/DEBUG] (FabricLoader/Mixin) fabric-events-interaction-v0.mixins.json:ServerPlayerInteractionManagerMixin from mod fabric-events-interaction-v0->@Inject::onBlockBroken(Lnet/minecraft/util/math/BlockPos;Lorg/spongepowered/asm/mixin/injection/callback/CallbackInfoReturnable;Lnet/minecraft/block/BlockState;Lnet/minecraft/block/entity/BlockEntity;Lnet/minecraft/block/Block;Z)V has 0 override(s) in child classes
[22:23:15] [Render thread/DEBUG] (FabricLoader/Mixin) fabric-events-interaction-v0.mixins.json:ServerPlayerInteractionManagerMixin from mod fabric-events-interaction-v0->@Inject::onBlockBroken(Lnet/minecraft/util/math/BlockPos;Lorg/spongepowered/asm/mixin/injection/callback/CallbackInfoReturnable;Lnet/minecraft/block/BlockState;Lnet/minecraft/block/entity/BlockEntity;Lnet/minecraft/block/Block;Z)V won't be passed a CallbackInfoReturnable as a result
[22:23:15] [Render thread/DEBUG] (FabricLoader/Mixin) Mixing modification.DynamicRegistryManagerImmutableImplMixin from fabric-biome-api-v1.mixins.json into net.minecraft.registry.DynamicRegistryManager$ImmutableImpl
[22:23:15] [Render thread/DEBUG] (FabricLoader/Mixin) fabric-biome-api-v1.mixins.json:modification.DynamicRegistryManagerImmutableImplMixin from mod fabric-biome-api-v1: Class version 61 required is higher than the class version supported by the current version of Mixin (JAVA_16 supports class version 60)
[22:23:15] [Render thread/DEBUG] (FabricLoader/Mixin) Mixing RegistryLoaderMixin from fabric-registry-sync-v0.mixins.json into net.minecraft.registry.RegistryLoader
[22:23:15] [Render thread/DEBUG] (FabricLoader/Mixin) fabric-registry-sync-v0.mixins.json:RegistryLoaderMixin from mod fabric-registry-sync-v0: Class version 61 required is higher than the class version supported by the current version of Mixin (JAVA_16 supports class version 60)
[22:23:15] [Render thread/DEBUG] (FabricLoader/Mixin) fabric-registry-sync-v0.mixins.json:RegistryLoaderMixin from mod fabric-registry-sync-v0->@Inject::beforeLoad(Lnet/minecraft/resource/ResourceManager;Lnet/minecraft/registry/DynamicRegistryManager;Ljava/util/List;Lorg/spongepowered/asm/mixin/injection/callback/CallbackInfoReturnable;Ljava/util/Map;Ljava/util/List;Lnet/minecraft/registry/RegistryOps$RegistryInfoGetter;)V doesn't use it's CallbackInfoReturnable
[22:23:15] [Render thread/DEBUG] (FabricLoader/Mixin) fabric-registry-sync-v0.mixins.json:RegistryLoaderMixin from mod fabric-registry-sync-v0->@Inject::prependDirectoryWithNamespace(Lnet/minecraft/util/Identifier;Lorg/spongepowered/asm/mixin/injection/callback/CallbackInfoReturnable;)V does use it's CallbackInfoReturnable
[22:23:16] [Render thread/DEBUG] (FabricRegistrySync) Reading registry data from C:\Users\360mcv\Downloads\lazymaterialgathering-template-1.20.1\run\saves\New World\data\fabricRegistry.dat
[22:23:16] [Render thread/DEBUG] (FabricRegistrySync) Reading registry data from C:\Users\360mcv\Downloads\lazymaterialgathering-template-1.20.1\run\saves\New World\data\fabricRegistry.dat.1
[22:23:16] [Render thread/DEBUG] (FabricRegistrySync) Reading registry data from C:\Users\360mcv\Downloads\lazymaterialgathering-template-1.20.1\run\saves\New World\data\fabricRegistry.dat.2
[22:23:16] [Render thread/DEBUG] (FabricRegistrySync) Starting registry save
[22:23:16] [Render thread/DEBUG] (FabricRegistrySync) Not saving registry: minecraft:command_argument_type
[22:23:16] [Render thread/DEBUG] (FabricRegistrySync) Not saving registry: minecraft:item
[22:23:16] [Render thread/DEBUG] (FabricRegistrySync) Not saving registry: minecraft:block_entity_type
[22:23:16] [Render thread/DEBUG] (FabricRegistrySync) Not saving registry: minecraft:custom_stat
[22:23:16] [Render thread/DEBUG] (FabricRegistrySync) Not saving registry: minecraft:worldgen/foliage_placer_type
[22:23:16] [Render thread/DEBUG] (FabricRegistrySync) Not saving registry: minecraft:stat_type
[22:23:16] [Render thread/DEBUG] (FabricRegistrySync) Not saving registry: minecraft:worldgen/material_rule
[22:23:16] [Render thread/DEBUG] (FabricRegistrySync) Not saving registry: minecraft:worldgen/structure_type
[22:23:16] [Render thread/DEBUG] (FabricRegistrySync) Not saving registry: minecraft:attribute
[22:23:16] [Render thread/DEBUG] (FabricRegistrySync) Not saving registry: minecraft:position_source_type
[22:23:16] [Render thread/DEBUG] (FabricRegistrySync) Not saving registry: minecraft:height_provider_type
[22:23:16] [Render thread/DEBUG] (FabricRegistrySync) Not saving registry: minecraft:rule_block_entity_modifier
[22:23:16] [Render thread/DEBUG] (FabricRegistrySync) Not saving registry: minecraft:worldgen/density_function_type
[22:23:16] [Render thread/DEBUG] (FabricRegistrySync) Not saving registry: minecraft:fluid
[22:23:16] [Render thread/DEBUG] (FabricRegistrySync) Not saving registry: minecraft:loot_condition_type
[22:23:16] [Render thread/DEBUG] (FabricRegistrySync) Not saving registry: minecraft:worldgen/structure_pool_element
[22:23:16] [Render thread/DEBUG] (FabricRegistrySync) Not saving registry: minecraft:activity
[22:23:16] [Render thread/DEBUG] (FabricRegistrySync) Not saving registry: minecraft:recipe_serializer
[22:23:16] [Render thread/DEBUG] (FabricRegistrySync) Not saving registry: minecraft:frog_variant
[22:23:16] [Render thread/DEBUG] (FabricRegistrySync) Not saving registry: minecraft:banner_pattern
[22:23:16] [Render thread/DEBUG] (FabricRegistrySync) Not saving registry: minecraft:instrument
[22:23:16] [Render thread/DEBUG] (FabricRegistrySync) Not saving registry: minecraft:decorated_pot_patterns
[22:23:16] [Render thread/DEBUG] (FabricRegistrySync) Not saving registry: minecraft:worldgen/feature_size_type
[22:23:16] [Render thread/DEBUG] (FabricRegistrySync) Not saving registry: minecraft:point_of_interest_type
[22:23:16] [Render thread/DEBUG] (FabricRegistrySync) Skipping un-modded registry: minecraft:mob_effect
[22:23:16] [Render thread/DEBUG] (FabricRegistrySync) Not saving registry: minecraft:loot_pool_entry_type
[22:23:16] [Render thread/DEBUG] (FabricRegistrySync) Not saving registry: minecraft:worldgen/block_state_provider_type
[22:23:16] [Render thread/DEBUG] (FabricRegistrySync) Not saving registry: minecraft:worldgen/chunk_generator
[22:23:16] [Render thread/DEBUG] (FabricRegistrySync) Not saving registry: minecraft:float_provider_type
[22:23:16] [Render thread/DEBUG] (FabricRegistrySync) Not saving registry: minecraft:chunk_status
[22:23:16] [Render thread/DEBUG] (FabricRegistrySync) Not saving registry: minecraft:enchantment
[22:23:16] [Render thread/DEBUG] (FabricRegistrySync) Not saving registry: minecraft:loot_function_type
[22:23:16] [Render thread/DEBUG] (FabricRegistrySync) Not saving registry: minecraft:worldgen/structure_processor
[22:23:16] [Render thread/DEBUG] (FabricRegistrySync) Not saving registry: minecraft:loot_score_provider_type
[22:23:16] [Render thread/DEBUG] (FabricRegistrySync) Not saving registry: minecraft:worldgen/tree_decorator_type
[22:23:16] [Render thread/DEBUG] (FabricRegistrySync) Not saving registry: minecraft:schedule
[22:23:16] [Render thread/DEBUG] (FabricRegistrySync) Not saving registry: minecraft:worldgen/material_condition
[22:23:16] [Render thread/DEBUG] (FabricRegistrySync) Not saving registry: minecraft:entity_type
[22:23:16] [Render thread/DEBUG] (FabricRegistrySync) Not saving registry: minecraft:villager_profession
[22:23:16] [Render thread/DEBUG] (FabricRegistrySync) Not saving registry: minecraft:potion
[22:23:16] [Render thread/DEBUG] (FabricRegistrySync) Not saving registry: minecraft:recipe_type
[22:23:16] [Render thread/DEBUG] (FabricRegistrySync) Not saving registry: minecraft:int_provider_type
[22:23:16] [Render thread/DEBUG] (FabricRegistrySync) Not saving registry: minecraft:worldgen/feature
[22:23:16] [Render thread/DEBUG] (FabricRegistrySync) Not saving registry: minecraft:cat_variant
[22:23:16] [Render thread/DEBUG] (FabricRegistrySync) Not saving registry: minecraft:pos_rule_test
[22:23:16] [Render thread/DEBUG] (FabricRegistrySync) Not saving registry: minecraft:worldgen/structure_placement
[22:23:16] [Render thread/DEBUG] (FabricRegistrySync) Not saving registry: minecraft:loot_nbt_provider_type
[22:23:16] [Render thread/DEBUG] (FabricRegistrySync) Not saving registry: minecraft:menu
[22:23:16] [Render thread/DEBUG] (FabricRegistrySync) Not saving registry: minecraft:worldgen/trunk_placer_type
[22:23:16] [Render thread/DEBUG] (FabricRegistrySync) Not saving registry: minecraft:creative_mode_tab
[22:23:16] [Render thread/DEBUG] (FabricRegistrySync) Not saving registry: minecraft:worldgen/placement_modifier_type
[22:23:16] [Render thread/DEBUG] (FabricRegistrySync) Not saving registry: minecraft:worldgen/carver
[22:23:16] [Render thread/DEBUG] (FabricRegistrySync) Not saving registry: minecraft:loot_number_provider_type
[22:23:16] [Render thread/DEBUG] (FabricRegistrySync) Not saving registry: minecraft:worldgen/structure_piece
[22:23:16] [Render thread/DEBUG] (FabricRegistrySync) Not saving registry: minecraft:sound_event
[22:23:16] [Render thread/DEBUG] (FabricRegistrySync) Not saving registry: minecraft:particle_type
[22:23:16] [Render thread/DEBUG] (FabricRegistrySync) Not saving registry: minecraft:game_event
[22:23:16] [Render thread/DEBUG] (FabricRegistrySync) Not saving registry: minecraft:worldgen/biome_source
[22:23:16] [Render thread/DEBUG] (FabricRegistrySync) Not saving registry: minecraft:worldgen/root_placer_type
[22:23:16] [Render thread/DEBUG] (FabricRegistrySync) Not saving registry: minecraft:villager_type
[22:23:16] [Render thread/DEBUG] (FabricRegistrySync) Not saving registry: minecraft:painting_variant
[22:23:16] [Render thread/DEBUG] (FabricRegistrySync) Not saving registry: minecraft:block_predicate_type
[22:23:16] [Render thread/DEBUG] (FabricRegistrySync) Not saving registry: minecraft:block
[22:23:16] [Render thread/DEBUG] (FabricRegistrySync) Not saving registry: minecraft:sensor_type
[22:23:16] [Render thread/DEBUG] (FabricRegistrySync) Not saving registry: minecraft:rule_test
[22:23:16] [Render thread/DEBUG] (FabricRegistrySync) Not saving registry: minecraft:memory_module_type
[22:23:16] [Render thread/DEBUG] (FabricRegistrySync) Not saving empty registry data
[22:23:16] [Render thread/DEBUG] (FabricLoader/Mixin) Mixing KeyedResourceReloadListenerMixin from fabric-resource-loader-v0.mixins.json into net.minecraft.recipe.RecipeManager
[22:23:16] [Render thread/DEBUG] (FabricLoader/Mixin) fabric-resource-loader-v0.mixins.json:KeyedResourceReloadListenerMixin from mod fabric-resource-loader-v0: Class version 61 required is higher than the class version supported by the current version of Mixin (JAVA_16 supports class version 60)
[22:23:16] [Render thread/DEBUG] (FabricLoader/Mixin) Mixing JsonDataLoaderMixin from fabric-resource-conditions-api-v1.mixins.json into net.minecraft.resource.JsonDataLoader
[22:23:16] [Render thread/DEBUG] (FabricLoader/Mixin) fabric-resource-conditions-api-v1.mixins.json:JsonDataLoaderMixin from mod fabric-resource-conditions-api-v1: Class version 61 required is higher than the class version supported by the current version of Mixin (JAVA_16 supports class version 60)
[22:23:16] [Render thread/DEBUG] (FabricLoader/Mixin) Mixing LootPoolAccessor from fabric-loot-api-v2.mixins.json into net.minecraft.loot.LootPool
[22:23:16] [Render thread/DEBUG] (FabricLoader/Mixin) fabric-loot-api-v2.mixins.json:LootPoolAccessor from mod fabric-loot-api-v2: Class version 61 required is higher than the class version supported by the current version of Mixin (JAVA_8 supports class version 52)
[22:23:16] [Render thread/DEBUG] (FabricLoader/Mixin) Mixing LootPoolMixin from fabric-loot-tables-v1.mixins.json into net.minecraft.loot.LootPool
[22:23:16] [Render thread/DEBUG] (FabricLoader/Mixin) fabric-loot-tables-v1.mixins.json:LootPoolMixin from mod fabric-loot-tables-v1: Class version 61 required is higher than the class version supported by the current version of Mixin (JAVA_16 supports class version 60)
[22:23:16] [Render thread/DEBUG] (FabricLoader/Mixin) Mixing KeyedResourceReloadListenerMixin from fabric-resource-loader-v0.mixins.json into net.minecraft.server.ServerAdvancementLoader
[22:23:16] [Render thread/DEBUG] (FabricLoader/Mixin) fabric-resource-loader-v0.mixins.json:KeyedResourceReloadListenerMixin from mod fabric-resource-loader-v0: Class version 61 required is higher than the class version supported by the current version of Mixin (JAVA_16 supports class version 60)
[22:23:16] [Render thread/DEBUG] (FabricLoader/Mixin) Mixing KeyedResourceReloadListenerMixin from fabric-resource-loader-v0.mixins.json into net.minecraft.registry.tag.TagManagerLoader
[22:23:16] [Render thread/DEBUG] (FabricLoader/Mixin) fabric-resource-loader-v0.mixins.json:KeyedResourceReloadListenerMixin from mod fabric-resource-loader-v0: Class version 61 required is higher than the class version supported by the current version of Mixin (JAVA_16 supports class version 60)
[22:23:16] [Render thread/DEBUG] (FabricLoader/Mixin) Mixing TagManagerLoaderMixin from fabric-registry-sync-v0.mixins.json into net.minecraft.registry.tag.TagManagerLoader
[22:23:16] [Render thread/DEBUG] (FabricLoader/Mixin) fabric-registry-sync-v0.mixins.json:TagManagerLoaderMixin from mod fabric-registry-sync-v0: Class version 61 required is higher than the class version supported by the current version of Mixin (JAVA_16 supports class version 60)
[22:23:16] [Render thread/DEBUG] (FabricLoader/Mixin) Mixing TagManagerLoaderMixin from fabric-resource-conditions-api-v1.mixins.json into net.minecraft.registry.tag.TagManagerLoader
[22:23:16] [Render thread/DEBUG] (FabricLoader/Mixin) fabric-resource-conditions-api-v1.mixins.json:TagManagerLoaderMixin from mod fabric-resource-conditions-api-v1: Class version 61 required is higher than the class version supported by the current version of Mixin (JAVA_16 supports class version 60)
[22:23:16] [Render thread/DEBUG] (FabricLoader/Mixin) fabric-registry-sync-v0.mixins.json:TagManagerLoaderMixin from mod fabric-registry-sync-v0->@Inject::onGetPath(Lnet/minecraft/registry/RegistryKey;Lorg/spongepowered/asm/mixin/injection/callback/CallbackInfoReturnable;)V does use it's CallbackInfoReturnable
[22:23:16] [Render thread/DEBUG] (FabricLoader/Mixin) fabric-resource-conditions-api-v1.mixins.json:TagManagerLoaderMixin from mod fabric-resource-conditions-api-v1->@Inject::hookApply(Ljava/util/List;Ljava/lang/Void;Lorg/spongepowered/asm/mixin/injection/callback/CallbackInfo;)V doesn't use it's CallbackInfo
[22:23:16] [Render thread/DEBUG] (FabricLoader/Mixin) fabric-resource-conditions-api-v1.mixins.json:TagManagerLoaderMixin from mod fabric-resource-conditions-api-v1->@Inject::hookApply(Ljava/util/List;Ljava/lang/Void;Lorg/spongepowered/asm/mixin/injection/callback/CallbackInfo;)V has 0 override(s) in child classes
[22:23:16] [Render thread/DEBUG] (FabricLoader/Mixin) fabric-resource-conditions-api-v1.mixins.json:TagManagerLoaderMixin from mod fabric-resource-conditions-api-v1->@Inject::hookApply(Ljava/util/List;Ljava/lang/Void;Lorg/spongepowered/asm/mixin/injection/callback/CallbackInfo;)V won't be passed a CallbackInfo as a result
[22:23:16] [Render thread/DEBUG] (FabricLoader/Mixin) Mixing CommandManagerMixin from fabric-command-api-v2.mixins.json into net.minecraft.server.command.CommandManager
[22:23:16] [Render thread/DEBUG] (FabricLoader/Mixin) fabric-command-api-v2.mixins.json:CommandManagerMixin from mod fabric-command-api-v2: Class version 61 required is higher than the class version supported by the current version of Mixin (JAVA_16 supports class version 60)
[22:23:16] [Render thread/DEBUG] (FabricLoader/Mixin) Mixing CommandManagerMixin from fabric-gametest-api-v1.mixins.json into net.minecraft.server.command.CommandManager
[22:23:16] [Render thread/DEBUG] (FabricLoader/Mixin) fabric-gametest-api-v1.mixins.json:CommandManagerMixin from mod fabric-gametest-api-v1: Class version 61 required is higher than the class version supported by the current version of Mixin (JAVA_16 supports class version 60)
[22:23:16] [Render thread/DEBUG] (FabricLoader/Mixin) fabric-command-api-v2.mixins.json:CommandManagerMixin from mod fabric-command-api-v2->@Inject::fabric_addCommands(Lnet/minecraft/server/command/CommandManager$RegistrationEnvironment;Lnet/minecraft/command/CommandRegistryAccess;Lorg/spongepowered/asm/mixin/injection/callback/CallbackInfo;)V doesn't use it's CallbackInfo
[22:23:16] [Render thread/DEBUG] (FabricLoader/Mixin) fabric-command-api-v2.mixins.json:CommandManagerMixin from mod fabric-command-api-v2->@Inject::fabric_addCommands(Lnet/minecraft/server/command/CommandManager$RegistrationEnvironment;Lnet/minecraft/command/CommandRegistryAccess;Lorg/spongepowered/asm/mixin/injection/callback/CallbackInfo;)V has 0 override(s) in child classes
[22:23:16] [Render thread/DEBUG] (FabricLoader/Mixin) fabric-command-api-v2.mixins.json:CommandManagerMixin from mod fabric-command-api-v2->@Inject::fabric_addCommands(Lnet/minecraft/server/command/CommandManager$RegistrationEnvironment;Lnet/minecraft/command/CommandRegistryAccess;Lorg/spongepowered/asm/mixin/injection/callback/CallbackInfo;)V won't be passed a CallbackInfo as a result
[22:23:16] [Render thread/DEBUG] (FabricLoader/Mixin) fabric-gametest-api-v1.mixins.json:CommandManagerMixin from mod fabric-gametest-api-v1->@Inject::construct(Lnet/minecraft/server/command/CommandManager$RegistrationEnvironment;Lnet/minecraft/command/CommandRegistryAccess;Lorg/spongepowered/asm/mixin/injection/callback/CallbackInfo;)V doesn't use it's CallbackInfo
[22:23:16] [Render thread/DEBUG] (FabricLoader/Mixin) fabric-gametest-api-v1.mixins.json:CommandManagerMixin from mod fabric-gametest-api-v1->@Inject::construct(Lnet/minecraft/server/command/CommandManager$RegistrationEnvironment;Lnet/minecraft/command/CommandRegistryAccess;Lorg/spongepowered/asm/mixin/injection/callback/CallbackInfo;)V has 0 override(s) in child classes
[22:23:16] [Render thread/DEBUG] (FabricLoader/Mixin) fabric-gametest-api-v1.mixins.json:CommandManagerMixin from mod fabric-gametest-api-v1->@Inject::construct(Lnet/minecraft/server/command/CommandManager$RegistrationEnvironment;Lnet/minecraft/command/CommandRegistryAccess;Lorg/spongepowered/asm/mixin/injection/callback/CallbackInfo;)V won't be passed a CallbackInfo as a result
[22:23:16] [Render thread/DEBUG] (FabricLoader/Mixin) Mixing GameRuleCommandAccessor from fabric-game-rule-api-v1.mixins.json into net.minecraft.server.command.GameRuleCommand
[22:23:16] [Render thread/DEBUG] (FabricLoader/Mixin) fabric-game-rule-api-v1.mixins.json:GameRuleCommandAccessor from mod fabric-game-rule-api-v1: Class version 61 required is higher than the class version supported by the current version of Mixin (JAVA_16 supports class version 60)
[22:23:16] [Render thread/DEBUG] (FabricLoader/Mixin) Renaming @Invoker method invokeExecuteSet(Lcom/mojang/brigadier/context/CommandContext;Lnet/minecraft/world/GameRules$Key;)I to invokeExecuteSet$fabric-game-rule-api-v1_$md$84916f$0 in fabric-game-rule-api-v1.mixins.json:GameRuleCommandAccessor from mod fabric-game-rule-api-v1
[22:23:16] [Render thread/DEBUG] (FabricLoader/Mixin) Renaming @Invoker method invokeExecuteQuery(Lnet/minecraft/server/command/ServerCommandSource;Lnet/minecraft/world/GameRules$Key;)I to invokeExecuteQuery$fabric-game-rule-api-v1_$md$84916f$1 in fabric-game-rule-api-v1.mixins.json:GameRuleCommandAccessor from mod fabric-game-rule-api-v1
[22:23:16] [Render thread/DEBUG] (FabricLoader/Mixin) Mixing GameRuleCommandVisitorMixin from fabric-game-rule-api-v1.mixins.json into net.minecraft.server.command.GameRuleCommand$1
[22:23:16] [Render thread/DEBUG] (FabricLoader/Mixin) fabric-game-rule-api-v1.mixins.json:GameRuleCommandVisitorMixin from mod fabric-game-rule-api-v1: Class version 61 required is higher than the class version supported by the current version of Mixin (JAVA_16 supports class version 60)
[22:23:16] [Render thread/DEBUG] (FabricLoader/Mixin) fabric-game-rule-api-v1.mixins.json:GameRuleCommandVisitorMixin from mod fabric-game-rule-api-v1->@Inject::onRegisterCommand(Lnet/minecraft/world/GameRules$Key;Lnet/minecraft/world/GameRules$Type;Lorg/spongepowered/asm/mixin/injection/callback/CallbackInfo;)V does use it's CallbackInfo
[22:23:16] [Render thread/DEBUG] (FabricLoader/Mixin) Mixing HelpCommandAccessor from fabric-command-api-v2.mixins.json into net.minecraft.server.command.HelpCommand
[22:23:16] [Render thread/DEBUG] (FabricLoader/Mixin) fabric-command-api-v2.mixins.json:HelpCommandAccessor from mod fabric-command-api-v2: Class version 61 required is higher than the class version supported by the current version of Mixin (JAVA_16 supports class version 60)
[22:23:16] [Render thread/DEBUG] (FabricLoader/Mixin) Renaming @Accessor method getFailedException()Lcom/mojang/brigadier/exceptions/SimpleCommandExceptionType; to getFailedException$fabric-command-api-v2_$md$84916f$0 in fabric-command-api-v2.mixins.json:HelpCommandAccessor from mod fabric-command-api-v2
[22:23:16] [Render thread/DEBUG] (FabricLoader/Mixin) Mixing KeyedResourceReloadListenerMixin from fabric-resource-loader-v0.mixins.json into net.minecraft.server.function.FunctionLoader
[22:23:16] [Render thread/DEBUG] (FabricLoader/Mixin) fabric-resource-loader-v0.mixins.json:KeyedResourceReloadListenerMixin from mod fabric-resource-loader-v0: Class version 61 required is higher than the class version supported by the current version of Mixin (JAVA_16 supports class version 60)
[22:23:16] [Render thread/DEBUG] (FabricLoader/Mixin) Mixing TagGroupLoaderMixin from fabric-tag-api-v1.mixins.json into net.minecraft.registry.tag.TagGroupLoader
[22:23:16] [Render thread/DEBUG] (FabricLoader/Mixin) Renaming synthetic method lambda$addTagRemovalReferencesToDependencyTracker$1(Ljava/util/function/BiConsumer;Lnet/minecraft/util/Identifier;Ljava/util/List;)V to md84916f$fabric-tag-api-v1$lambda$addTagRemovalReferencesToDependencyTracker$1$0 in fabric-tag-api-v1.mixins.json:TagGroupLoaderMixin from mod fabric-tag-api-v1
[22:23:16] [Render thread/DEBUG] (FabricLoader/Mixin) Renaming synthetic method lambda$scopeIdAroundOrderByDependencies$0(Ljava/util/function/BiConsumer;Lnet/minecraft/util/Identifier;Lnet/minecraft/registry/tag/TagGroupLoader$TagDependencies;)V to md84916f$fabric-tag-api-v1$lambda$scopeIdAroundOrderByDependencies$0$1 in fabric-tag-api-v1.mixins.json:TagGroupLoaderMixin from mod fabric-tag-api-v1
[22:23:16] [Render thread/DEBUG] (FabricLoader/Mixin) fabric-tag-api-v1.mixins.json:TagGroupLoaderMixin from mod fabric-tag-api-v1->@Inject::loadRemoveEntries(Lnet/minecraft/resource/ResourceManager;Lorg/spongepowered/asm/mixin/injection/callback/CallbackInfoReturnable;)V doesn't use it's CallbackInfoReturnable
[22:23:16] [Render thread/DEBUG] (FabricLoader/Mixin) fabric-tag-api-v1.mixins.json:TagGroupLoaderMixin from mod fabric-tag-api-v1->@Inject::loadRemoveEntries(Lnet/minecraft/resource/ResourceManager;Lorg/spongepowered/asm/mixin/injection/callback/CallbackInfoReturnable;)V has 0 override(s) in child classes
[22:23:16] [Render thread/DEBUG] (FabricLoader/Mixin) fabric-tag-api-v1.mixins.json:TagGroupLoaderMixin from mod fabric-tag-api-v1->@Inject::loadRemoveEntries(Lnet/minecraft/resource/ResourceManager;Lorg/spongepowered/asm/mixin/injection/callback/CallbackInfoReturnable;)V won't be passed a CallbackInfoReturnable as a result
[22:23:16] [Render thread/DEBUG] (FabricLoader/Mixin) fabric-tag-api-v1.mixins.json:TagGroupLoaderMixin from mod fabric-tag-api-v1->@Inject::initCurrentValues(Lnet/minecraft/registry/tag/TagEntry$ValueGetter;Ljava/util/List;Lorg/spongepowered/asm/mixin/injection/callback/CallbackInfoReturnable;)V doesn't use it's CallbackInfoReturnable
[22:23:16] [Render thread/DEBUG] (FabricLoader/Mixin) fabric-tag-api-v1.mixins.json:TagGroupLoaderMixin from mod fabric-tag-api-v1->@Inject::initCurrentValues(Lnet/minecraft/registry/tag/TagEntry$ValueGetter;Ljava/util/List;Lorg/spongepowered/asm/mixin/injection/callback/CallbackInfoReturnable;)V has 0 override(s) in child classes
[22:23:16] [Render thread/DEBUG] (FabricLoader/Mixin) fabric-tag-api-v1.mixins.json:TagGroupLoaderMixin from mod fabric-tag-api-v1->@Inject::initCurrentValues(Lnet/minecraft/registry/tag/TagEntry$ValueGetter;Ljava/util/List;Lorg/spongepowered/asm/mixin/injection/callback/CallbackInfoReturnable;)V won't be passed a CallbackInfoReturnable as a result
[22:23:16] [Render thread/DEBUG] (FabricLoader/Mixin) fabric-tag-api-v1.mixins.json:TagGroupLoaderMixin from mod fabric-tag-api-v1->@Inject::replaceRightReturn(Lnet/minecraft/registry/tag/TagEntry$ValueGetter;Ljava/util/List;Lorg/spongepowered/asm/mixin/injection/callback/CallbackInfoReturnable;)V does use it's CallbackInfoReturnable
[22:23:16] [Render thread/DEBUG] (FabricLoader/Mixin) fabric-tag-api-v1.mixins.json:TagGroupLoaderMixin from mod fabric-tag-api-v1->@Inject::removeTagRemovalReferencesWhenFinished(Ljava/util/Map;Lorg/spongepowered/asm/mixin/injection/callback/CallbackInfoReturnable;)V doesn't use it's CallbackInfoReturnable
[22:23:16] [Render thread/DEBUG] (FabricLoader/Mixin) fabric-tag-api-v1.mixins.json:TagGroupLoaderMixin from mod fabric-tag-api-v1->@Inject::removeTagRemovalReferencesWhenFinished(Ljava/util/Map;Lorg/spongepowered/asm/mixin/injection/callback/CallbackInfoReturnable;)V has 0 override(s) in child classes
[22:23:16] [Render thread/DEBUG] (FabricLoader/Mixin) fabric-tag-api-v1.mixins.json:TagGroupLoaderMixin from mod fabric-tag-api-v1->@Inject::removeTagRemovalReferencesWhenFinished(Ljava/util/Map;Lorg/spongepowered/asm/mixin/injection/callback/CallbackInfoReturnable;)V won't be passed a CallbackInfoReturnable as a result
[22:23:16] [Worker-Main-13/DEBUG] (FabricLoader/Mixin) Mixing TagFileMixin from fabric-tag-api-v1.mixins.json into net.minecraft.registry.tag.TagFile
[22:23:16] [Worker-Main-13/DEBUG] (FabricLoader/Mixin) Mixing TagEntryAccessor from fabric-tag-api-v1.mixins.json into net.minecraft.registry.tag.TagEntry
[22:23:17] [Render thread/DEBUG] (FabricLoader/Mixin) Mixing ingredient.ShapelessRecipeMixin from fabric-recipe-api-v1.mixins.json into net.minecraft.recipe.ShapelessRecipe
[22:23:17] [Render thread/DEBUG] (FabricLoader/Mixin) fabric-recipe-api-v1.mixins.json:ingredient.ShapelessRecipeMixin from mod fabric-recipe-api-v1->@Inject::cacheRequiresTesting(Lnet/minecraft/util/Identifier;Ljava/lang/String;Lnet/minecraft/recipe/book/CraftingRecipeCategory;Lnet/minecraft/item/ItemStack;Lnet/minecraft/util/collection/DefaultedList;Lorg/spongepowered/asm/mixin/injection/callback/CallbackInfo;)V doesn't use it's CallbackInfo
[22:23:17] [Render thread/DEBUG] (FabricLoader/Mixin) fabric-recipe-api-v1.mixins.json:ingredient.ShapelessRecipeMixin from mod fabric-recipe-api-v1->@Inject::cacheRequiresTesting(Lnet/minecraft/util/Identifier;Ljava/lang/String;Lnet/minecraft/recipe/book/CraftingRecipeCategory;Lnet/minecraft/item/ItemStack;Lnet/minecraft/util/collection/DefaultedList;Lorg/spongepowered/asm/mixin/injection/callback/CallbackInfo;)V has 0 override(s) in child classes
[22:23:17] [Render thread/DEBUG] (FabricLoader/Mixin) fabric-recipe-api-v1.mixins.json:ingredient.ShapelessRecipeMixin from mod fabric-recipe-api-v1->@Inject::cacheRequiresTesting(Lnet/minecraft/util/Identifier;Ljava/lang/String;Lnet/minecraft/recipe/book/CraftingRecipeCategory;Lnet/minecraft/item/ItemStack;Lnet/minecraft/util/collection/DefaultedList;Lorg/spongepowered/asm/mixin/injection/callback/CallbackInfo;)V won't be passed a CallbackInfo as a result
[22:23:17] [Render thread/DEBUG] (FabricLoader/Mixin) fabric-recipe-api-v1.mixins.json:ingredient.ShapelessRecipeMixin from mod fabric-recipe-api-v1->@Inject::customIngredientMatch(Lnet/minecraft/inventory/RecipeInputInventory;Lnet/minecraft/world/World;Lorg/spongepowered/asm/mixin/injection/callback/CallbackInfoReturnable;)V does use it's CallbackInfoReturnable
[22:23:17] [Render thread/INFO] (net.minecraft.recipe.RecipeManager) Loaded 7 recipes
[22:23:17] [Render thread/DEBUG] (FabricLoader/Mixin) Mixing CriteriaAccessor from fabric-object-builder-v1.mixins.json into net.minecraft.advancement.criterion.Criteria
[22:23:17] [Render thread/DEBUG] (FabricLoader/Mixin) fabric-object-builder-v1.mixins.json:CriteriaAccessor from mod fabric-object-builder-api-v1: Class version 61 required is higher than the class version supported by the current version of Mixin (JAVA_16 supports class version 60)
[22:23:17] [Render thread/DEBUG] (FabricLoader/Mixin) Renaming @Invoker method callRegister(Lnet/minecraft/advancement/criterion/Criterion;)Lnet/minecraft/advancement/criterion/Criterion; to callRegister$fabric-object-builder-api-v1_$md$84916f$0 in fabric-object-builder-v1.mixins.json:CriteriaAccessor from mod fabric-object-builder-api-v1
[22:23:17] [Render thread/INFO] (net.minecraft.advancement.AdvancementManager) Loaded 1271 advancements
[22:23:17] [Render thread/DEBUG] (FabricRegistrySync) Starting registry save
[22:23:17] [Render thread/DEBUG] (FabricRegistrySync) Not saving registry: minecraft:command_argument_type
[22:23:17] [Render thread/DEBUG] (FabricRegistrySync) Not saving registry: minecraft:item
[22:23:17] [Render thread/DEBUG] (FabricRegistrySync) Not saving registry: minecraft:block_entity_type
[22:23:17] [Render thread/DEBUG] (FabricRegistrySync) Not saving registry: minecraft:custom_stat
[22:23:17] [Render thread/DEBUG] (FabricRegistrySync) Not saving registry: minecraft:worldgen/foliage_placer_type
[22:23:17] [Render thread/DEBUG] (FabricRegistrySync) Not saving registry: minecraft:stat_type
[22:23:17] [Render thread/DEBUG] (FabricRegistrySync) Not saving registry: minecraft:worldgen/material_rule
[22:23:17] [Render thread/DEBUG] (FabricRegistrySync) Not saving registry: minecraft:worldgen/structure_type
[22:23:17] [Render thread/DEBUG] (FabricRegistrySync) Not saving registry: minecraft:attribute
[22:23:17] [Render thread/DEBUG] (FabricRegistrySync) Not saving registry: minecraft:position_source_type
[22:23:17] [Render thread/DEBUG] (FabricRegistrySync) Not saving registry: minecraft:height_provider_type
[22:23:17] [Render thread/DEBUG] (FabricRegistrySync) Not saving registry: minecraft:rule_block_entity_modifier
[22:23:17] [Render thread/DEBUG] (FabricRegistrySync) Not saving registry: minecraft:worldgen/density_function_type
[22:23:17] [Render thread/DEBUG] (FabricRegistrySync) Not saving registry: minecraft:fluid
[22:23:17] [Render thread/DEBUG] (FabricRegistrySync) Not saving registry: minecraft:loot_condition_type
[22:23:17] [Render thread/DEBUG] (FabricRegistrySync) Not saving registry: minecraft:worldgen/structure_pool_element
[22:23:17] [Render thread/DEBUG] (FabricRegistrySync) Not saving registry: minecraft:activity
[22:23:17] [Render thread/DEBUG] (FabricRegistrySync) Not saving registry: minecraft:recipe_serializer
[22:23:17] [Render thread/DEBUG] (FabricRegistrySync) Not saving registry: minecraft:frog_variant
[22:23:17] [Render thread/DEBUG] (FabricRegistrySync) Not saving registry: minecraft:banner_pattern
[22:23:17] [Render thread/DEBUG] (FabricRegistrySync) Not saving registry: minecraft:instrument
[22:23:17] [Render thread/DEBUG] (FabricRegistrySync) Not saving registry: minecraft:decorated_pot_patterns
[22:23:17] [Render thread/DEBUG] (FabricRegistrySync) Not saving registry: minecraft:worldgen/feature_size_type
[22:23:17] [Render thread/DEBUG] (FabricRegistrySync) Not saving registry: minecraft:point_of_interest_type
[22:23:17] [Render thread/DEBUG] (FabricRegistrySync) Skipping un-modded registry: minecraft:mob_effect
[22:23:17] [Render thread/DEBUG] (FabricRegistrySync) Not saving registry: minecraft:loot_pool_entry_type
[22:23:17] [Render thread/DEBUG] (FabricRegistrySync) Not saving registry: minecraft:worldgen/block_state_provider_type
[22:23:17] [Render thread/DEBUG] (FabricRegistrySync) Not saving registry: minecraft:worldgen/chunk_generator
[22:23:17] [Render thread/DEBUG] (FabricRegistrySync) Not saving registry: minecraft:float_provider_type
[22:23:17] [Render thread/DEBUG] (FabricRegistrySync) Not saving registry: minecraft:chunk_status
[22:23:17] [Render thread/DEBUG] (FabricRegistrySync) Not saving registry: minecraft:enchantment
[22:23:17] [Render thread/DEBUG] (FabricRegistrySync) Not saving registry: minecraft:loot_function_type
[22:23:17] [Render thread/DEBUG] (FabricRegistrySync) Not saving registry: minecraft:worldgen/structure_processor
[22:23:17] [Render thread/DEBUG] (FabricRegistrySync) Not saving registry: minecraft:loot_score_provider_type
[22:23:17] [Render thread/DEBUG] (FabricRegistrySync) Not saving registry: minecraft:worldgen/tree_decorator_type
[22:23:17] [Render thread/DEBUG] (FabricRegistrySync) Not saving registry: minecraft:schedule
[22:23:17] [Render thread/DEBUG] (FabricRegistrySync) Not saving registry: minecraft:worldgen/material_condition
[22:23:17] [Render thread/DEBUG] (FabricRegistrySync) Not saving registry: minecraft:entity_type
[22:23:17] [Render thread/DEBUG] (FabricRegistrySync) Not saving registry: minecraft:villager_profession
[22:23:17] [Render thread/DEBUG] (FabricRegistrySync) Not saving registry: minecraft:potion
[22:23:17] [Render thread/DEBUG] (FabricRegistrySync) Not saving registry: minecraft:recipe_type
[22:23:17] [Render thread/DEBUG] (FabricRegistrySync) Not saving registry: minecraft:int_provider_type
[22:23:17] [Render thread/DEBUG] (FabricRegistrySync) Not saving registry: minecraft:worldgen/feature
[22:23:17] [Render thread/DEBUG] (FabricRegistrySync) Not saving registry: minecraft:cat_variant
[22:23:17] [Render thread/DEBUG] (FabricRegistrySync) Not saving registry: minecraft:pos_rule_test
[22:23:17] [Render thread/DEBUG] (FabricRegistrySync) Not saving registry: minecraft:worldgen/structure_placement
[22:23:17] [Render thread/DEBUG] (FabricRegistrySync) Not saving registry: minecraft:loot_nbt_provider_type
[22:23:17] [Render thread/DEBUG] (FabricRegistrySync) Not saving registry: minecraft:menu
[22:23:17] [Render thread/DEBUG] (FabricRegistrySync) Not saving registry: minecraft:worldgen/trunk_placer_type
[22:23:17] [Render thread/DEBUG] (FabricRegistrySync) Not saving registry: minecraft:creative_mode_tab
[22:23:17] [Render thread/DEBUG] (FabricRegistrySync) Not saving registry: minecraft:worldgen/placement_modifier_type
[22:23:17] [Render thread/DEBUG] (FabricRegistrySync) Not saving registry: minecraft:worldgen/carver
[22:23:17] [Render thread/DEBUG] (FabricRegistrySync) Not saving registry: minecraft:loot_number_provider_type
[22:23:17] [Render thread/DEBUG] (FabricRegistrySync) Not saving registry: minecraft:worldgen/structure_piece
[22:23:17] [Render thread/DEBUG] (FabricRegistrySync) Not saving registry: minecraft:sound_event
[22:23:17] [Render thread/DEBUG] (FabricRegistrySync) Not saving registry: minecraft:particle_type
[22:23:17] [Render thread/DEBUG] (FabricRegistrySync) Not saving registry: minecraft:game_event
[22:23:17] [Render thread/DEBUG] (FabricRegistrySync) Not saving registry: minecraft:worldgen/biome_source
[22:23:17] [Render thread/DEBUG] (FabricRegistrySync) Not saving registry: minecraft:worldgen/root_placer_type
[22:23:17] [Render thread/DEBUG] (FabricRegistrySync) Not saving registry: minecraft:villager_type
[22:23:17] [Render thread/DEBUG] (FabricRegistrySync) Not saving registry: minecraft:painting_variant
[22:23:17] [Render thread/DEBUG] (FabricRegistrySync) Not saving registry: minecraft:block_predicate_type
[22:23:17] [Render thread/DEBUG] (FabricRegistrySync) Not saving registry: minecraft:block
[22:23:17] [Render thread/DEBUG] (FabricRegistrySync) Not saving registry: minecraft:sensor_type
[22:23:17] [Render thread/DEBUG] (FabricRegistrySync) Not saving registry: minecraft:rule_test
[22:23:17] [Render thread/DEBUG] (FabricRegistrySync) Not saving registry: minecraft:memory_module_type
[22:23:17] [Render thread/DEBUG] (FabricRegistrySync) Not saving empty registry data
[22:23:17] [Render thread/DEBUG] (FabricLoader/Mixin) Mixing PlayerManagerMixin from fabric-lifecycle-events-v1.mixins.json into net.minecraft.server.PlayerManager
[22:23:17] [Render thread/DEBUG] (FabricLoader/Mixin) fabric-lifecycle-events-v1.mixins.json:PlayerManagerMixin from mod fabric-lifecycle-events-v1: Class version 61 required is higher than the class version supported by the current version of Mixin (JAVA_16 supports class version 60)
[22:23:17] [Render thread/DEBUG] (FabricLoader/Mixin) Mixing PlayerManagerMixin from fabric-entity-events-v1.mixins.json into net.minecraft.server.PlayerManager
[22:23:17] [Render thread/DEBUG] (FabricLoader/Mixin) fabric-entity-events-v1.mixins.json:PlayerManagerMixin from mod fabric-entity-events-v1: Class version 61 required is higher than the class version supported by the current version of Mixin (JAVA_16 supports class version 60)
[22:23:17] [Render thread/DEBUG] (FabricLoader/Mixin) Mixing PlayerManagerMixin from fabric-networking-api-v1.mixins.json into net.minecraft.server.PlayerManager
[22:23:17] [Render thread/DEBUG] (FabricLoader/Mixin) fabric-networking-api-v1.mixins.json:PlayerManagerMixin from mod fabric-networking-api-v1: Class version 61 required is higher than the class version supported by the current version of Mixin (JAVA_16 supports class version 60)
[22:23:17] [Render thread/DEBUG] (FabricLoader/Mixin) Mixing PlayerManagerMixin from fabric-message-api-v1.mixins.json into net.minecraft.server.PlayerManager
[22:23:17] [Render thread/DEBUG] (FabricLoader/Mixin) fabric-message-api-v1.mixins.json:PlayerManagerMixin from mod fabric-message-api-v1: Class version 61 required is higher than the class version supported by the current version of Mixin (JAVA_16 supports class version 60)
[22:23:17] [Render thread/DEBUG] (FabricLoader/Mixin) fabric-lifecycle-events-v1.mixins.json:PlayerManagerMixin from mod fabric-lifecycle-events-v1->@Inject::hookOnPlayerConnect(Lnet/minecraft/network/ClientConnection;Lnet/minecraft/server/network/ServerPlayerEntity;Lorg/spongepowered/asm/mixin/injection/callback/CallbackInfo;)V doesn't use it's CallbackInfo
[22:23:17] [Render thread/DEBUG] (FabricLoader/Mixin) fabric-lifecycle-events-v1.mixins.json:PlayerManagerMixin from mod fabric-lifecycle-events-v1->@Inject::hookOnPlayerConnect(Lnet/minecraft/network/ClientConnection;Lnet/minecraft/server/network/ServerPlayerEntity;Lorg/spongepowered/asm/mixin/injection/callback/CallbackInfo;)V has 0 override(s) in child classes
[22:23:17] [Render thread/DEBUG] (FabricLoader/Mixin) fabric-lifecycle-events-v1.mixins.json:PlayerManagerMixin from mod fabric-lifecycle-events-v1->@Inject::hookOnPlayerConnect(Lnet/minecraft/network/ClientConnection;Lnet/minecraft/server/network/ServerPlayerEntity;Lorg/spongepowered/asm/mixin/injection/callback/CallbackInfo;)V won't be passed a CallbackInfo as a result
[22:23:17] [Render thread/DEBUG] (FabricLoader/Mixin) fabric-lifecycle-events-v1.mixins.json:PlayerManagerMixin from mod fabric-lifecycle-events-v1->@Inject::hookOnDataPacksReloaded(Lorg/spongepowered/asm/mixin/injection/callback/CallbackInfo;)V doesn't use it's CallbackInfo
[22:23:17] [Render thread/DEBUG] (FabricLoader/Mixin) fabric-lifecycle-events-v1.mixins.json:PlayerManagerMixin from mod fabric-lifecycle-events-v1->@Inject::hookOnDataPacksReloaded(Lorg/spongepowered/asm/mixin/injection/callback/CallbackInfo;)V has 0 override(s) in child classes
[22:23:17] [Render thread/DEBUG] (FabricLoader/Mixin) fabric-lifecycle-events-v1.mixins.json:PlayerManagerMixin from mod fabric-lifecycle-events-v1->@Inject::hookOnDataPacksReloaded(Lorg/spongepowered/asm/mixin/injection/callback/CallbackInfo;)V won't be passed a CallbackInfo as a result
[22:23:17] [Render thread/DEBUG] (FabricLoader/Mixin) fabric-entity-events-v1.mixins.json:PlayerManagerMixin from mod fabric-entity-events-v1->@Inject::afterRespawn(Lnet/minecraft/server/network/ServerPlayerEntity;ZLorg/spongepowered/asm/mixin/injection/callback/CallbackInfoReturnable;)V does use it's CallbackInfoReturnable
[22:23:17] [Render thread/DEBUG] (FabricLoader/Mixin) fabric-networking-api-v1.mixins.json:PlayerManagerMixin from mod fabric-networking-api-v1->@Inject::handlePlayerConnection(Lnet/minecraft/network/ClientConnection;Lnet/minecraft/server/network/ServerPlayerEntity;Lorg/spongepowered/asm/mixin/injection/callback/CallbackInfo;)V doesn't use it's CallbackInfo
[22:23:17] [Render thread/DEBUG] (FabricLoader/Mixin) fabric-networking-api-v1.mixins.json:PlayerManagerMixin from mod fabric-networking-api-v1->@Inject::handlePlayerConnection(Lnet/minecraft/network/ClientConnection;Lnet/minecraft/server/network/ServerPlayerEntity;Lorg/spongepowered/asm/mixin/injection/callback/CallbackInfo;)V has 0 override(s) in child classes
[22:23:17] [Render thread/DEBUG] (FabricLoader/Mixin) fabric-networking-api-v1.mixins.json:PlayerManagerMixin from mod fabric-networking-api-v1->@Inject::handlePlayerConnection(Lnet/minecraft/network/ClientConnection;Lnet/minecraft/server/network/ServerPlayerEntity;Lorg/spongepowered/asm/mixin/injection/callback/CallbackInfo;)V won't be passed a CallbackInfo as a result
[22:23:17] [Render thread/DEBUG] (FabricLoader/Mixin) fabric-message-api-v1.mixins.json:PlayerManagerMixin from mod fabric-message-api-v1->@Inject::onSendChatMessage(Lnet/minecraft/network/message/SignedMessage;Lnet/minecraft/server/network/ServerPlayerEntity;Lnet/minecraft/network/message/MessageType$Parameters;Lorg/spongepowered/asm/mixin/injection/callback/CallbackInfo;)V does use it's CallbackInfo
[22:23:17] [Render thread/DEBUG] (FabricLoader/Mixin) fabric-message-api-v1.mixins.json:PlayerManagerMixin from mod fabric-message-api-v1->@Inject::onSendGameMessage(Lnet/minecraft/text/Text;Ljava/util/function/Function;ZLorg/spongepowered/asm/mixin/injection/callback/CallbackInfo;)V does use it's CallbackInfo
[22:23:17] [Render thread/DEBUG] (FabricLoader/Mixin) fabric-message-api-v1.mixins.json:PlayerManagerMixin from mod fabric-message-api-v1->@Inject::onSendCommandMessage(Lnet/minecraft/network/message/SignedMessage;Lnet/minecraft/server/command/ServerCommandSource;Lnet/minecraft/network/message/MessageType$Parameters;Lorg/spongepowered/asm/mixin/injection/callback/CallbackInfo;)V does use it's CallbackInfo
[22:23:17] [Render thread/INFO] (net.fabricmc.fabric.impl.biome.modification.BiomeModificationImpl) Applied 0 biome modifications to 0 of 64 new biomes in 1.957 ms
[22:23:17] [Render thread/DEBUG] (FabricLoader/Mixin) Mixing SerializableRegistriesMixin from fabric-registry-sync-v0.mixins.json into net.minecraft.registry.SerializableRegistries
[22:23:17] [Render thread/DEBUG] (FabricLoader/Mixin) fabric-registry-sync-v0.mixins.json:SerializableRegistriesMixin from mod fabric-registry-sync-v0: Class version 61 required is higher than the class version supported by the current version of Mixin (JAVA_16 supports class version 60)
[22:23:17] [Render thread/DEBUG] (FabricLoader/Mixin) Renaming synthetic method lambda$filterNonSyncedEntries$0(Lnet/minecraft/registry/DynamicRegistryManager$Entry;)Z to md84916f$fabric-registry-sync-v0$lambda$filterNonSyncedEntries$0$0 in fabric-registry-sync-v0.mixins.json:SerializableRegistriesMixin from mod fabric-registry-sync-v0
[22:23:17] [Server thread/INFO] (net.minecraft.server.integrated.IntegratedServer) Starting integrated minecraft server version 1.20.1
[22:23:17] [Server thread/INFO] (net.minecraft.server.MinecraftServer) Generating keypair
[22:23:17] [Render thread/DEBUG] (com.mojang.blaze3d.systems.RenderSystem) Growing IndexBuffer: Old limit 9360, new limit 26508.
[22:23:17] [Server thread/DEBUG] (FabricLoader/Mixin) Mixing IMixinWorldTickScheduler from mixins.litematica.json into net.minecraft.world.tick.WorldTickScheduler
[22:23:18] [Server thread/DEBUG] (FabricLoader/Mixin) Mixing ServerWorldServerEntityHandlerMixin from fabric-lifecycle-events-v1.mixins.json into net.minecraft.server.world.ServerWorld$ServerEntityHandler
[22:23:18] [Server thread/DEBUG] (FabricLoader/Mixin) fabric-lifecycle-events-v1.mixins.json:ServerWorldServerEntityHandlerMixin from mod fabric-lifecycle-events-v1: Class version 61 required is higher than the class version supported by the current version of Mixin (JAVA_16 supports class version 60)
[22:23:18] [Server thread/DEBUG] (FabricLoader/Mixin) fabric-lifecycle-events-v1.mixins.json:ServerWorldServerEntityHandlerMixin from mod fabric-lifecycle-events-v1->@Inject::invokeEntityLoadEvent(Lnet/minecraft/entity/Entity;Lorg/spongepowered/asm/mixin/injection/callback/CallbackInfo;)V doesn't use it's CallbackInfo
[22:23:18] [Server thread/DEBUG] (FabricLoader/Mixin) fabric-lifecycle-events-v1.mixins.json:ServerWorldServerEntityHandlerMixin from mod fabric-lifecycle-events-v1->@Inject::invokeEntityUnloadEvent(Lnet/minecraft/entity/Entity;Lorg/spongepowered/asm/mixin/injection/callback/CallbackInfo;)V doesn't use it's CallbackInfo
[22:23:18] [Server thread/DEBUG] (FabricLoader/Mixin) Mixing ThreadedAnvilChunkStorageMixin from fabric-lifecycle-events-v1.mixins.json into net.minecraft.server.world.ThreadedAnvilChunkStorage
[22:23:18] [Server thread/DEBUG] (FabricLoader/Mixin) fabric-lifecycle-events-v1.mixins.json:ThreadedAnvilChunkStorageMixin from mod fabric-lifecycle-events-v1: Class version 61 required is higher than the class version supported by the current version of Mixin (JAVA_16 supports class version 60)
[22:23:18] [Server thread/DEBUG] (FabricLoader/Mixin) Mixing accessor.ThreadedAnvilChunkStorageAccessor from fabric-networking-api-v1.mixins.json into net.minecraft.server.world.ThreadedAnvilChunkStorage
[22:23:18] [Server thread/DEBUG] (FabricLoader/Mixin) fabric-networking-api-v1.mixins.json:accessor.ThreadedAnvilChunkStorageAccessor from mod fabric-networking-api-v1: Class version 61 required is higher than the class version supported by the current version of Mixin (JAVA_16 supports class version 60)
[22:23:18] [Server thread/DEBUG] (FabricLoader/Mixin) fabric-lifecycle-events-v1.mixins.json:ThreadedAnvilChunkStorageMixin from mod fabric-lifecycle-events-v1->@Inject::onChunkUnload(Lnet/minecraft/server/world/ChunkHolder;Ljava/util/concurrent/CompletableFuture;JLnet/minecraft/world/chunk/Chunk;Lorg/spongepowered/asm/mixin/injection/callback/CallbackInfo;)V doesn't use it's CallbackInfo
[22:23:18] [Server thread/DEBUG] (FabricLoader/Mixin) fabric-lifecycle-events-v1.mixins.json:ThreadedAnvilChunkStorageMixin from mod fabric-lifecycle-events-v1->@Inject::onChunkUnload(Lnet/minecraft/server/world/ChunkHolder;Ljava/util/concurrent/CompletableFuture;JLnet/minecraft/world/chunk/Chunk;Lorg/spongepowered/asm/mixin/injection/callback/CallbackInfo;)V has 0 override(s) in child classes
[22:23:18] [Server thread/DEBUG] (FabricLoader/Mixin) fabric-lifecycle-events-v1.mixins.json:ThreadedAnvilChunkStorageMixin from mod fabric-lifecycle-events-v1->@Inject::onChunkUnload(Lnet/minecraft/server/world/ChunkHolder;Ljava/util/concurrent/CompletableFuture;JLnet/minecraft/world/chunk/Chunk;Lorg/spongepowered/asm/mixin/injection/callback/CallbackInfo;)V won't be passed a CallbackInfo as a result
[22:23:18] [Server thread/DEBUG] (FabricLoader/Mixin) fabric-lifecycle-events-v1.mixins.json:ThreadedAnvilChunkStorageMixin from mod fabric-lifecycle-events-v1->@Inject::onChunkLoad(Lnet/minecraft/server/world/ChunkHolder;Lnet/minecraft/world/chunk/Chunk;Lorg/spongepowered/asm/mixin/injection/callback/CallbackInfoReturnable;)V does use it's CallbackInfoReturnable
[22:23:18] [Server thread/DEBUG] (FabricLoader/Mixin) Mixing NoiseConfigMixin from fabric-biome-api-v1.mixins.json into net.minecraft.world.gen.noise.NoiseConfig
[22:23:18] [Server thread/DEBUG] (FabricLoader/Mixin) fabric-biome-api-v1.mixins.json:NoiseConfigMixin from mod fabric-biome-api-v1: Class version 61 required is higher than the class version supported by the current version of Mixin (JAVA_16 supports class version 60)
[22:23:18] [Server thread/DEBUG] (FabricLoader/Mixin) fabric-biome-api-v1.mixins.json:NoiseConfigMixin from mod fabric-biome-api-v1->@Inject::init(Lnet/minecraft/world/gen/chunk/ChunkGeneratorSettings;Lnet/minecraft/registry/RegistryEntryLookup;JLorg/spongepowered/asm/mixin/injection/callback/CallbackInfo;)V doesn't use it's CallbackInfo
[22:23:18] [Server thread/DEBUG] (FabricLoader/Mixin) Mixing MultiNoiseUtilMultiNoiseSamplerMixin from fabric-biome-api-v1.mixins.json into net.minecraft.world.biome.source.util.MultiNoiseUtil$MultiNoiseSampler
[22:23:18] [Server thread/DEBUG] (FabricLoader/Mixin) fabric-biome-api-v1.mixins.json:MultiNoiseUtilMultiNoiseSamplerMixin from mod fabric-biome-api-v1: Class version 61 required is higher than the class version supported by the current version of Mixin (JAVA_16 supports class version 60)
[22:23:18] [Server thread/INFO] (net.minecraft.server.MinecraftServer) Preparing start region for dimension minecraft:overworld
[22:23:19] [Server thread/DEBUG] (FabricLoader/Mixin) Mixing ChunkSerializerMixin from fabric-registry-sync-v0.mixins.json into net.minecraft.world.ChunkSerializer
[22:23:19] [Server thread/DEBUG] (FabricLoader/Mixin) fabric-registry-sync-v0.mixins.json:ChunkSerializerMixin from mod fabric-registry-sync-v0: Class version 61 required is higher than the class version supported by the current version of Mixin (JAVA_16 supports class version 60)
[22:23:19] [Server thread/DEBUG] (FabricLoader/Mixin) Mixing ChunkSerializerMixin from fabric-data-attachment-api-v1.mixins.json into net.minecraft.world.ChunkSerializer
[22:23:19] [Server thread/DEBUG] (FabricLoader/Mixin) fabric-data-attachment-api-v1.mixins.json:ChunkSerializerMixin from mod fabric-data-attachment-api-v1->@Inject::writeChunkAttachments(Lnet/minecraft/server/world/ServerWorld;Lnet/minecraft/world/chunk/Chunk;Lorg/spongepowered/asm/mixin/injection/callback/CallbackInfoReturnable;)V does use it's CallbackInfoReturnable
[22:23:19] [Server thread/DEBUG] (FabricLoader/Mixin) Mixing WrapperProtoChunkMixin from fabric-data-attachment-api-v1.mixins.json into net.minecraft.world.chunk.WrapperProtoChunk
[22:23:19] [Server thread/DEBUG] (FabricLoader/Mixin) Mixing MixinPalettedContainer from mixins.baritone.json into net.minecraft.world.chunk.PalettedContainer
[22:23:19] [Server thread/DEBUG] (FabricLoader/Mixin) Mixing MixinPalettedContainer$Data from mixins.baritone.json into net.minecraft.world.chunk.PalettedContainer$Data
[22:23:21] [Render thread/INFO] (net.minecraft.server.WorldGenerationProgressLogger) Preparing spawn area: 0%
[22:23:21] [Render thread/INFO] (net.minecraft.server.WorldGenerationProgressLogger) Preparing spawn area: 0%
[22:23:21] [Render thread/INFO] (net.minecraft.server.WorldGenerationProgressLogger) Preparing spawn area: 0%
[22:23:21] [Render thread/INFO] (net.minecraft.server.WorldGenerationProgressLogger) Preparing spawn area: 0%
[22:23:21] [Render thread/INFO] (net.minecraft.server.WorldGenerationProgressLogger) Preparing spawn area: 0%
[22:23:21] [Render thread/INFO] (net.minecraft.server.WorldGenerationProgressLogger) Preparing spawn area: 0%
[22:23:21] [Render thread/INFO] (net.minecraft.server.WorldGenerationProgressLogger) Preparing spawn area: 2%
[22:23:22] [Server thread/DEBUG] (FabricLoader/Mixin) Mixing LandPathNodeMakerMixin from fabric-content-registries-v0.mixins.json into net.minecraft.entity.ai.pathing.LandPathNodeMaker
[22:23:22] [Server thread/DEBUG] (FabricLoader/Mixin) fabric-content-registries-v0.mixins.json:LandPathNodeMakerMixin from mod fabric-content-registries-v0: Class version 61 required is higher than the class version supported by the current version of Mixin (JAVA_16 supports class version 60)
[22:23:22] [Server thread/DEBUG] (FabricLoader/Mixin) fabric-content-registries-v0.mixins.json:LandPathNodeMakerMixin from mod fabric-content-registries-v0->@Inject::getCommonNodeType(Lnet/minecraft/world/BlockView;Lnet/minecraft/util/math/BlockPos;Lorg/spongepowered/asm/mixin/injection/callback/CallbackInfoReturnable;Lnet/minecraft/block/BlockState;)V does use it's CallbackInfoReturnable
[22:23:22] [Server thread/DEBUG] (FabricLoader/Mixin) fabric-content-registries-v0.mixins.json:LandPathNodeMakerMixin from mod fabric-content-registries-v0->@Inject::getNodeTypeFromNeighbors(Lnet/minecraft/world/BlockView;Lnet/minecraft/util/math/BlockPos$Mutable;Lnet/minecraft/entity/ai/pathing/PathNodeType;Lorg/spongepowered/asm/mixin/injection/callback/CallbackInfoReturnable;IIIIIILnet/minecraft/block/BlockState;)V does use it's CallbackInfoReturnable
[22:23:22] [Render thread/INFO] (net.minecraft.server.WorldGenerationProgressLogger) Preparing spawn area: 68%
[22:23:22] [Render thread/INFO] (net.minecraft.server.WorldGenerationProgressLogger) Time elapsed: 3694 ms
[22:23:22] [Server thread/DEBUG] (FabricLoader/Mixin) Mixing accessor.EntityTrackerAccessor from fabric-networking-api-v1.mixins.json into net.minecraft.server.world.ThreadedAnvilChunkStorage$EntityTracker
[22:23:22] [Server thread/DEBUG] (FabricLoader/Mixin) fabric-networking-api-v1.mixins.json:accessor.EntityTrackerAccessor from mod fabric-networking-api-v1: Class version 61 required is higher than the class version supported by the current version of Mixin (JAVA_16 supports class version 60)
[22:23:22] [Server thread/DEBUG] (FabricLoader/Mixin) Mixing EntityTrackerEntryMixin from fabric-networking-api-v1.mixins.json into net.minecraft.server.network.EntityTrackerEntry
[22:23:22] [Server thread/DEBUG] (FabricLoader/Mixin) fabric-networking-api-v1.mixins.json:EntityTrackerEntryMixin from mod fabric-networking-api-v1: Class version 61 required is higher than the class version supported by the current version of Mixin (JAVA_16 supports class version 60)
[22:23:22] [Server thread/DEBUG] (FabricLoader/Mixin) fabric-networking-api-v1.mixins.json:EntityTrackerEntryMixin from mod fabric-networking-api-v1->@Inject::onStartTracking(Lnet/minecraft/server/network/ServerPlayerEntity;Lorg/spongepowered/asm/mixin/injection/callback/CallbackInfo;)V doesn't use it's CallbackInfo
[22:23:22] [Server thread/DEBUG] (FabricLoader/Mixin) fabric-networking-api-v1.mixins.json:EntityTrackerEntryMixin from mod fabric-networking-api-v1->@Inject::onStartTracking(Lnet/minecraft/server/network/ServerPlayerEntity;Lorg/spongepowered/asm/mixin/injection/callback/CallbackInfo;)V has 0 override(s) in child classes
[22:23:22] [Server thread/DEBUG] (FabricLoader/Mixin) fabric-networking-api-v1.mixins.json:EntityTrackerEntryMixin from mod fabric-networking-api-v1->@Inject::onStartTracking(Lnet/minecraft/server/network/ServerPlayerEntity;Lorg/spongepowered/asm/mixin/injection/callback/CallbackInfo;)V won't be passed a CallbackInfo as a result
[22:23:22] [Server thread/DEBUG] (FabricLoader/Mixin) fabric-networking-api-v1.mixins.json:EntityTrackerEntryMixin from mod fabric-networking-api-v1->@Inject::onStopTracking(Lnet/minecraft/server/network/ServerPlayerEntity;Lorg/spongepowered/asm/mixin/injection/callback/CallbackInfo;)V doesn't use it's CallbackInfo
[22:23:22] [Server thread/DEBUG] (FabricLoader/Mixin) fabric-networking-api-v1.mixins.json:EntityTrackerEntryMixin from mod fabric-networking-api-v1->@Inject::onStopTracking(Lnet/minecraft/server/network/ServerPlayerEntity;Lorg/spongepowered/asm/mixin/injection/callback/CallbackInfo;)V has 0 override(s) in child classes
[22:23:22] [Server thread/DEBUG] (FabricLoader/Mixin) fabric-networking-api-v1.mixins.json:EntityTrackerEntryMixin from mod fabric-networking-api-v1->@Inject::onStopTracking(Lnet/minecraft/server/network/ServerPlayerEntity;Lorg/spongepowered/asm/mixin/injection/callback/CallbackInfo;)V won't be passed a CallbackInfo as a result
[22:23:22] [Server thread/INFO] (net.minecraft.server.integrated.IntegratedServer) Changing view distance to 12, from 10
[22:23:22] [Server thread/INFO] (net.minecraft.server.integrated.IntegratedServer) Changing simulation distance to 12, from 0
[22:23:22] [Render thread/DEBUG] (io.netty.channel.MultithreadEventLoopGroup) -Dio.netty.eventLoopThreads: 32
[22:23:22] [Render thread/DEBUG] (io.netty.util.internal.InternalThreadLocalMap) -Dio.netty.threadLocalMap.stringBuilder.initialSize: 1024
[22:23:22] [Render thread/DEBUG] (io.netty.util.internal.InternalThreadLocalMap) -Dio.netty.threadLocalMap.stringBuilder.maxSize: 4096
[22:23:22] [Render thread/DEBUG] (io.netty.util.internal.PlatformDependent0) -Dio.netty.noUnsafe: false
[22:23:22] [Render thread/DEBUG] (io.netty.util.internal.PlatformDependent0) Java version: 21
[22:23:22] [Render thread/DEBUG] (io.netty.util.internal.PlatformDependent0) sun.misc.Unsafe.theUnsafe: available
[22:23:22] [Render thread/DEBUG] (io.netty.util.internal.PlatformDependent0) sun.misc.Unsafe.copyMemory: available
[22:23:22] [Render thread/DEBUG] (io.netty.util.internal.PlatformDependent0) sun.misc.Unsafe.storeFence: available
[22:23:22] [Render thread/DEBUG] (io.netty.util.internal.PlatformDependent0) java.nio.Buffer.address: available
[22:23:22] [Render thread/DEBUG] (io.netty.util.internal.PlatformDependent0) direct buffer constructor: unavailable: java.nio.DirectByteBuffer.<init>(long,int)
[22:23:22] [Render thread/DEBUG] (io.netty.util.internal.PlatformDependent0) java.nio.Bits.unaligned: available, true
[22:23:22] [Render thread/DEBUG] (io.netty.util.internal.PlatformDependent0) jdk.internal.misc.Unsafe.allocateUninitializedArray(int): unavailable: class io.netty.util.internal.PlatformDependent0$7 cannot access class jdk.internal.misc.Unsafe (in module java.base) because module java.base does not export jdk.internal.misc to unnamed module @696da30b
[22:23:22] [Render thread/DEBUG] (io.netty.util.internal.PlatformDependent0) java.nio.DirectByteBuffer.<init>(long, int): unavailable
[22:23:22] [Render thread/DEBUG] (io.netty.util.internal.PlatformDependent) sun.misc.Unsafe: available
[22:23:22] [Render thread/DEBUG] (io.netty.util.internal.PlatformDependent) maxDirectMemory: 8568963072 bytes (maybe)
[22:23:22] [Render thread/DEBUG] (io.netty.util.internal.PlatformDependent) -Dio.netty.tmpdir: C:\Users\360mcv\AppData\Local\Temp (java.io.tmpdir)
[22:23:22] [Render thread/DEBUG] (io.netty.util.internal.PlatformDependent) -Dio.netty.bitMode: 64 (sun.arch.data.model)
[22:23:22] [Render thread/DEBUG] (io.netty.util.internal.PlatformDependent) Platform: Windows
[22:23:22] [Render thread/DEBUG] (io.netty.util.internal.PlatformDependent) -Dio.netty.maxDirectMemory: -1 bytes
[22:23:22] [Render thread/DEBUG] (io.netty.util.internal.PlatformDependent) -Dio.netty.uninitializedArrayAllocationThreshold: -1
[22:23:22] [Render thread/DEBUG] (io.netty.util.internal.CleanerJava9) java.nio.ByteBuffer.cleaner(): available
[22:23:22] [Render thread/DEBUG] (io.netty.util.internal.PlatformDependent) -Dio.netty.noPreferDirect: false
[22:23:22] [Render thread/DEBUG] (io.netty.channel.nio.NioEventLoop) -Dio.netty.noKeySetOptimization: false
[22:23:22] [Render thread/DEBUG] (io.netty.channel.nio.NioEventLoop) -Dio.netty.selectorAutoRebuildThreshold: 512
[22:23:22] [Render thread/DEBUG] (io.netty.util.internal.PlatformDependent) org.jctools-core.MpscChunkedArrayQueue: available
[22:23:23] [Render thread/DEBUG] (io.netty.channel.DefaultChannelId) -Dio.netty.processId: 32996 (auto-detected)
[22:23:23] [Render thread/DEBUG] (io.netty.util.NetUtil) -Djava.net.preferIPv4Stack: false
[22:23:23] [Render thread/DEBUG] (io.netty.util.NetUtil) -Djava.net.preferIPv6Addresses: false
[22:23:23] [Render thread/DEBUG] (io.netty.util.NetUtilInitializations) Loopback interface: loopback_0 (Software Loopback Interface 1, 0:0:0:0:0:0:0:1)
[22:23:23] [Render thread/DEBUG] (io.netty.util.NetUtil) Failed to get SOMAXCONN from sysctl and file \proc\sys\net\core\somaxconn. Default: 200
[22:23:23] [Render thread/DEBUG] (io.netty.channel.DefaultChannelId) -Dio.netty.machineId: 8c:c8:4b:ff:fe:2b:24:5d (auto-detected)
[22:23:23] [Render thread/DEBUG] (io.netty.buffer.PooledByteBufAllocator) -Dio.netty.allocator.numHeapArenas: 32
[22:23:23] [Render thread/DEBUG] (io.netty.buffer.PooledByteBufAllocator) -Dio.netty.allocator.numDirectArenas: 32
[22:23:23] [Render thread/DEBUG] (io.netty.buffer.PooledByteBufAllocator) -Dio.netty.allocator.pageSize: 8192
[22:23:23] [Render thread/DEBUG] (io.netty.buffer.PooledByteBufAllocator) -Dio.netty.allocator.maxOrder: 9
[22:23:23] [Render thread/DEBUG] (io.netty.buffer.PooledByteBufAllocator) -Dio.netty.allocator.chunkSize: 4194304
[22:23:23] [Render thread/DEBUG] (io.netty.buffer.PooledByteBufAllocator) -Dio.netty.allocator.smallCacheSize: 256
[22:23:23] [Render thread/DEBUG] (io.netty.buffer.PooledByteBufAllocator) -Dio.netty.allocator.normalCacheSize: 64
[22:23:23] [Render thread/DEBUG] (io.netty.buffer.PooledByteBufAllocator) -Dio.netty.allocator.maxCachedBufferCapacity: 32768
[22:23:23] [Render thread/DEBUG] (io.netty.buffer.PooledByteBufAllocator) -Dio.netty.allocator.cacheTrimInterval: 8192
[22:23:23] [Render thread/DEBUG] (io.netty.buffer.PooledByteBufAllocator) -Dio.netty.allocator.cacheTrimIntervalMillis: 0
[22:23:23] [Render thread/DEBUG] (io.netty.buffer.PooledByteBufAllocator) -Dio.netty.allocator.useCacheForAllThreads: false
[22:23:23] [Render thread/DEBUG] (io.netty.buffer.PooledByteBufAllocator) -Dio.netty.allocator.maxCachedByteBuffersPerChunk: 1023
[22:23:23] [Render thread/DEBUG] (io.netty.buffer.ByteBufUtil) -Dio.netty.allocator.type: pooled
[22:23:23] [Render thread/DEBUG] (io.netty.buffer.ByteBufUtil) -Dio.netty.threadLocalDirectBufferSize: 0
[22:23:23] [Render thread/DEBUG] (io.netty.buffer.ByteBufUtil) -Dio.netty.maxThreadLocalCharBufferSize: 16384
[22:23:23] [Netty Local Client IO #0/DEBUG] (FabricLoader/Mixin) Mixing BlockEntityUpdateS2CPacketMixin from fabric-data-attachment-api-v1.mixins.json into net.minecraft.network.packet.s2c.play.BlockEntityUpdateS2CPacket
[22:23:23] [Netty Local Client IO #0/DEBUG] (FabricLoader/Mixin) Renaming synthetic method lambda$stripPersistentAttachmentData$0(Ljava/util/function/Function;Lnet/minecraft/block/entity/BlockEntity;)Lnet/minecraft/nbt/NbtCompound; to md84916f$fabric-data-attachment-api-v1$lambda$stripPersistentAttachmentData$0$0 in fabric-data-attachment-api-v1.mixins.json:BlockEntityUpdateS2CPacketMixin from mod fabric-data-attachment-api-v1
[22:23:23] [Netty Local Client IO #0/DEBUG] (FabricLoader/Mixin) Mixing IMixinChunkDeltaUpdateS2CPacket from mixins.litematica.json into net.minecraft.network.packet.s2c.play.ChunkDeltaUpdateS2CPacket
[22:23:23] [Netty Local Client IO #0/DEBUG] (FabricLoader/Mixin) Mixing accessor.CustomPayloadC2SPacketAccessor from fabric-networking-api-v1.mixins.json into net.minecraft.network.packet.c2s.play.CustomPayloadC2SPacket
[22:23:23] [Netty Local Client IO #0/DEBUG] (FabricLoader/Mixin) fabric-networking-api-v1.mixins.json:accessor.CustomPayloadC2SPacketAccessor from mod fabric-networking-api-v1: Class version 61 required is higher than the class version supported by the current version of Mixin (JAVA_16 supports class version 60)
[22:23:23] [Netty Local Client IO #0/DEBUG] (FabricLoader/Mixin) Mixing accessor.LoginQueryResponseC2SPacketAccessor from fabric-networking-api-v1.mixins.json into net.minecraft.network.packet.c2s.login.LoginQueryResponseC2SPacket
[22:23:23] [Netty Local Client IO #0/DEBUG] (FabricLoader/Mixin) fabric-networking-api-v1.mixins.json:accessor.LoginQueryResponseC2SPacketAccessor from mod fabric-networking-api-v1: Class version 61 required is higher than the class version supported by the current version of Mixin (JAVA_16 supports class version 60)
[22:23:23] [Netty Local Client IO #0/DEBUG] (io.netty.util.Recycler) -Dio.netty.recycler.maxCapacityPerThread: 4096
[22:23:23] [Netty Local Client IO #0/DEBUG] (io.netty.util.Recycler) -Dio.netty.recycler.ratio: 8
[22:23:23] [Netty Local Client IO #0/DEBUG] (io.netty.util.Recycler) -Dio.netty.recycler.chunkSize: 32
[22:23:23] [Netty Local Client IO #0/DEBUG] (io.netty.util.Recycler) -Dio.netty.recycler.blocking: false
[22:23:24] [Server thread/DEBUG] (io.netty.buffer.AbstractByteBuf) -Dio.netty.buffer.checkAccessible: true
[22:23:24] [Server thread/DEBUG] (io.netty.buffer.AbstractByteBuf) -Dio.netty.buffer.checkBounds: true
[22:23:24] [Server thread/DEBUG] (io.netty.util.ResourceLeakDetectorFactory) Loaded default ResourceLeakDetector: io.netty.util.ResourceLeakDetector@3d0a6f15
[22:23:24] [Netty Local Client IO #0/DEBUG] (ClientLoginNetworkAddon for Client) Handling inbound login response with id 0 and channel with name fabric:custom_ingredient_sync
[22:23:24] [Netty Local Client IO #0/DEBUG] (ClientLoginNetworkAddon for Client) Handling inbound login response with id 1 and channel with name fabric-networking-api-v1:early_registration
[22:23:24] [Netty Server IO #1/DEBUG] (ServerLoginNetworkAddon for local:E:a7f9dd82) Handling inbound login query with id 0
[22:23:24] [Netty Local Client IO #0/DEBUG] (fabric-networking-api-v1) Received accepted channels from the server
[22:23:24] [Netty Local Client IO #0/DEBUG] (fabric-networking-api-v1) Sent accepted channels to the server
[22:23:24] [Netty Server IO #1/DEBUG] (ServerLoginNetworkAddon for local:E:a7f9dd82) Handling inbound login query with id 1
[22:23:24] [Netty Server IO #1/DEBUG] (fabric-networking-api-v1) Received accepted channels from the client for "com.mojang.authlib.GameProfile@13fd03bc[id=b7b382ee-0706-325d-ba6b-a28fc58baaf1,name=Player150,properties={},legacy=false] (local:E:a7f9dd82)"
[22:23:24] [Server thread/DEBUG] (fabric-networking-api-v1) Sent accepted channels to the client for "com.mojang.authlib.GameProfile@13fd03bc[id=b7b382ee-0706-325d-ba6b-a28fc58baaf1,name=Player150,properties={},legacy=false] (local:E:a7f9dd82)"
[22:23:24] [Netty Local Client IO #0/DEBUG] (FabricLoader/Mixin) Mixing ClientCommandSourceMixin from fabric-command-api-v2.client.mixins.json into net.minecraft.client.network.ClientCommandSource
[22:23:24] [Netty Local Client IO #0/DEBUG] (FabricLoader/Mixin) fabric-command-api-v2.client.mixins.json:ClientCommandSourceMixin from mod fabric-command-api-v2: Class version 61 required is higher than the class version supported by the current version of Mixin (JAVA_16 supports class version 60)
[22:23:24] [Server thread/DEBUG] (FabricLoader/Mixin) Mixing PlayerAdvancementTrackerMixin from fabric-events-interaction-v0.mixins.json into net.minecraft.advancement.PlayerAdvancementTracker
[22:23:24] [Server thread/DEBUG] (FabricLoader/Mixin) fabric-events-interaction-v0.mixins.json:PlayerAdvancementTrackerMixin from mod fabric-events-interaction-v0: Class version 61 required is higher than the class version supported by the current version of Mixin (JAVA_16 supports class version 60)
[22:23:24] [Server thread/DEBUG] (FabricLoader/Mixin) fabric-events-interaction-v0.mixins.json:PlayerAdvancementTrackerMixin from mod fabric-events-interaction-v0->@Inject::preventOwnerOverride(Lnet/minecraft/server/network/ServerPlayerEntity;Lorg/spongepowered/asm/mixin/injection/callback/CallbackInfo;)V does use it's CallbackInfo
[22:23:24] [Server thread/DEBUG] (FabricLoader/Mixin) fabric-events-interaction-v0.mixins.json:PlayerAdvancementTrackerMixin from mod fabric-events-interaction-v0->@Inject::preventGrantCriterion(Lnet/minecraft/advancement/Advancement;Ljava/lang/String;Lorg/spongepowered/asm/mixin/injection/callback/CallbackInfoReturnable;)V does use it's CallbackInfoReturnable
[22:23:24] [Server thread/INFO] (net.minecraft.server.PlayerManager) Player150[local:E:a7f9dd82] logged in with entity id 126 at (11.80161772994148, 95.0, -10.105986215684005)
[22:23:24] [Netty Local Client IO #0/DEBUG] (ClientPlayNetworkAddon for Player150) Handling inbound packet from channel with name "minecraft:brand"
[22:23:24] [Render thread/DEBUG] (FabricLoader/Mixin) Mixing MixinPlayerController from mixins.baritone.json into net.minecraft.client.network.ClientPlayerInteractionManager
[22:23:24] [Render thread/DEBUG] (FabricLoader/Mixin) Mixing ClientPlayerInteractionManagerMixin from fabric-events-interaction-v0.client.mixins.json into net.minecraft.client.network.ClientPlayerInteractionManager
[22:23:24] [Render thread/DEBUG] (FabricLoader/Mixin) fabric-events-interaction-v0.client.mixins.json:ClientPlayerInteractionManagerMixin from mod fabric-events-interaction-v0: Class version 61 required is higher than the class version supported by the current version of Mixin (JAVA_16 supports class version 60)
[22:23:24] [Render thread/DEBUG] (FabricLoader/Mixin) Renaming synthetic method lambda$interactItem$2(Lnet/minecraft/util/Hand;I)Lnet/minecraft/network/packet/Packet; to md84916f$fabric-events-interaction-v0$lambda$interactItem$2$0 in fabric-events-interaction-v0.client.mixins.json:ClientPlayerInteractionManagerMixin from mod fabric-events-interaction-v0
[22:23:24] [Render thread/DEBUG] (FabricLoader/Mixin) Renaming synthetic method lambda$interactBlock$1(Lnet/minecraft/util/Hand;Lnet/minecraft/util/hit/BlockHitResult;I)Lnet/minecraft/network/packet/Packet; to md84916f$fabric-events-interaction-v0$lambda$interactBlock$1$1 in fabric-events-interaction-v0.client.mixins.json:ClientPlayerInteractionManagerMixin from mod fabric-events-interaction-v0
[22:23:24] [Render thread/DEBUG] (FabricLoader/Mixin) Renaming synthetic method lambda$fabric_fireAttackBlockCallback$0(Lnet/minecraft/util/math/BlockPos;Lnet/minecraft/util/math/Direction;I)Lnet/minecraft/network/packet/Packet; to md84916f$fabric-events-interaction-v0$lambda$fabric_fireAttackBlockCallback$0$2 in fabric-events-interaction-v0.client.mixins.json:ClientPlayerInteractionManagerMixin from mod fabric-events-interaction-v0
[22:23:24] [Render thread/DEBUG] (FabricLoader/Mixin) Mixing ClientPlayerInteractionManagerMixin from fabric-item-api-v1.client.mixins.json into net.minecraft.client.network.ClientPlayerInteractionManager
[22:23:24] [Render thread/DEBUG] (FabricLoader/Mixin) fabric-item-api-v1.client.mixins.json:ClientPlayerInteractionManagerMixin from mod fabric-item-api-v1: Class version 61 required is higher than the class version supported by the current version of Mixin (JAVA_16 supports class version 60)
[22:23:24] [Render thread/DEBUG] (FabricLoader/Mixin) fabric-events-interaction-v0.client.mixins.json:ClientPlayerInteractionManagerMixin from mod fabric-events-interaction-v0->@Inject::attackBlock(Lnet/minecraft/util/math/BlockPos;Lnet/minecraft/util/math/Direction;Lorg/spongepowered/asm/mixin/injection/callback/CallbackInfoReturnable;)V does use it's CallbackInfoReturnable
[22:23:24] [Render thread/DEBUG] (FabricLoader/Mixin) fabric-events-interaction-v0.client.mixins.json:ClientPlayerInteractionManagerMixin from mod fabric-events-interaction-v0->@Inject::method_2902(Lnet/minecraft/util/math/BlockPos;Lnet/minecraft/util/math/Direction;Lorg/spongepowered/asm/mixin/injection/callback/CallbackInfoReturnable;)V does use it's CallbackInfoReturnable
[22:23:24] [Render thread/DEBUG] (FabricLoader/Mixin) fabric-events-interaction-v0.client.mixins.json:ClientPlayerInteractionManagerMixin from mod fabric-events-interaction-v0->@Inject::interactBlock(Lnet/minecraft/client/network/ClientPlayerEntity;Lnet/minecraft/util/Hand;Lnet/minecraft/util/hit/BlockHitResult;Lorg/spongepowered/asm/mixin/injection/callback/CallbackInfoReturnable;)V does use it's CallbackInfoReturnable
[22:23:24] [Render thread/DEBUG] (FabricLoader/Mixin) fabric-events-interaction-v0.client.mixins.json:ClientPlayerInteractionManagerMixin from mod fabric-events-interaction-v0->@Inject::interactItem(Lnet/minecraft/entity/player/PlayerEntity;Lnet/minecraft/util/Hand;Lorg/spongepowered/asm/mixin/injection/callback/CallbackInfoReturnable;)V does use it's CallbackInfoReturnable
[22:23:24] [Render thread/DEBUG] (FabricLoader/Mixin) fabric-events-interaction-v0.client.mixins.json:ClientPlayerInteractionManagerMixin from mod fabric-events-interaction-v0->@Inject::attackEntity(Lnet/minecraft/entity/player/PlayerEntity;Lnet/minecraft/entity/Entity;Lorg/spongepowered/asm/mixin/injection/callback/CallbackInfo;)V does use it's CallbackInfo
[22:23:24] [Render thread/DEBUG] (FabricLoader/Mixin) Mixing ClientChunkManagerMixin from fabric-lifecycle-events-v1.client.mixins.json into net.minecraft.client.world.ClientChunkManager
[22:23:24] [Render thread/DEBUG] (FabricLoader/Mixin) fabric-lifecycle-events-v1.client.mixins.json:ClientChunkManagerMixin from mod fabric-lifecycle-events-v1: Class version 61 required is higher than the class version supported by the current version of Mixin (JAVA_16 supports class version 60)
[22:23:24] [Render thread/DEBUG] (FabricLoader/Mixin) Mixing MixinClientChunkProvider from mixins.baritone.json into net.minecraft.client.world.ClientChunkManager
[22:23:24] [Render thread/DEBUG] (FabricLoader/Mixin) fabric-lifecycle-events-v1.client.mixins.json:ClientChunkManagerMixin from mod fabric-lifecycle-events-v1->@Inject::onChunkLoad(IILnet/minecraft/network/PacketByteBuf;Lnet/minecraft/nbt/NbtCompound;Ljava/util/function/Consumer;Lorg/spongepowered/asm/mixin/injection/callback/CallbackInfoReturnable;)V does use it's CallbackInfoReturnable
[22:23:24] [Render thread/DEBUG] (FabricLoader/Mixin) fabric-lifecycle-events-v1.client.mixins.json:ClientChunkManagerMixin from mod fabric-lifecycle-events-v1->@Inject::onChunkUnload(IILnet/minecraft/network/PacketByteBuf;Lnet/minecraft/nbt/NbtCompound;Ljava/util/function/Consumer;Lorg/spongepowered/asm/mixin/injection/callback/CallbackInfoReturnable;ILnet/minecraft/world/chunk/WorldChunk;Lnet/minecraft/util/math/ChunkPos;)V doesn't use it's CallbackInfoReturnable
[22:23:24] [Render thread/DEBUG] (FabricLoader/Mixin) fabric-lifecycle-events-v1.client.mixins.json:ClientChunkManagerMixin from mod fabric-lifecycle-events-v1->@Inject::onChunkUnload(IILnet/minecraft/network/PacketByteBuf;Lnet/minecraft/nbt/NbtCompound;Ljava/util/function/Consumer;Lorg/spongepowered/asm/mixin/injection/callback/CallbackInfoReturnable;ILnet/minecraft/world/chunk/WorldChunk;Lnet/minecraft/util/math/ChunkPos;)V has 0 override(s) in child classes
[22:23:24] [Render thread/DEBUG] (FabricLoader/Mixin) fabric-lifecycle-events-v1.client.mixins.json:ClientChunkManagerMixin from mod fabric-lifecycle-events-v1->@Inject::onChunkUnload(IILnet/minecraft/network/PacketByteBuf;Lnet/minecraft/nbt/NbtCompound;Ljava/util/function/Consumer;Lorg/spongepowered/asm/mixin/injection/callback/CallbackInfoReturnable;ILnet/minecraft/world/chunk/WorldChunk;Lnet/minecraft/util/math/ChunkPos;)V won't be passed a CallbackInfoReturnable as a result
[22:23:24] [Render thread/DEBUG] (FabricLoader/Mixin) fabric-lifecycle-events-v1.client.mixins.json:ClientChunkManagerMixin from mod fabric-lifecycle-events-v1->@Inject::onChunkUnload(IILorg/spongepowered/asm/mixin/injection/callback/CallbackInfo;ILnet/minecraft/world/chunk/WorldChunk;)V doesn't use it's CallbackInfo
[22:23:24] [Render thread/DEBUG] (FabricLoader/Mixin) fabric-lifecycle-events-v1.client.mixins.json:ClientChunkManagerMixin from mod fabric-lifecycle-events-v1->@Inject::onChunkUnload(IILorg/spongepowered/asm/mixin/injection/callback/CallbackInfo;ILnet/minecraft/world/chunk/WorldChunk;)V has 0 override(s) in child classes
[22:23:24] [Render thread/DEBUG] (FabricLoader/Mixin) fabric-lifecycle-events-v1.client.mixins.json:ClientChunkManagerMixin from mod fabric-lifecycle-events-v1->@Inject::onChunkUnload(IILorg/spongepowered/asm/mixin/injection/callback/CallbackInfo;ILnet/minecraft/world/chunk/WorldChunk;)V won't be passed a CallbackInfo as a result
[22:23:24] [Render thread/DEBUG] (FabricLoader/Mixin) fabric-lifecycle-events-v1.client.mixins.json:ClientChunkManagerMixin from mod fabric-lifecycle-events-v1->@Inject::onUpdateLoadDistance(ILorg/spongepowered/asm/mixin/injection/callback/CallbackInfo;IILnet/minecraft/client/world/ClientChunkManager$ClientChunkMap;ILnet/minecraft/world/chunk/WorldChunk;Lnet/minecraft/util/math/ChunkPos;)V doesn't use it's CallbackInfo
[22:23:24] [Render thread/DEBUG] (FabricLoader/Mixin) fabric-lifecycle-events-v1.client.mixins.json:ClientChunkManagerMixin from mod fabric-lifecycle-events-v1->@Inject::onUpdateLoadDistance(ILorg/spongepowered/asm/mixin/injection/callback/CallbackInfo;IILnet/minecraft/client/world/ClientChunkManager$ClientChunkMap;ILnet/minecraft/world/chunk/WorldChunk;Lnet/minecraft/util/math/ChunkPos;)V has 0 override(s) in child classes
[22:23:24] [Render thread/DEBUG] (FabricLoader/Mixin) fabric-lifecycle-events-v1.client.mixins.json:ClientChunkManagerMixin from mod fabric-lifecycle-events-v1->@Inject::onUpdateLoadDistance(ILorg/spongepowered/asm/mixin/injection/callback/CallbackInfo;IILnet/minecraft/client/world/ClientChunkManager$ClientChunkMap;ILnet/minecraft/world/chunk/WorldChunk;Lnet/minecraft/util/math/ChunkPos;)V won't be passed a CallbackInfo as a result
[22:23:24] [Render thread/DEBUG] (FabricLoader/Mixin) Mixing ClientWorldClientEntityHandlerMixin from fabric-lifecycle-events-v1.client.mixins.json into net.minecraft.client.world.ClientWorld$ClientEntityHandler
[22:23:24] [Render thread/DEBUG] (FabricLoader/Mixin) fabric-lifecycle-events-v1.client.mixins.json:ClientWorldClientEntityHandlerMixin from mod fabric-lifecycle-events-v1: Class version 61 required is higher than the class version supported by the current version of Mixin (JAVA_16 supports class version 60)
[22:23:24] [Render thread/DEBUG] (FabricLoader/Mixin) fabric-lifecycle-events-v1.client.mixins.json:ClientWorldClientEntityHandlerMixin from mod fabric-lifecycle-events-v1->@Inject::invokeLoadEntity(Lnet/minecraft/entity/Entity;Lorg/spongepowered/asm/mixin/injection/callback/CallbackInfo;)V doesn't use it's CallbackInfo
[22:23:24] [Render thread/DEBUG] (FabricLoader/Mixin) fabric-lifecycle-events-v1.client.mixins.json:ClientWorldClientEntityHandlerMixin from mod fabric-lifecycle-events-v1->@Inject::invokeUnloadEntity(Lnet/minecraft/entity/Entity;Lorg/spongepowered/asm/mixin/injection/callback/CallbackInfo;)V doesn't use it's CallbackInfo
[22:23:24] [Render thread/DEBUG] (FabricLoader/Mixin) Mixing MixinChunkArray from mixins.baritone.json into net.minecraft.client.world.ClientChunkManager$ClientChunkMap
[22:23:24] [Render thread/DEBUG] (FabricLoader/Mixin) Mixing DimensionEffectsAccessor from fabric-rendering-v1.mixins.json into net.minecraft.client.render.DimensionEffects
[22:23:24] [Render thread/DEBUG] (FabricLoader/Mixin) fabric-rendering-v1.mixins.json:DimensionEffectsAccessor from mod fabric-rendering-v1: Class version 61 required is higher than the class version supported by the current version of Mixin (JAVA_16 supports class version 60)
[22:23:24] [Render thread/DEBUG] (FabricLoader/Mixin) Renaming @Accessor method getIdentifierMap()Lit/unimi/dsi/fastutil/objects/Object2ObjectMap; to getIdentifierMap$fabric-rendering-v1_$md$84916f$0 in fabric-rendering-v1.mixins.json:DimensionEffectsAccessor from mod fabric-rendering-v1
[22:23:24] [Server thread/INFO] (net.minecraft.server.MinecraftServer) Player150 joined the game
[22:23:24] [Render thread/DEBUG] (FabricLoader/Mixin) Mixing RenderLayersMixin from fabric-blockrenderlayer-v1.mixins.json into net.minecraft.client.render.RenderLayers
[22:23:24] [Render thread/DEBUG] (FabricLoader/Mixin) fabric-blockrenderlayer-v1.mixins.json:RenderLayersMixin from mod fabric-blockrenderlayer-v1: Class version 61 required is higher than the class version supported by the current version of Mixin (JAVA_16 supports class version 60)
[22:23:24] [Render thread/DEBUG] (FabricLoader/Mixin) fabric-blockrenderlayer-v1.mixins.json:RenderLayersMixin from mod fabric-blockrenderlayer-v1->@Inject::onInitialize(Lorg/spongepowered/asm/mixin/injection/callback/CallbackInfo;)V doesn't use it's CallbackInfo
[22:23:24] [Render thread/DEBUG] (FabricLoader/Mixin) Mixing ChunkBuilderBuiltChunkRebuildTaskMixin from fabric-renderer-indigo.mixins.json into net.minecraft.client.render.chunk.ChunkBuilder$BuiltChunk$RebuildTask
[22:23:24] [Render thread/DEBUG] (FabricLoader/Mixin) fabric-renderer-indigo.mixins.json:ChunkBuilderBuiltChunkRebuildTaskMixin from mod fabric-renderer-indigo: Class version 61 required is higher than the class version supported by the current version of Mixin (JAVA_16 supports class version 60)
[22:23:24] [Render thread/DEBUG] (FabricLoader/Mixin) fabric-renderer-indigo.mixins.json:ChunkBuilderBuiltChunkRebuildTaskMixin from mod fabric-renderer-indigo->@Inject::hookChunkBuild(FFFLnet/minecraft/client/render/chunk/BlockBufferBuilderStorage;Lorg/spongepowered/asm/mixin/injection/callback/CallbackInfoReturnable;Lnet/minecraft/client/render/chunk/ChunkBuilder$BuiltChunk$RebuildTask$RenderData;ILnet/minecraft/util/math/BlockPos;Lnet/minecraft/util/math/BlockPos;Lnet/minecraft/client/render/chunk/ChunkOcclusionDataBuilder;Lnet/minecraft/client/render/chunk/ChunkRendererRegion;Lnet/minecraft/client/util/math/MatrixStack;Ljava/util/Set;Lnet/minecraft/util/math/random/Random;Lnet/minecraft/client/render/block/BlockRenderManager;)V doesn't use it's CallbackInfoReturnable
[22:23:24] [Render thread/DEBUG] (FabricLoader/Mixin) fabric-renderer-indigo.mixins.json:ChunkBuilderBuiltChunkRebuildTaskMixin from mod fabric-renderer-indigo->@Inject::hookChunkBuild(FFFLnet/minecraft/client/render/chunk/BlockBufferBuilderStorage;Lorg/spongepowered/asm/mixin/injection/callback/CallbackInfoReturnable;Lnet/minecraft/client/render/chunk/ChunkBuilder$BuiltChunk$RebuildTask$RenderData;ILnet/minecraft/util/math/BlockPos;Lnet/minecraft/util/math/BlockPos;Lnet/minecraft/client/render/chunk/ChunkOcclusionDataBuilder;Lnet/minecraft/client/render/chunk/ChunkRendererRegion;Lnet/minecraft/client/util/math/MatrixStack;Ljava/util/Set;Lnet/minecraft/util/math/random/Random;Lnet/minecraft/client/render/block/BlockRenderManager;)V has 0 override(s) in child classes
[22:23:24] [Render thread/DEBUG] (FabricLoader/Mixin) fabric-renderer-indigo.mixins.json:ChunkBuilderBuiltChunkRebuildTaskMixin from mod fabric-renderer-indigo->@Inject::hookChunkBuild(FFFLnet/minecraft/client/render/chunk/BlockBufferBuilderStorage;Lorg/spongepowered/asm/mixin/injection/callback/CallbackInfoReturnable;Lnet/minecraft/client/render/chunk/ChunkBuilder$BuiltChunk$RebuildTask$RenderData;ILnet/minecraft/util/math/BlockPos;Lnet/minecraft/util/math/BlockPos;Lnet/minecraft/client/render/chunk/ChunkOcclusionDataBuilder;Lnet/minecraft/client/render/chunk/ChunkRendererRegion;Lnet/minecraft/client/util/math/MatrixStack;Ljava/util/Set;Lnet/minecraft/util/math/random/Random;Lnet/minecraft/client/render/block/BlockRenderManager;)V won't be passed a CallbackInfoReturnable as a result
[22:23:24] [Render thread/DEBUG] (FabricLoader/Mixin) fabric-renderer-indigo.mixins.json:ChunkBuilderBuiltChunkRebuildTaskMixin from mod fabric-renderer-indigo->@Inject::hookRebuildChunkReturn(Lorg/spongepowered/asm/mixin/injection/callback/CallbackInfoReturnable;)V doesn't use it's CallbackInfoReturnable
[22:23:24] [Render thread/DEBUG] (FabricLoader/Mixin) fabric-renderer-indigo.mixins.json:ChunkBuilderBuiltChunkRebuildTaskMixin from mod fabric-renderer-indigo->@Inject::hookRebuildChunkReturn(Lorg/spongepowered/asm/mixin/injection/callback/CallbackInfoReturnable;)V has 0 override(s) in child classes
[22:23:24] [Render thread/DEBUG] (FabricLoader/Mixin) fabric-renderer-indigo.mixins.json:ChunkBuilderBuiltChunkRebuildTaskMixin from mod fabric-renderer-indigo->@Inject::hookRebuildChunkReturn(Lorg/spongepowered/asm/mixin/injection/callback/CallbackInfoReturnable;)V won't be passed a CallbackInfoReturnable as a result
[22:23:24] [Render thread/INFO] (net.minecraft.util.logging.LoggerPrintStream) [STDOUT]: Baritone world data dir: C:\Users\360mcv\Downloads\lazymaterialgathering-template-1.20.1\run\saves\New World\.\baritone\minecraft\overworld_384
[22:23:24] [Render thread/INFO] (net.minecraft.util.logging.LoggerPrintStream) [STDOUT]: Cached world directory: C:\Users\360mcv\Downloads\lazymaterialgathering-template-1.20.1\run\saves\New World\.\baritone\minecraft\overworld_384\cache
[22:23:24] [Render thread/INFO] (net.minecraft.util.logging.LoggerPrintStream) [STDOUT]: Would save waypoints to C:\Users\360mcv\Downloads\lazymaterialgathering-template-1.20.1\run\saves\New World\.\baritone\minecraft\overworld_384\waypoints
[22:23:24] [Render thread/DEBUG] (FabricLoader/Mixin) Mixing HangingSignEditScreenMixin from fabric-object-builder-v1.client.mixins.json into net.minecraft.client.gui.screen.ingame.HangingSignEditScreen
[22:23:24] [Render thread/DEBUG] (FabricLoader/Mixin) fabric-object-builder-v1.client.mixins.json:HangingSignEditScreenMixin from mod fabric-object-builder-api-v1: Class version 61 required is higher than the class version supported by the current version of Mixin (JAVA_16 supports class version 60)
[22:23:24] [Server thread/DEBUG] (FabricLoader/Mixin) Mixing MixinLootContext from mixins.baritone.json into net.minecraft.loot.context.LootContext$Builder
[22:23:24] [Render thread/DEBUG] (FabricLoader/Mixin) Mixing MixinAbstractSignEditScreen from mixins.litematica.json into net.minecraft.client.gui.screen.ingame.AbstractSignEditScreen
[22:23:24] [Render thread/DEBUG] (FabricLoader/Mixin) mixins.litematica.json:MixinAbstractSignEditScreen from mod litematica->@Inject::insertSignText(Lorg/spongepowered/asm/mixin/injection/callback/CallbackInfo;)V doesn't use it's CallbackInfo
[22:23:24] [Render thread/DEBUG] (FabricLoader/Mixin) mixins.litematica.json:MixinAbstractSignEditScreen from mod litematica->@Inject::insertSignText(Lorg/spongepowered/asm/mixin/injection/callback/CallbackInfo;)V has 0 override(s) in child classes
[22:23:24] [Render thread/DEBUG] (FabricLoader/Mixin) mixins.litematica.json:MixinAbstractSignEditScreen from mod litematica->@Inject::insertSignText(Lorg/spongepowered/asm/mixin/injection/callback/CallbackInfo;)V won't be passed a CallbackInfo as a result
[22:23:24] [Netty Server IO #1/DEBUG] (ServerPlayNetworkAddon for Player150) Handling inbound packet from channel with name "minecraft:brand"
[22:23:24] [Netty Server IO #1/DEBUG] (ServerPlayNetworkAddon for Player150) Handling inbound packet from channel with name "minecraft:register"
[22:23:24] [Render thread/INFO] (litematica) Using 3 total BufferBuilder caches
[22:23:24] [Render thread/WARN] (net.minecraft.nbt.NbtHelper) Unable to read property: east with value: false for blockstate: {Name:"minecraft:cobblestone_wall",Properties:{east:"false",north:"false",south:"false",up:"false",west:"false"}}
[22:23:24] [Render thread/WARN] (net.minecraft.nbt.NbtHelper) Unable to read property: south with value: false for blockstate: {Name:"minecraft:cobblestone_wall",Properties:{east:"false",north:"false",south:"false",up:"false",west:"false"}}
[22:23:24] [Render thread/WARN] (net.minecraft.nbt.NbtHelper) Unable to read property: north with value: false for blockstate: {Name:"minecraft:cobblestone_wall",Properties:{east:"false",north:"false",south:"false",up:"false",west:"false"}}
[22:23:24] [Render thread/WARN] (net.minecraft.nbt.NbtHelper) Unable to read property: west with value: false for blockstate: {Name:"minecraft:cobblestone_wall",Properties:{east:"false",north:"false",south:"false",up:"false",west:"false"}}
[22:23:24] [Render thread/WARN] (net.minecraft.nbt.NbtHelper) Unable to read property: east with value: false for blockstate: {Name:"minecraft:mossy_cobblestone_wall",Properties:{east:"false",north:"false",south:"false",up:"false",west:"false"}}
[22:23:24] [Render thread/WARN] (net.minecraft.nbt.NbtHelper) Unable to read property: south with value: false for blockstate: {Name:"minecraft:mossy_cobblestone_wall",Properties:{east:"false",north:"false",south:"false",up:"false",west:"false"}}
[22:23:24] [Render thread/WARN] (net.minecraft.nbt.NbtHelper) Unable to read property: north with value: false for blockstate: {Name:"minecraft:mossy_cobblestone_wall",Properties:{east:"false",north:"false",south:"false",up:"false",west:"false"}}
[22:23:24] [Render thread/WARN] (net.minecraft.nbt.NbtHelper) Unable to read property: west with value: false for blockstate: {Name:"minecraft:mossy_cobblestone_wall",Properties:{east:"false",north:"false",south:"false",up:"false",west:"false"}}
[22:23:24] [Render thread/DEBUG] (ClientPlayNetworkAddon for Player150) Handling inbound packet from channel with name "minecraft:brand"
[22:23:25] [pool-5-thread-1/INFO] (net.minecraft.util.logging.LoggerPrintStream) [STDOUT]: Loading region -1,-1 from disk C:\Users\360mcv\Downloads\lazymaterialgathering-template-1.20.1\run\saves\New World\.\baritone\minecraft\overworld_384\cache
[22:23:25] [Render thread/INFO] (net.minecraft.advancement.AdvancementManager) Loaded 2 advancements
[22:23:25] [pool-5-thread-1/INFO] (net.minecraft.util.logging.LoggerPrintStream) [STDOUT]: Loaded region successfully in 130ms
[22:23:25] [pool-5-thread-1/INFO] (net.minecraft.util.logging.LoggerPrintStream) [STDOUT]: Loading region -1,0 from disk C:\Users\360mcv\Downloads\lazymaterialgathering-template-1.20.1\run\saves\New World\.\baritone\minecraft\overworld_384\cache
[22:23:25] [Render thread/DEBUG] (FabricLoader/Mixin) Mixing ChunkRendererRegionBuilderMixin from fabric-block-view-api-v2.client.mixins.json into net.minecraft.client.render.chunk.ChunkRendererRegionBuilder
[22:23:25] [Render thread/DEBUG] (FabricLoader/Mixin) fabric-block-view-api-v2.client.mixins.json:ChunkRendererRegionBuilderMixin from mod fabric-block-view-api-v2->@Inject::createDataMap(Lnet/minecraft/world/World;Lnet/minecraft/util/math/BlockPos;Lnet/minecraft/util/math/BlockPos;ILorg/spongepowered/asm/mixin/injection/callback/CallbackInfoReturnable;IIII[[Lnet/minecraft/client/render/chunk/ChunkRendererRegionBuilder$ClientChunk;)V does use it's CallbackInfoReturnable
[22:23:25] [Render thread/DEBUG] (FabricLoader/Mixin) fabric-block-view-api-v2.client.mixins.json:ChunkRendererRegionBuilderMixin from mod fabric-block-view-api-v2->@Inject::createDataMap(Lnet/minecraft/world/World;Lnet/minecraft/util/math/BlockPos;Lnet/minecraft/util/math/BlockPos;ILorg/spongepowered/asm/mixin/injection/callback/CallbackInfoReturnable;IIII[[Lnet/minecraft/client/render/chunk/ChunkRendererRegionBuilder$ClientChunk;)V does use it's CallbackInfoReturnable
[22:23:25] [Render thread/DEBUG] (com.mojang.blaze3d.systems.RenderSystem) Growing IndexBuffer: Old limit 20, new limit 48.
[22:23:25] [pool-5-thread-1/INFO] (net.minecraft.util.logging.LoggerPrintStream) [STDOUT]: Loaded region successfully in 110ms
[22:23:25] [Worker-Main-1/DEBUG] (com.mojang.authlib.HttpAuthenticationService) Opening connection to https://sessionserver.mojang.com/session/minecraft/profile/b7b382ee0706325dba6ba28fc58baaf1?unsigned=true
[22:23:25] [Worker-Main-1/DEBUG] (com.mojang.authlib.HttpAuthenticationService) Reading data from https://sessionserver.mojang.com/session/minecraft/profile/b7b382ee0706325dba6ba28fc58baaf1?unsigned=true
[22:23:25] [Render thread/DEBUG] (FabricLoader/Mixin) Mixing ChunkRendererRegionMixin from fabric-block-view-api-v2.client.mixins.json into net.minecraft.client.render.chunk.ChunkRendererRegion
[22:23:25] [Render thread/DEBUG] (FabricLoader/Mixin) Mixing ChunkRendererRegionMixin from fabric-rendering-data-attachment-v1.client.mixins.json into net.minecraft.client.render.chunk.ChunkRendererRegion
[22:23:25] [Render thread/DEBUG] (FabricLoader/Mixin) Mixing ChunkRendererRegionMixin from fabric-renderer-indigo.mixins.json into net.minecraft.client.render.chunk.ChunkRendererRegion
[22:23:25] [Render thread/DEBUG] (FabricLoader/Mixin) fabric-renderer-indigo.mixins.json:ChunkRendererRegionMixin from mod fabric-renderer-indigo: Class version 61 required is higher than the class version supported by the current version of Mixin (JAVA_16 supports class version 60)
[22:23:25] [Worker-Main-1/DEBUG] (com.mojang.authlib.HttpAuthenticationService) Successful read, server response was 204
[22:23:25] [Worker-Main-1/DEBUG] (com.mojang.authlib.HttpAuthenticationService) Response: 
[22:23:25] [Worker-Main-1/DEBUG] (com.mojang.authlib.yggdrasil.YggdrasilMinecraftSessionService) Couldn't fetch profile properties for com.mojang.authlib.GameProfile@35bdade9[id=b7b382ee-0706-325d-ba6b-a28fc58baaf1,name=Player150,properties={},legacy=false] as the profile does not exist
[22:23:26] [Render thread/DEBUG] (FabricLoader/Mixin) Mixing AccessorGridWidget from mixins.modmenu.json into net.minecraft.client.gui.widget.GridWidget
[22:23:26] [Render thread/DEBUG] (FabricLoader/Mixin) mixins.modmenu.json:AccessorGridWidget from mod modmenu: Class version 61 required is higher than the class version supported by the current version of Mixin (JAVA_16 supports class version 60)
[22:23:26] [Server thread/INFO] (net.minecraft.server.integrated.IntegratedServer) Saving and pausing game...
[22:23:26] [Server thread/INFO] (net.minecraft.server.MinecraftServer) Saving chunks for level 'ServerLevel[New World]'/minecraft:overworld
[22:23:26] [Render thread/DEBUG] (FabricLoader/Mixin) Mixing ModelPredicateProviderRegistryAccessor from fabric-object-builder-v1.client.mixins.json into net.minecraft.client.item.ModelPredicateProviderRegistry
[22:23:26] [Render thread/DEBUG] (FabricLoader/Mixin) fabric-object-builder-v1.client.mixins.json:ModelPredicateProviderRegistryAccessor from mod fabric-object-builder-api-v1: Class version 61 required is higher than the class version supported by the current version of Mixin (JAVA_16 supports class version 60)
[22:23:26] [Render thread/DEBUG] (FabricLoader/Mixin) Renaming @Invoker method callRegister(Lnet/minecraft/util/Identifier;Lnet/minecraft/client/item/ClampedModelPredicateProvider;)Lnet/minecraft/client/item/ClampedModelPredicateProvider; to callRegister$fabric-object-builder-api-v1_$md$84916f$0 in fabric-object-builder-v1.client.mixins.json:ModelPredicateProviderRegistryAccessor from mod fabric-object-builder-api-v1
[22:23:26] [Render thread/DEBUG] (FabricLoader/Mixin) Mixing ModelPredicateProviderRegistrySpecificAccessor from fabric-object-builder-v1.client.mixins.json into net.minecraft.client.item.ModelPredicateProviderRegistry
[22:23:26] [Render thread/DEBUG] (FabricLoader/Mixin) fabric-object-builder-v1.client.mixins.json:ModelPredicateProviderRegistrySpecificAccessor from mod fabric-object-builder-api-v1: Class version 61 required is higher than the class version supported by the current version of Mixin (JAVA_16 supports class version 60)
[22:23:26] [Render thread/DEBUG] (FabricLoader/Mixin) Renaming @Invoker method callRegister(Lnet/minecraft/item/Item;Lnet/minecraft/util/Identifier;Lnet/minecraft/client/item/ClampedModelPredicateProvider;)V to callRegister$fabric-object-builder-api-v1_$md$84916f$1 in fabric-object-builder-v1.client.mixins.json:ModelPredicateProviderRegistrySpecificAccessor from mod fabric-object-builder-api-v1
[22:23:27] [Render thread/DEBUG] (com.mojang.blaze3d.systems.RenderSystem) Growing IndexBuffer: Old limit 26508, new limit 76404.
[22:23:27] [Server thread/INFO] (net.minecraft.server.MinecraftServer) Saving chunks for level 'ServerLevel[New World]'/minecraft:the_end
[22:23:27] [Server thread/INFO] (net.minecraft.server.MinecraftServer) Saving chunks for level 'ServerLevel[New World]'/minecraft:the_nether
[22:23:27] [Server thread/DEBUG] (FabricRegistrySync) Starting registry save
[22:23:27] [Server thread/DEBUG] (FabricRegistrySync) Not saving registry: minecraft:command_argument_type
[22:23:27] [Server thread/DEBUG] (FabricRegistrySync) Not saving registry: minecraft:item
[22:23:27] [Server thread/DEBUG] (FabricRegistrySync) Not saving registry: minecraft:block_entity_type
[22:23:27] [Server thread/DEBUG] (FabricRegistrySync) Not saving registry: minecraft:custom_stat
[22:23:27] [Server thread/DEBUG] (FabricRegistrySync) Not saving registry: minecraft:worldgen/foliage_placer_type
[22:23:27] [Server thread/DEBUG] (FabricRegistrySync) Not saving registry: minecraft:stat_type
[22:23:27] [Server thread/DEBUG] (FabricRegistrySync) Not saving registry: minecraft:worldgen/material_rule
[22:23:27] [Server thread/DEBUG] (FabricRegistrySync) Not saving registry: minecraft:worldgen/structure_type
[22:23:27] [Server thread/DEBUG] (FabricRegistrySync) Not saving registry: minecraft:attribute
[22:23:27] [Server thread/DEBUG] (FabricRegistrySync) Not saving registry: minecraft:position_source_type
[22:23:27] [Server thread/DEBUG] (FabricRegistrySync) Not saving registry: minecraft:height_provider_type
[22:23:27] [Server thread/DEBUG] (FabricRegistrySync) Not saving registry: minecraft:rule_block_entity_modifier
[22:23:27] [Server thread/DEBUG] (FabricRegistrySync) Not saving registry: minecraft:worldgen/density_function_type
[22:23:27] [Server thread/DEBUG] (FabricRegistrySync) Not saving registry: minecraft:fluid
[22:23:27] [Server thread/DEBUG] (FabricRegistrySync) Not saving registry: minecraft:loot_condition_type
[22:23:27] [Server thread/DEBUG] (FabricRegistrySync) Not saving registry: minecraft:worldgen/structure_pool_element
[22:23:27] [Server thread/DEBUG] (FabricRegistrySync) Not saving registry: minecraft:activity
[22:23:27] [Server thread/DEBUG] (FabricRegistrySync) Not saving registry: minecraft:recipe_serializer
[22:23:27] [Server thread/DEBUG] (FabricRegistrySync) Not saving registry: minecraft:frog_variant
[22:23:27] [Server thread/DEBUG] (FabricRegistrySync) Not saving registry: minecraft:banner_pattern
[22:23:27] [Server thread/DEBUG] (FabricRegistrySync) Not saving registry: minecraft:instrument
[22:23:27] [Server thread/DEBUG] (FabricRegistrySync) Not saving registry: minecraft:decorated_pot_patterns
[22:23:27] [Server thread/DEBUG] (FabricRegistrySync) Not saving registry: minecraft:worldgen/feature_size_type
[22:23:27] [Server thread/DEBUG] (FabricRegistrySync) Not saving registry: minecraft:point_of_interest_type
[22:23:27] [Server thread/DEBUG] (FabricRegistrySync) Skipping un-modded registry: minecraft:mob_effect
[22:23:27] [Server thread/DEBUG] (FabricRegistrySync) Not saving registry: minecraft:loot_pool_entry_type
[22:23:27] [Server thread/DEBUG] (FabricRegistrySync) Not saving registry: minecraft:worldgen/block_state_provider_type
[22:23:27] [Server thread/DEBUG] (FabricRegistrySync) Not saving registry: minecraft:worldgen/chunk_generator
[22:23:27] [Server thread/DEBUG] (FabricRegistrySync) Not saving registry: minecraft:float_provider_type
[22:23:27] [Server thread/DEBUG] (FabricRegistrySync) Not saving registry: minecraft:chunk_status
[22:23:27] [Server thread/DEBUG] (FabricRegistrySync) Not saving registry: minecraft:enchantment
[22:23:27] [Server thread/DEBUG] (FabricRegistrySync) Not saving registry: minecraft:loot_function_type
[22:23:27] [Server thread/DEBUG] (FabricRegistrySync) Not saving registry: minecraft:worldgen/structure_processor
[22:23:27] [Server thread/DEBUG] (FabricRegistrySync) Not saving registry: minecraft:loot_score_provider_type
[22:23:27] [Server thread/DEBUG] (FabricRegistrySync) Not saving registry: minecraft:worldgen/tree_decorator_type
[22:23:27] [Server thread/DEBUG] (FabricRegistrySync) Not saving registry: minecraft:schedule
[22:23:27] [Server thread/DEBUG] (FabricRegistrySync) Not saving registry: minecraft:worldgen/material_condition
[22:23:27] [Server thread/DEBUG] (FabricRegistrySync) Not saving registry: minecraft:entity_type
[22:23:27] [Server thread/DEBUG] (FabricRegistrySync) Not saving registry: minecraft:villager_profession
[22:23:27] [Server thread/DEBUG] (FabricRegistrySync) Not saving registry: minecraft:potion
[22:23:27] [Server thread/DEBUG] (FabricRegistrySync) Not saving registry: minecraft:recipe_type
[22:23:27] [Server thread/DEBUG] (FabricRegistrySync) Not saving registry: minecraft:int_provider_type
[22:23:27] [Server thread/DEBUG] (FabricRegistrySync) Not saving registry: minecraft:worldgen/feature
[22:23:27] [Server thread/DEBUG] (FabricRegistrySync) Not saving registry: minecraft:cat_variant
[22:23:27] [Server thread/DEBUG] (FabricRegistrySync) Not saving registry: minecraft:pos_rule_test
[22:23:27] [Server thread/DEBUG] (FabricRegistrySync) Not saving registry: minecraft:worldgen/structure_placement
[22:23:27] [Server thread/DEBUG] (FabricRegistrySync) Not saving registry: minecraft:loot_nbt_provider_type
[22:23:27] [Server thread/DEBUG] (FabricRegistrySync) Not saving registry: minecraft:menu
[22:23:27] [Server thread/DEBUG] (FabricRegistrySync) Not saving registry: minecraft:worldgen/trunk_placer_type
[22:23:27] [Server thread/DEBUG] (FabricRegistrySync) Not saving registry: minecraft:creative_mode_tab
[22:23:27] [Server thread/DEBUG] (FabricRegistrySync) Not saving registry: minecraft:worldgen/placement_modifier_type
[22:23:27] [Server thread/DEBUG] (FabricRegistrySync) Not saving registry: minecraft:worldgen/carver
[22:23:27] [Server thread/DEBUG] (FabricRegistrySync) Not saving registry: minecraft:loot_number_provider_type
[22:23:27] [Server thread/DEBUG] (FabricRegistrySync) Not saving registry: minecraft:worldgen/structure_piece
[22:23:27] [Server thread/DEBUG] (FabricRegistrySync) Not saving registry: minecraft:sound_event
[22:23:27] [Server thread/DEBUG] (FabricRegistrySync) Not saving registry: minecraft:particle_type
[22:23:27] [Server thread/DEBUG] (FabricRegistrySync) Not saving registry: minecraft:game_event
[22:23:27] [Server thread/DEBUG] (FabricRegistrySync) Not saving registry: minecraft:worldgen/biome_source
[22:23:27] [Server thread/DEBUG] (FabricRegistrySync) Not saving registry: minecraft:worldgen/root_placer_type
[22:23:27] [Server thread/DEBUG] (FabricRegistrySync) Not saving registry: minecraft:villager_type
[22:23:27] [Server thread/DEBUG] (FabricRegistrySync) Not saving registry: minecraft:painting_variant
[22:23:27] [Server thread/DEBUG] (FabricRegistrySync) Not saving registry: minecraft:block_predicate_type
[22:23:27] [Server thread/DEBUG] (FabricRegistrySync) Not saving registry: minecraft:block
[22:23:27] [Server thread/DEBUG] (FabricRegistrySync) Not saving registry: minecraft:sensor_type
[22:23:27] [Server thread/DEBUG] (FabricRegistrySync) Not saving registry: minecraft:rule_test
[22:23:27] [Server thread/DEBUG] (FabricRegistrySync) Not saving registry: minecraft:memory_module_type
[22:23:27] [Server thread/DEBUG] (FabricRegistrySync) Not saving empty registry data
[22:23:29] [pool-5-thread-1/INFO] (net.minecraft.util.logging.LoggerPrintStream) [STDOUT]: Loading region 0,-1 from disk C:\Users\360mcv\Downloads\lazymaterialgathering-template-1.20.1\run\saves\New World\.\baritone\minecraft\overworld_384\cache
[22:23:29] [pool-5-thread-1/INFO] (net.minecraft.util.logging.LoggerPrintStream) [STDOUT]: Loaded region successfully in 72ms
[22:23:29] [pool-5-thread-1/INFO] (net.minecraft.util.logging.LoggerPrintStream) [STDOUT]: Loading region 0,0 from disk C:\Users\360mcv\Downloads\lazymaterialgathering-template-1.20.1\run\saves\New World\.\baritone\minecraft\overworld_384\cache
[22:23:29] [pool-5-thread-1/INFO] (net.minecraft.util.logging.LoggerPrintStream) [STDOUT]: Loaded region successfully in 51ms
[22:23:54] [pool-5-thread-2/INFO] (net.minecraft.util.logging.LoggerPrintStream) [STDOUT]: Saving region -1,0 to disk C:\Users\360mcv\Downloads\lazymaterialgathering-template-1.20.1\run\saves\New World\.\baritone\minecraft\overworld_384\cache
[22:23:54] [ForkJoinPool.commonPool-worker-2/INFO] (net.minecraft.util.logging.LoggerPrintStream) [STDOUT]: Saving region 0,0 to disk C:\Users\360mcv\Downloads\lazymaterialgathering-template-1.20.1\run\saves\New World\.\baritone\minecraft\overworld_384\cache
[22:23:54] [ForkJoinPool.commonPool-worker-1/INFO] (net.minecraft.util.logging.LoggerPrintStream) [STDOUT]: Saving region 0,-1 to disk C:\Users\360mcv\Downloads\lazymaterialgathering-template-1.20.1\run\saves\New World\.\baritone\minecraft\overworld_384\cache
[22:23:54] [ForkJoinPool.commonPool-worker-3/INFO] (net.minecraft.util.logging.LoggerPrintStream) [STDOUT]: Saving region -1,-1 to disk C:\Users\360mcv\Downloads\lazymaterialgathering-template-1.20.1\run\saves\New World\.\baritone\minecraft\overworld_384\cache
[22:23:54] [ForkJoinPool.commonPool-worker-1/INFO] (net.minecraft.util.logging.LoggerPrintStream) [STDOUT]: Saved region successfully
[22:23:54] [ForkJoinPool.commonPool-worker-3/INFO] (net.minecraft.util.logging.LoggerPrintStream) [STDOUT]: Saved region successfully
[22:23:54] [pool-5-thread-2/INFO] (net.minecraft.util.logging.LoggerPrintStream) [STDOUT]: Saved region successfully
[22:23:54] [ForkJoinPool.commonPool-worker-2/INFO] (net.minecraft.util.logging.LoggerPrintStream) [STDOUT]: Saved region successfully
[22:23:54] [pool-5-thread-2/INFO] (net.minecraft.util.logging.LoggerPrintStream) [STDOUT]: World save took 152ms
[22:25:21] [Render thread/WARN] (net.minecraft.client.texture.TextureManager) Failed to load texture: lazymaterialgathering:textures/gui/gui_widgets.png
java.io.FileNotFoundException: lazymaterialgathering:textures/gui/gui_widgets.png
	at net.minecraft.resource.ResourceFactory.method_43043(ResourceFactory.java:21) ~[minecraft-merged-487d1d375f-1.20.1-net.fabricmc.yarn.1_20_1.1.20.1+build.10-v2.jar:?]
	at java.util.Optional.orElseThrow(Optional.java:403) ~[?:?]
	at net.minecraft.resource.ResourceFactory.getResourceOrThrow(ResourceFactory.java:21) ~[minecraft-merged-487d1d375f-1.20.1-net.fabricmc.yarn.1_20_1.1.20.1+build.10-v2.jar:?]
	at net.minecraft.client.texture.ResourceTexture$TextureData.load(ResourceTexture.java:83) ~[minecraft-merged-487d1d375f-1.20.1-net.fabricmc.yarn.1_20_1.1.20.1+build.10-v2.jar:?]
	at net.minecraft.client.texture.ResourceTexture.loadTextureData(ResourceTexture.java:58) ~[minecraft-merged-487d1d375f-1.20.1-net.fabricmc.yarn.1_20_1.1.20.1+build.10-v2.jar:?]
	at net.minecraft.client.texture.ResourceTexture.load(ResourceTexture.java:29) ~[minecraft-merged-487d1d375f-1.20.1-net.fabricmc.yarn.1_20_1.1.20.1+build.10-v2.jar:?]
	at net.minecraft.client.texture.TextureManager.loadTexture(TextureManager.java:97) ~[minecraft-merged-487d1d375f-1.20.1-net.fabricmc.yarn.1_20_1.1.20.1+build.10-v2.jar:?]
	at net.minecraft.client.texture.TextureManager.registerTexture(TextureManager.java:69) ~[minecraft-merged-487d1d375f-1.20.1-net.fabricmc.yarn.1_20_1.1.20.1+build.10-v2.jar:?]
	at net.minecraft.client.texture.TextureManager.getTexture(TextureManager.java:119) ~[minecraft-merged-487d1d375f-1.20.1-net.fabricmc.yarn.1_20_1.1.20.1+build.10-v2.jar:?]
	at com.mojang.blaze3d.systems.RenderSystem._setShaderTexture(RenderSystem.java:1232) ~[minecraft-merged-487d1d375f-1.20.1-net.fabricmc.yarn.1_20_1.1.20.1+build.10-v2.jar:?]
	at com.mojang.blaze3d.systems.RenderSystem.setShaderTexture(RenderSystem.java:1225) ~[minecraft-merged-487d1d375f-1.20.1-net.fabricmc.yarn.1_20_1.1.20.1+build.10-v2.jar:?]
	at fi.dy.masa.malilib.render.RenderUtils.bindTexture(RenderUtils.java:80) ~[malilib-fabric-1.20.1-ceaf4ab3-0.16.0.jar:?]
	at fi.dy.masa.malilib.gui.widgets.WidgetBase.bindTexture(WidgetBase.java:157) ~[malilib-fabric-1.20.1-ceaf4ab3-0.16.0.jar:?]
	at fi.dy.masa.malilib.gui.widgets.WidgetIcon.render(WidgetIcon.java:20) ~[malilib-fabric-1.20.1-ceaf4ab3-0.16.0.jar:?]
	at fi.dy.masa.malilib.gui.widgets.WidgetSearchBar.render(WidgetSearchBar.java:127) ~[malilib-fabric-1.20.1-ceaf4ab3-0.16.0.jar:?]
	at fi.dy.masa.malilib.gui.widgets.WidgetDirectoryNavigation.render(WidgetDirectoryNavigation.java:101) ~[malilib-fabric-1.20.1-ceaf4ab3-0.16.0.jar:?]
	at fi.dy.masa.malilib.gui.widgets.WidgetListBase.drawContents(WidgetListBase.java:395) ~[malilib-fabric-1.20.1-ceaf4ab3-0.16.0.jar:?]
	at fi.dy.masa.malilib.gui.widgets.WidgetFileBrowserBase.drawContents(WidgetFileBrowserBase.java:84) ~[malilib-fabric-1.20.1-ceaf4ab3-0.16.0.jar:?]
	at fi.dy.masa.malilib.gui.GuiListBase.drawContents(GuiListBase.java:178) ~[malilib-fabric-1.20.1-ceaf4ab3-0.16.0.jar:?]
	at fi.dy.masa.malilib.gui.GuiBase.render(GuiBase.java:172) ~[malilib-fabric-1.20.1-ceaf4ab3-0.16.0.jar:?]
	at net.minecraft.client.gui.screen.Screen.renderWithTooltip(Screen.java:110) ~[minecraft-merged-487d1d375f-1.20.1-net.fabricmc.yarn.1_20_1.1.20.1+build.10-v2.jar:?]
	at net.minecraft.client.render.GameRenderer.render(GameRenderer.java:945) ~[minecraft-merged-487d1d375f-1.20.1-net.fabricmc.yarn.1_20_1.1.20.1+build.10-v2.jar:?]
	at net.minecraft.client.MinecraftClient.render(MinecraftClient.java:1219) ~[minecraft-merged-487d1d375f-1.20.1-net.fabricmc.yarn.1_20_1.1.20.1+build.10-v2.jar:?]
	at net.minecraft.client.MinecraftClient.run(MinecraftClient.java:802) ~[minecraft-merged-487d1d375f-1.20.1-net.fabricmc.yarn.1_20_1.1.20.1+build.10-v2.jar:?]
	at net.minecraft.client.main.Main.main(Main.java:250) ~[minecraft-merged-487d1d375f-1.20.1-net.fabricmc.yarn.1_20_1.1.20.1+build.10-v2.jar:?]
	at net.fabricmc.loader.impl.game.minecraft.MinecraftGameProvider.launch(MinecraftGameProvider.java:517) ~[fabric-loader-0.19.5.jar:?]
	at net.fabricmc.loader.impl.launch.knot.Knot.launch(Knot.java:72) ~[fabric-loader-0.19.5.jar:?]
	at net.fabricmc.loader.impl.launch.knot.KnotClient.main(KnotClient.java:23) ~[fabric-loader-0.19.5.jar:?]
	at net.fabricmc.devlaunchinjector.Main.main(Main.java:86) ~[dev-launch-injector-0.2.1+build.8.jar:?]
[22:25:22] [Render thread/DEBUG] (net.sandrohc.schematic4j.SchematicFormat) Guessed LITEMATICA as the format
[22:25:22] [Render thread/INFO] (net.sandrohc.schematic4j.SchematicLoader) Found format: LITEMATICA
[22:25:22] [Render thread/DEBUG] (net.sandrohc.schematic4j.SchematicLoader) Found parser: LitematicaParser
[22:25:22] [Render thread/DEBUG] (net.sandrohc.schematic4j.parser.LitematicaParser) Parsing Litematica schematic
[22:25:22] [Render thread/INFO] (net.minecraft.util.logging.LoggerPrintStream) [STDOUT]: Successfully saved blocks.txt
[22:25:22] [Render thread/INFO] (net.minecraft.util.logging.LoggerPrintStream) [STDOUT]: Successfully saved blockentities.txt
[22:25:22] [Render thread/INFO] (net.minecraft.util.logging.LoggerPrintStream) [STDOUT]: Successfully saved entities.txt
[22:25:22] [Render thread/INFO] (net.minecraft.util.logging.LoggerPrintStream) [STDOUT]: Successfully saved attainability_report.txt
[22:25:22] [Render thread/INFO] (net.minecraft.util.logging.LoggerPrintStream) [STDOUT]: Successfully saved raw_materials.txt
[22:25:47] [Server thread/DEBUG] (io.netty.util.internal.ThreadLocalRandom) -Dio.netty.initialSeedUniquifier: 0x61d7d05d898daf07
[22:25:59] [Server thread/INFO] (net.minecraft.server.integrated.IntegratedServer) Saving and pausing game...
[22:25:59] [Server thread/INFO] (net.minecraft.server.MinecraftServer) Saving chunks for level 'ServerLevel[New World]'/minecraft:overworld
[22:25:59] [Server thread/INFO] (net.minecraft.server.MinecraftServer) Saving chunks for level 'ServerLevel[New World]'/minecraft:the_end
[22:25:59] [Server thread/INFO] (net.minecraft.server.MinecraftServer) Saving chunks for level 'ServerLevel[New World]'/minecraft:the_nether
[22:25:59] [Server thread/DEBUG] (FabricRegistrySync) Starting registry save
[22:25:59] [Server thread/DEBUG] (FabricRegistrySync) Not saving registry: minecraft:command_argument_type
[22:25:59] [Server thread/DEBUG] (FabricRegistrySync) Not saving registry: minecraft:item
[22:25:59] [Server thread/DEBUG] (FabricRegistrySync) Not saving registry: minecraft:block_entity_type
[22:25:59] [Server thread/DEBUG] (FabricRegistrySync) Not saving registry: minecraft:custom_stat
[22:25:59] [Server thread/DEBUG] (FabricRegistrySync) Not saving registry: minecraft:worldgen/foliage_placer_type
[22:25:59] [Server thread/DEBUG] (FabricRegistrySync) Not saving registry: minecraft:stat_type
[22:25:59] [Server thread/DEBUG] (FabricRegistrySync) Not saving registry: minecraft:worldgen/material_rule
[22:25:59] [Server thread/DEBUG] (FabricRegistrySync) Not saving registry: minecraft:worldgen/structure_type
[22:25:59] [Server thread/DEBUG] (FabricRegistrySync) Not saving registry: minecraft:attribute
[22:25:59] [Server thread/DEBUG] (FabricRegistrySync) Not saving registry: minecraft:position_source_type
[22:25:59] [Server thread/DEBUG] (FabricRegistrySync) Not saving registry: minecraft:height_provider_type
[22:25:59] [Server thread/DEBUG] (FabricRegistrySync) Not saving registry: minecraft:rule_block_entity_modifier
[22:25:59] [Server thread/DEBUG] (FabricRegistrySync) Not saving registry: minecraft:worldgen/density_function_type
[22:25:59] [Server thread/DEBUG] (FabricRegistrySync) Not saving registry: minecraft:fluid
[22:25:59] [Server thread/DEBUG] (FabricRegistrySync) Not saving registry: minecraft:loot_condition_type
[22:25:59] [Server thread/DEBUG] (FabricRegistrySync) Not saving registry: minecraft:worldgen/structure_pool_element
[22:25:59] [Server thread/DEBUG] (FabricRegistrySync) Not saving registry: minecraft:activity
[22:25:59] [Server thread/DEBUG] (FabricRegistrySync) Not saving registry: minecraft:recipe_serializer
[22:25:59] [Server thread/DEBUG] (FabricRegistrySync) Not saving registry: minecraft:frog_variant
[22:25:59] [Server thread/DEBUG] (FabricRegistrySync) Not saving registry: minecraft:banner_pattern
[22:25:59] [Server thread/DEBUG] (FabricRegistrySync) Not saving registry: minecraft:instrument
[22:25:59] [Server thread/DEBUG] (FabricRegistrySync) Not saving registry: minecraft:decorated_pot_patterns
[22:25:59] [Server thread/DEBUG] (FabricRegistrySync) Not saving registry: minecraft:worldgen/feature_size_type
[22:25:59] [Server thread/DEBUG] (FabricRegistrySync) Not saving registry: minecraft:point_of_interest_type
[22:25:59] [Server thread/DEBUG] (FabricRegistrySync) Skipping un-modded registry: minecraft:mob_effect
[22:25:59] [Server thread/DEBUG] (FabricRegistrySync) Not saving registry: minecraft:loot_pool_entry_type
[22:25:59] [Server thread/DEBUG] (FabricRegistrySync) Not saving registry: minecraft:worldgen/block_state_provider_type
[22:25:59] [Server thread/DEBUG] (FabricRegistrySync) Not saving registry: minecraft:worldgen/chunk_generator
[22:25:59] [Server thread/DEBUG] (FabricRegistrySync) Not saving registry: minecraft:float_provider_type
[22:25:59] [Server thread/DEBUG] (FabricRegistrySync) Not saving registry: minecraft:chunk_status
[22:25:59] [Server thread/DEBUG] (FabricRegistrySync) Not saving registry: minecraft:enchantment
[22:25:59] [Server thread/DEBUG] (FabricRegistrySync) Not saving registry: minecraft:loot_function_type
[22:25:59] [Server thread/DEBUG] (FabricRegistrySync) Not saving registry: minecraft:worldgen/structure_processor
[22:25:59] [Server thread/DEBUG] (FabricRegistrySync) Not saving registry: minecraft:loot_score_provider_type
[22:25:59] [Server thread/DEBUG] (FabricRegistrySync) Not saving registry: minecraft:worldgen/tree_decorator_type
[22:25:59] [Server thread/DEBUG] (FabricRegistrySync) Not saving registry: minecraft:schedule
[22:25:59] [Server thread/DEBUG] (FabricRegistrySync) Not saving registry: minecraft:worldgen/material_condition
[22:25:59] [Server thread/DEBUG] (FabricRegistrySync) Not saving registry: minecraft:entity_type
[22:25:59] [Server thread/DEBUG] (FabricRegistrySync) Not saving registry: minecraft:villager_profession
[22:25:59] [Server thread/DEBUG] (FabricRegistrySync) Not saving registry: minecraft:potion
[22:25:59] [Server thread/DEBUG] (FabricRegistrySync) Not saving registry: minecraft:recipe_type
[22:25:59] [Server thread/DEBUG] (FabricRegistrySync) Not saving registry: minecraft:int_provider_type
[22:25:59] [Server thread/DEBUG] (FabricRegistrySync) Not saving registry: minecraft:worldgen/feature
[22:25:59] [Server thread/DEBUG] (FabricRegistrySync) Not saving registry: minecraft:cat_variant
[22:25:59] [Server thread/DEBUG] (FabricRegistrySync) Not saving registry: minecraft:pos_rule_test
[22:25:59] [Server thread/DEBUG] (FabricRegistrySync) Not saving registry: minecraft:worldgen/structure_placement
[22:25:59] [Server thread/DEBUG] (FabricRegistrySync) Not saving registry: minecraft:loot_nbt_provider_type
[22:25:59] [Server thread/DEBUG] (FabricRegistrySync) Not saving registry: minecraft:menu
[22:25:59] [Server thread/DEBUG] (FabricRegistrySync) Not saving registry: minecraft:worldgen/trunk_placer_type
[22:25:59] [Server thread/DEBUG] (FabricRegistrySync) Not saving registry: minecraft:creative_mode_tab
[22:25:59] [Server thread/DEBUG] (FabricRegistrySync) Not saving registry: minecraft:worldgen/placement_modifier_type
[22:25:59] [Server thread/DEBUG] (FabricRegistrySync) Not saving registry: minecraft:worldgen/carver
[22:25:59] [Server thread/DEBUG] (FabricRegistrySync) Not saving registry: minecraft:loot_number_provider_type
[22:25:59] [Server thread/DEBUG] (FabricRegistrySync) Not saving registry: minecraft:worldgen/structure_piece
[22:25:59] [Server thread/DEBUG] (FabricRegistrySync) Not saving registry: minecraft:sound_event
[22:25:59] [Server thread/DEBUG] (FabricRegistrySync) Not saving registry: minecraft:particle_type
[22:25:59] [Server thread/DEBUG] (FabricRegistrySync) Not saving registry: minecraft:game_event
[22:25:59] [Server thread/DEBUG] (FabricRegistrySync) Not saving registry: minecraft:worldgen/biome_source
[22:25:59] [Server thread/DEBUG] (FabricRegistrySync) Not saving registry: minecraft:worldgen/root_placer_type
[22:25:59] [Server thread/DEBUG] (FabricRegistrySync) Not saving registry: minecraft:villager_type
[22:25:59] [Server thread/DEBUG] (FabricRegistrySync) Not saving registry: minecraft:painting_variant
[22:25:59] [Server thread/DEBUG] (FabricRegistrySync) Not saving registry: minecraft:block_predicate_type
[22:25:59] [Server thread/DEBUG] (FabricRegistrySync) Not saving registry: minecraft:block
[22:25:59] [Server thread/DEBUG] (FabricRegistrySync) Not saving registry: minecraft:sensor_type
[22:25:59] [Server thread/DEBUG] (FabricRegistrySync) Not saving registry: minecraft:rule_test
[22:25:59] [Server thread/DEBUG] (FabricRegistrySync) Not saving registry: minecraft:memory_module_type
[22:25:59] [Server thread/DEBUG] (FabricRegistrySync) Not saving empty registry data
[22:25:59] [Server thread/INFO] (net.minecraft.server.network.ServerPlayNetworkHandler) Player150 lost connection: Disconnected
[22:25:59] [Server thread/INFO] (net.minecraft.server.MinecraftServer) Player150 left the game
[22:25:59] [Server thread/INFO] (net.minecraft.server.network.ServerPlayNetworkHandler) Stopping singleplayer server as player logged out
[22:25:59] [Server thread/INFO] (net.minecraft.server.MinecraftServer) Stopping server
[22:25:59] [Server thread/INFO] (net.minecraft.server.MinecraftServer) Saving players
[22:25:59] [Server thread/INFO] (net.minecraft.server.MinecraftServer) Saving worlds
[22:26:00] [Server thread/INFO] (net.minecraft.server.MinecraftServer) Saving chunks for level 'ServerLevel[New World]'/minecraft:overworld
[22:26:01] [Server thread/INFO] (net.minecraft.server.MinecraftServer) Saving chunks for level 'ServerLevel[New World]'/minecraft:the_end
[22:26:01] [Server thread/INFO] (net.minecraft.server.MinecraftServer) Saving chunks for level 'ServerLevel[New World]'/minecraft:the_nether
[22:26:01] [Server thread/DEBUG] (FabricRegistrySync) Starting registry save
[22:26:01] [Server thread/DEBUG] (FabricRegistrySync) Not saving registry: minecraft:command_argument_type
[22:26:01] [Server thread/DEBUG] (FabricRegistrySync) Not saving registry: minecraft:item
[22:26:01] [Server thread/DEBUG] (FabricRegistrySync) Not saving registry: minecraft:block_entity_type
[22:26:01] [Server thread/DEBUG] (FabricRegistrySync) Not saving registry: minecraft:custom_stat
[22:26:01] [Server thread/DEBUG] (FabricRegistrySync) Not saving registry: minecraft:worldgen/foliage_placer_type
[22:26:01] [Server thread/DEBUG] (FabricRegistrySync) Not saving registry: minecraft:stat_type
[22:26:01] [Server thread/DEBUG] (FabricRegistrySync) Not saving registry: minecraft:worldgen/material_rule
[22:26:01] [Server thread/DEBUG] (FabricRegistrySync) Not saving registry: minecraft:worldgen/structure_type
[22:26:01] [Server thread/DEBUG] (FabricRegistrySync) Not saving registry: minecraft:attribute
[22:26:01] [Server thread/DEBUG] (FabricRegistrySync) Not saving registry: minecraft:position_source_type
[22:26:01] [Server thread/DEBUG] (FabricRegistrySync) Not saving registry: minecraft:height_provider_type
[22:26:01] [Server thread/DEBUG] (FabricRegistrySync) Not saving registry: minecraft:rule_block_entity_modifier
[22:26:01] [Server thread/DEBUG] (FabricRegistrySync) Not saving registry: minecraft:worldgen/density_function_type
[22:26:01] [Server thread/DEBUG] (FabricRegistrySync) Not saving registry: minecraft:fluid
[22:26:01] [Server thread/DEBUG] (FabricRegistrySync) Not saving registry: minecraft:loot_condition_type
[22:26:01] [Server thread/DEBUG] (FabricRegistrySync) Not saving registry: minecraft:worldgen/structure_pool_element
[22:26:01] [Server thread/DEBUG] (FabricRegistrySync) Not saving registry: minecraft:activity
[22:26:01] [Server thread/DEBUG] (FabricRegistrySync) Not saving registry: minecraft:recipe_serializer
[22:26:01] [Server thread/DEBUG] (FabricRegistrySync) Not saving registry: minecraft:frog_variant
[22:26:01] [Server thread/DEBUG] (FabricRegistrySync) Not saving registry: minecraft:banner_pattern
[22:26:01] [Server thread/DEBUG] (FabricRegistrySync) Not saving registry: minecraft:instrument
[22:26:01] [Server thread/DEBUG] (FabricRegistrySync) Not saving registry: minecraft:decorated_pot_patterns
[22:26:01] [Server thread/DEBUG] (FabricRegistrySync) Not saving registry: minecraft:worldgen/feature_size_type
[22:26:01] [Server thread/DEBUG] (FabricRegistrySync) Not saving registry: minecraft:point_of_interest_type
[22:26:01] [Server thread/DEBUG] (FabricRegistrySync) Skipping un-modded registry: minecraft:mob_effect
[22:26:01] [Server thread/DEBUG] (FabricRegistrySync) Not saving registry: minecraft:loot_pool_entry_type
[22:26:01] [Server thread/DEBUG] (FabricRegistrySync) Not saving registry: minecraft:worldgen/block_state_provider_type
[22:26:01] [Server thread/DEBUG] (FabricRegistrySync) Not saving registry: minecraft:worldgen/chunk_generator
[22:26:01] [Server thread/DEBUG] (FabricRegistrySync) Not saving registry: minecraft:float_provider_type
[22:26:01] [Server thread/DEBUG] (FabricRegistrySync) Not saving registry: minecraft:chunk_status
[22:26:01] [Server thread/DEBUG] (FabricRegistrySync) Not saving registry: minecraft:enchantment
[22:26:01] [Server thread/DEBUG] (FabricRegistrySync) Not saving registry: minecraft:loot_function_type
[22:26:01] [Server thread/DEBUG] (FabricRegistrySync) Not saving registry: minecraft:worldgen/structure_processor
[22:26:01] [Server thread/DEBUG] (FabricRegistrySync) Not saving registry: minecraft:loot_score_provider_type
[22:26:01] [Server thread/DEBUG] (FabricRegistrySync) Not saving registry: minecraft:worldgen/tree_decorator_type
[22:26:01] [Server thread/DEBUG] (FabricRegistrySync) Not saving registry: minecraft:schedule
[22:26:01] [Server thread/DEBUG] (FabricRegistrySync) Not saving registry: minecraft:worldgen/material_condition
[22:26:01] [Server thread/DEBUG] (FabricRegistrySync) Not saving registry: minecraft:entity_type
[22:26:01] [Server thread/DEBUG] (FabricRegistrySync) Not saving registry: minecraft:villager_profession
[22:26:01] [Server thread/DEBUG] (FabricRegistrySync) Not saving registry: minecraft:potion
[22:26:01] [Server thread/DEBUG] (FabricRegistrySync) Not saving registry: minecraft:recipe_type
[22:26:01] [Server thread/DEBUG] (FabricRegistrySync) Not saving registry: minecraft:int_provider_type
[22:26:01] [Server thread/DEBUG] (FabricRegistrySync) Not saving registry: minecraft:worldgen/feature
[22:26:01] [Server thread/DEBUG] (FabricRegistrySync) Not saving registry: minecraft:cat_variant
[22:26:01] [Server thread/DEBUG] (FabricRegistrySync) Not saving registry: minecraft:pos_rule_test
[22:26:01] [Server thread/DEBUG] (FabricRegistrySync) Not saving registry: minecraft:worldgen/structure_placement
[22:26:01] [Server thread/DEBUG] (FabricRegistrySync) Not saving registry: minecraft:loot_nbt_provider_type
[22:26:01] [Server thread/DEBUG] (FabricRegistrySync) Not saving registry: minecraft:menu
[22:26:01] [Server thread/DEBUG] (FabricRegistrySync) Not saving registry: minecraft:worldgen/trunk_placer_type
[22:26:01] [Server thread/DEBUG] (FabricRegistrySync) Not saving registry: minecraft:creative_mode_tab
[22:26:01] [Server thread/DEBUG] (FabricRegistrySync) Not saving registry: minecraft:worldgen/placement_modifier_type
[22:26:01] [Server thread/DEBUG] (FabricRegistrySync) Not saving registry: minecraft:worldgen/carver
[22:26:01] [Server thread/DEBUG] (FabricRegistrySync) Not saving registry: minecraft:loot_number_provider_type
[22:26:01] [Server thread/DEBUG] (FabricRegistrySync) Not saving registry: minecraft:worldgen/structure_piece
[22:26:01] [Server thread/DEBUG] (FabricRegistrySync) Not saving registry: minecraft:sound_event
[22:26:01] [Server thread/DEBUG] (FabricRegistrySync) Not saving registry: minecraft:particle_type
[22:26:01] [Server thread/DEBUG] (FabricRegistrySync) Not saving registry: minecraft:game_event
[22:26:01] [Server thread/DEBUG] (FabricRegistrySync) Not saving registry: minecraft:worldgen/biome_source
[22:26:01] [Server thread/DEBUG] (FabricRegistrySync) Not saving registry: minecraft:worldgen/root_placer_type
[22:26:01] [Server thread/DEBUG] (FabricRegistrySync) Not saving registry: minecraft:villager_type
[22:26:01] [Server thread/DEBUG] (FabricRegistrySync) Not saving registry: minecraft:painting_variant
[22:26:01] [Server thread/DEBUG] (FabricRegistrySync) Not saving registry: minecraft:block_predicate_type
[22:26:01] [Server thread/DEBUG] (FabricRegistrySync) Not saving registry: minecraft:block
[22:26:01] [Server thread/DEBUG] (FabricRegistrySync) Not saving registry: minecraft:sensor_type
[22:26:01] [Server thread/DEBUG] (FabricRegistrySync) Not saving registry: minecraft:rule_test
[22:26:01] [Server thread/DEBUG] (FabricRegistrySync) Not saving registry: minecraft:memory_module_type
[22:26:01] [Server thread/DEBUG] (FabricRegistrySync) Not saving empty registry data
[22:26:01] [Server thread/INFO] (net.minecraft.server.MinecraftServer) ThreadedAnvilChunkStorage (New World): All chunks are saved
[22:26:01] [Server thread/INFO] (net.minecraft.server.MinecraftServer) ThreadedAnvilChunkStorage (DIM1): All chunks are saved
[22:26:01] [Server thread/INFO] (net.minecraft.server.MinecraftServer) ThreadedAnvilChunkStorage (DIM-1): All chunks are saved
[22:26:01] [Server thread/INFO] (net.minecraft.server.MinecraftServer) ThreadedAnvilChunkStorage: All dimensions are saved
[22:26:04] [Render thread/INFO] (net.minecraft.client.MinecraftClient) Stopping!
